{"type":"FeatureCollection","features":[{"type":"Feature","geometry":{"type":"Polygon","coordinates":[[[-105.073,39.5453],[-105.0861,39.4949],[-105.135,39.4708],[-105.1235,39.4343],[-105.1713,39.4069],[-105.1664,39.363],[-105.2192,39.2705],[-105.2636,39.2288],[-105.2874,39.1794],[-105.31,39.1635],[-105.3294,39.1295],[-105.0335,39.1298],[-104.5518,39.1294],[-104.5481,39.0425],[-104.4048,39.041],[-104.3679,38.9975],[-104.3679,38.9541],[-104.331,38.9543],[-104.3327,38.882],[-104.3137,38.8534],[-104.3137,38.7813],[-104.2768,38.7814],[-104.2755,38.5211],[-104.0539,38.5224],[-104.0547,38.2619],[-104.0582,38.1465],[-103.9947,38.1467],[-103.934,38.1244],[-103.8687,38.1288],[-103.8356,38.1133],[-103.6192,38.1134],[-103.6193,38.1715],[-103.5094,38.1725],[-103.5099,38.2641],[-103.3999,38.2654],[-103.3988,38.125],[-103.3999,37.8228],[-103.4043,37.6436],[-103.0759,37.6434],[-103.0747,37.3818],[-103.0825,37.3816],[-103.0863,37.1434],[-103.0861,37.0002],[-103.0022,37.0001],[-102.8125,36.9997],[-102.6981,36.9951],[-102.0421,36.993],[-102.042,37.3526],[-102.0416,37.6804],[-102.0446,38.0455],[-102.0453,38.4536],[-102.0454,38.8134],[-102.0484,39.3031],[-102.0504,39.646],[-102.0517,40.0031],[-102.0513,40.3384],[-102.0513,40.7496],[-102.0516,41.0024],[-102.5568,41.0022],[-102.8658,41.002],[-103.4974,41.0016],[-104.0532,41.0014],[-104.676,41.001],[-104.9434,40.9981],[-104.9431,40.9034],[-104.9875,40.7779],[-105.0317,40.7708],[-105.0389,40.7982],[-105.0761,40.7982],[-105.0761,40.7284],[-105.0683,40.6641],[-105.0531,40.6539],[-105.0007,40.6535],[-104.9962,40.5814],[-104.9442,40.5809],[-104.9442,40.5081],[-104.9634,40.4794],[-104.9921,40.4647],[-105.0965,40.4654],[-105.1413,40.4364],[-105.1317,40.3748],[-105.0972,40.3747],[-105.0973,40.3495],[-104.9817,40.3492],[-104.9924,40.405],[-104.9071,40.4073],[-104.8604,40.4213],[-104.8414,40.4434],[-104.8322,40.5089],[-104.6589,40.5086],[-104.6591,40.4935],[-104.5076,40.4935],[-104.5081,40.3993],[-104.4459,40.3743],[-104.4151,40.3514],[-104.4156,40.3255],[-104.4622,40.3482],[-104.4895,40.3487],[-104.4896,40.3196],[-104.5272,40.3196],[-104.5276,40.276],[-104.6024,40.276],[-104.6031,40.1167],[-104.6217,40.0895],[-104.6979,40.0157],[-104.6971,40.0005],[-104.6406,40.0006],[-104.6404,39.9067],[-104.5996,39.899],[-104.6192,39.8732],[-104.6197,39.8269],[-104.4893,39.825],[-104.489,39.767],[-104.4709,39.7384],[-104.6022,39.7399],[-104.6221,39.7255],[-104.6221,39.691],[-104.5843,39.667],[-104.7255,39.6675],[-104.7525,39.6529],[-104.754,39.624],[-104.7163,39.6294],[-104.6511,39.6167],[-104.6608,39.5743],[-104.6796,39.5507],[-104.7367,39.5513],[-104.7366,39.5659],[-105.0487,39.5661],[-105.073,39.5453]]]},"properties":{"district_code":"CO-04","state_code":"CO","state_name":"Colorado","district_number":"04","label":"Colorado — District 4"}},{"type":"Feature","geometry":{"type":"Polygon","coordinates":[[[-79.4767,39.7211],[-79.4824,39.5317],[-79.4869,39.206],[-79.4698,39.2037],[-79.4244,39.2282],[-79.3788,39.2718],[-79.282,39.323],[-79.2494,39.3556],[-79.2143,39.3635],[-79.129,39.4295],[-79.0833,39.4714],[-79.0339,39.4678],[-78.9568,39.4403],[-78.9336,39.4862],[-78.9165,39.4865],[-78.8747,39.5226],[-78.826,39.5888],[-78.7775,39.6217],[-78.7675,39.5875],[-78.6895,39.5458],[-78.656,39.5347],[-78.623,39.5395],[-78.5659,39.5194],[-78.5214,39.5248],[-78.4686,39.5168],[-78.4504,39.5379],[-78.4173,39.5496],[-78.4544,39.5743],[-78.4206,39.6032],[-78.4205,39.624],[-78.3625,39.626],[-78.3519,39.6405],[-78.2668,39.6188],[-78.2541,39.6401],[-78.1714,39.6956],[-78.0775,39.6689],[-78.036,39.6357],[-78.0113,39.6041],[-77.939,39.5871],[-77.9233,39.6049],[-77.8851,39.6158],[-77.838,39.6061],[-77.8422,39.5643],[-77.8785,39.5635],[-77.8661,39.5177],[-77.8457,39.4986],[-77.7956,39.4896],[-77.7861,39.4472],[-77.7531,39.4233],[-77.7363,39.3877],[-77.7533,39.3783],[-77.7558,39.3339],[-77.7195,39.3213],[-77.6758,39.3242],[-77.6159,39.3027],[-77.5666,39.3061],[-77.5432,39.2669],[-77.4868,39.2476],[-77.4577,39.225],[-77.486,39.1857],[-77.5052,39.182],[-77.5273,39.1462],[-77.5153,39.1186],[-77.4858,39.1093],[-77.4626,39.0762],[-77.3751,39.0613],[-77.3421,39.0628],[-77.3333,39.1351],[-77.3079,39.1462],[-77.2639,39.1162],[-77.2135,39.1007],[-77.1709,39.1281],[-77.1742,39.1538],[-77.2107,39.1844],[-77.2059,39.2203],[-77.1643,39.2533],[-77.1719,39.2847],[-77.1447,39.2947],[-77.1868,39.3382],[-77.1582,39.3735],[-77.1342,39.4317],[-77.1068,39.4917],[-77.2001,39.5786],[-77.2508,39.6016],[-77.2998,39.6123],[-77.243,39.695],[-77.217,39.72],[-77.7241,39.7209],[-78.0991,39.7223],[-78.5377,39.7225],[-78.8084,39.7229],[-79.4767,39.7211]]]},"properties":{"district_code":"MD-06","state_code":"MD","state_name":"Maryland","district_number":"06","label":"Maryland — District 6"}},{"type":"Feature","geometry":{"type":"Polygon","coordinates":[[[-92.6797,37.2424],[-92.6859,37.0671],[-92.9033,37.0707],[-92.9093,36.8092],[-92.7649,36.8061],[-92.7723,36.4978],[-92.3503,36.4978],[-91.9858,36.4984],[-91.5369,36.4992],[-91.4049,36.4971],[-91.1265,36.4977],[-90.7112,36.4983],[-90.1544,36.4968],[-90.135,36.4137],[-90.0804,36.4008],[-90.0645,36.3821],[-90.082,36.3221],[-90.064,36.303],[-90.0837,36.2723],[-90.1149,36.2656],[-90.1422,36.2275],[-90.2204,36.1848],[-90.2488,36.1298],[-90.2931,36.1144],[-90.3207,36.0871],[-90.3371,36.0478],[-90.3779,35.9957],[-90.1273,35.9976],[-89.7331,36.0008],[-89.7069,36.001],[-89.6873,36.034],[-89.68,36.0825],[-89.594,36.1272],[-89.607,36.1712],[-89.6926,36.225],[-89.6952,36.2528],[-89.5873,36.2395],[-89.5347,36.2526],[-89.5355,36.2705],[-89.6118,36.3091],[-89.6107,36.3404],[-89.5318,36.3392],[-89.5097,36.3736],[-89.5423,36.4201],[-89.5227,36.4813],[-89.5392,36.4979],[-89.5712,36.5473],[-89.5526,36.5772],[-89.4848,36.5718],[-89.4659,36.5299],[-89.4854,36.4975],[-89.4862,36.4616],[-89.4642,36.4572],[-89.4173,36.499],[-89.3828,36.5836],[-89.3755,36.6157],[-89.3267,36.6322],[-89.2946,36.5937],[-89.2583,36.5649],[-89.2273,36.5694],[-89.2026,36.6016],[-89.1977,36.6289],[-89.1591,36.6664],[-89.1995,36.716],[-89.1978,36.7394],[-89.1669,36.7596],[-89.1261,36.7517],[-89.1168,36.7756],[-89.1774,36.8073],[-89.1734,36.8398],[-89.138,36.8473],[-89.1176,36.8874],[-89.0996,36.9645],[-89.1327,36.9822],[-89.17,36.9703],[-89.1921,36.98],[-89.1985,37.0117],[-89.2599,37.0641],[-89.3077,37.0697],[-89.3014,37.045],[-89.2576,37.0155],[-89.2921,36.9922],[-89.3172,37.0128],[-89.3783,37.0396],[-89.3756,37.0859],[-89.4145,37.1251],[-89.4619,37.1995],[-89.4607,37.2506],[-89.4899,37.2513],[-89.5183,37.2855],[-89.4912,37.3314],[-89.436,37.3444],[-89.4225,37.3971],[-89.4341,37.4268],[-89.4712,37.4665],[-89.5164,37.5356],[-89.5165,37.5845],[-89.4784,37.5989],[-89.5177,37.6412],[-89.512,37.6855],[-89.5257,37.6984],[-89.5833,37.7133],[-89.6173,37.7497],[-89.6495,37.7455],[-89.668,37.7595],[-89.6604,37.7863],[-89.7399,37.8469],[-89.7961,37.8595],[-89.798,37.8797],[-89.8448,37.9056],[-89.9018,37.8698],[-89.9525,37.8832],[-89.9742,37.9192],[-89.9408,37.971],[-90.0053,37.968],[-90.0594,38.0155],[-90.0938,38.0178],[-90.1262,38.0407],[-90.1308,38.0623],[-90.1772,38.0712],[-90.2431,38.1127],[-90.2749,38.1576],[-90.3224,38.1816],[-90.3539,38.2139],[-90.3727,38.2862],[-90.3682,38.3403],[-90.3413,38.3882],[-90.3536,38.4582],[-90.4087,38.4525],[-90.422,38.4782],[-90.4053,38.5006],[-90.5125,38.5013],[-90.5137,38.331],[-90.5191,38.1837],[-90.5097,38.1545],[-90.5378,38.1075],[-90.6175,38.0899],[-90.64,38.0765],[-90.6451,37.7348],[-90.7619,37.7372],[-90.8741,37.7342],[-90.9653,37.7385],[-91.1465,37.7408],[-91.147,37.6972],[-91.3107,37.7],[-91.3083,37.7872],[-91.5288,37.789],[-91.525,38.1524],[-91.6306,38.1535],[-91.6324,38.051],[-91.7533,38.0532],[-91.8951,38.0512],[-91.9663,38.0097],[-92.0212,38.0106],[-92.0225,37.8807],[-92.0293,37.6025],[-92.2495,37.6045],[-92.2523,37.4729],[-92.4682,37.4757],[-92.6867,37.4815],[-92.6923,37.2635],[-92.6797,37.2424]]]},"properties":{"district_code":"MO-08","state_code":"MO","state_name":"Missouri","district_number":"08","label":"Missouri — District 8"}},{"type":"Feature","geometry":{"type":"Polygon","coordinates":[[[-115.1775,36.1371],[-115.243,36.1442],[-115.247,36.2256],[-115.2789,36.2262],[-115.2787,36.263],[-115.331,36.2626],[-115.3335,36.3209],[-115.4033,36.3062],[-115.424,36.2931],[-115.4235,36.1885],[-115.3878,36.145],[-115.4264,36.1292],[-115.4744,36.1439],[-115.5033,36.1632],[-115.5314,36.1315],[-115.5735,36.1089],[-115.5788,36.1671],[-115.6684,36.1612],[-115.6818,36.1478],[-115.7285,36.1476],[-115.7822,36.125],[-115.8458,36.122],[-115.846,35.9642],[-115.648,35.8096],[-115.2713,35.5127],[-114.9482,35.2552],[-114.6335,35.0019],[-114.6369,35.0284],[-114.6047,35.0748],[-114.6468,35.1019],[-114.6323,35.1171],[-114.5783,35.1288],[-114.5695,35.1623],[-114.5952,35.3242],[-114.6268,35.4096],[-114.6528,35.4308],[-114.6787,35.4988],[-114.6572,35.5323],[-114.6588,35.5883],[-115.0373,35.5887],[-115.2073,35.5903],[-115.2098,35.6528],[-115.207,35.8973],[-115.1816,35.9619],[-115.1548,35.9929],[-115.1189,36.0039],[-115.1187,36.0716],[-115.1805,36.0767],[-115.1775,36.1371]]]},"properties":{"district_code":"NV-03","state_code":"NV","state_name":"Nevada","district_number":"03","label":"Nevada — District 3"}},{"type":"Feature","geometry":{"type":"MultiPolygon","coordinates":[[[[-94.9784,29.6837],[-94.9592,29.6362],[-94.9414,29.6534],[-94.9532,29.6775],[-94.9784,29.6837]]],[[[-95.2603,29.5899],[-95.254,29.5539],[-95.2163,29.5558],[-95.1639,29.4981],[-95.1039,29.5113],[-95.0643,29.5588],[-95.0171,29.5487],[-94.9827,29.6013],[-95.0152,29.6325],[-95.001,29.6647],[-94.9822,29.6769],[-94.9784,29.709],[-94.9427,29.6978],[-94.9205,29.6571],[-94.8726,29.6713],[-94.8511,29.7214],[-94.8152,29.7585],[-94.7312,29.7896],[-94.6959,29.7591],[-94.6894,29.6933],[-94.7013,29.6394],[-94.7626,29.5242],[-94.5451,29.5719],[-94.5215,29.5408],[-94.4723,29.557],[-94.4229,29.5663],[-94.4065,29.5983],[-94.3795,29.617],[-94.3539,29.6115],[-94.358,29.8875],[-94.3229,29.8876],[-94.2688,29.9316],[-94.251,29.9261],[-94.2039,29.9828],[-94.2223,30.0237],[-94.1892,30.0238],[-94.2116,30.0765],[-94.19,30.0912],[-94.1496,30.0933],[-94.1154,30.079],[-94.0864,30.089],[-94.0743,30.1165],[-94.1135,30.1483],[-94.1105,30.1878],[-94.1174,30.2417],[-93.7052,30.2439],[-93.7046,30.2899],[-93.7439,30.304],[-93.763,30.3441],[-93.7568,30.3912],[-93.7417,30.403],[-93.6993,30.4374],[-93.7168,30.4819],[-93.7073,30.5114],[-93.7338,30.5314],[-93.7136,30.5874],[-93.6787,30.5941],[-93.6831,30.6408],[-93.6204,30.6942],[-93.6083,30.7478],[-93.5921,30.7637],[-93.5531,30.8331],[-93.5741,30.8845],[-93.5492,30.8974],[-93.5309,30.9245],[-93.5318,30.9582],[-93.5693,30.9762],[-93.5782,31],[-93.5391,31.0083],[-93.5189,31.0619],[-93.5522,31.0789],[-93.5397,31.1144],[-93.5489,31.1866],[-93.5885,31.1656],[-93.6003,31.1762],[-93.9111,31.1581],[-94.039,31.1343],[-94.0509,31.1146],[-94.1296,31.0993],[-94.4578,31.0333],[-94.5619,31.059],[-94.658,31.012],[-94.5947,30.7371],[-94.5379,30.4911],[-94.7753,30.489],[-94.8304,30.4925],[-95.0066,30.414],[-95.1659,30.345],[-95.104,30.1865],[-95.0312,29.9933],[-94.9998,29.9913],[-94.9859,29.973],[-95.0318,29.9378],[-95.0616,29.8887],[-95.0358,29.8884],[-95.0279,29.8421],[-95.0028,29.8424],[-94.9976,29.8023],[-95.0077,29.7771],[-95.0709,29.7956],[-95.1242,29.7709],[-95.1488,29.7717],[-95.173,29.7469],[-95.1711,29.6949],[-95.193,29.6787],[-95.225,29.6084],[-95.2603,29.5899]]]]},"properties":{"district_code":"TX-36","state_code":"TX","state_name":"Texas","district_number":"36","label":"Texas — District 36"}},{"type":"Feature","geometry":{"type":"Polygon","coordinates":[[[-114.0499,38.6774],[-114.0494,38.2647],[-114.0504,38],[-114.0497,37.8236],[-114.053,37.5928],[-114.0518,37.4181],[-114.0506,37.0004],[-113.6243,37.0001],[-113.2745,37.0001],[-112.8295,37.0004],[-112.3577,37.001],[-111.8654,37.0013],[-111.413,37.0015],[-111.3714,37.0016],[-111.3151,37.0123],[-111.2983,37.0435],[-111.2682,37.0541],[-111.251,37.0256],[-111.1665,37.1057],[-111.1392,37.0886],[-111.1015,37.1028],[-110.9987,37.1112],[-110.9618,37.1236],[-110.9557,37.1495],[-110.9283,37.1549],[-110.9251,37.1778],[-110.8896,37.1949],[-110.8976,37.2108],[-110.8641,37.2563],[-110.873,37.2869],[-110.8411,37.2964],[-110.8389,37.3152],[-110.8682,37.3287],[-110.8567,37.3485],[-110.8045,37.3209],[-110.777,37.323],[-110.7398,37.3448],[-110.7193,37.4002],[-110.6997,37.4303],[-110.7261,37.4357],[-110.7204,37.4803],[-110.6676,37.4777],[-110.6639,37.5184],[-110.6373,37.553],[-110.5984,37.5725],[-110.5995,37.6049],[-110.5674,37.6137],[-110.4863,37.6744],[-110.4884,37.702],[-110.4485,37.7379],[-110.4448,37.7614],[-110.477,37.8],[-110.4389,37.8058],[-110.433,37.834],[-110.4027,37.8522],[-110.4042,37.8809],[-110.3576,37.8929],[-110.3014,37.8901],[-110.2625,37.8993],[-110.2163,37.8926],[-110.1984,37.9159],[-110.2018,37.9469],[-110.1657,37.9676],[-110.1363,38.0052],[-110.0766,37.9997],[-110.0676,38.0384],[-110.0136,38.1081],[-109.9941,38.1004],[-109.9293,38.1404],[-109.9326,38.1572],[-109.9035,38.1784],[-109.8886,38.2302],[-109.9508,38.2939],[-109.9644,38.3397],[-110.0313,38.3844],[-110.0032,38.4161],[-110.0186,38.4463],[-110.002,38.4817],[-110.0253,38.5],[-110.8334,38.5],[-111.3057,38.5],[-111.307,38.6723],[-111.2991,38.6723],[-111.2994,39.0323],[-111.6488,39.0323],[-111.8534,39.0334],[-111.8499,39.0456],[-112.0141,39.0455],[-112.016,39.3146],[-112.0722,39.3149],[-112.0721,39.3297],[-112.1889,39.3294],[-112.1936,39.3731],[-112.1933,39.4898],[-112.212,39.5116],[-112.1932,39.526],[-112.212,39.554],[-112.3545,39.5537],[-112.3009,39.6462],[-112.2113,39.7062],[-112.18,39.7574],[-112.1149,39.7571],[-112.0768,39.8001],[-112.0683,39.8275],[-112.0812,39.8651],[-112.0591,39.8804],[-112.0626,39.9047],[-112.1036,39.9288],[-112.1101,39.9738],[-112.1327,39.9775],[-112.1798,40.0117],[-112.1722,40.0683],[-112.1509,40.1073],[-112.1761,40.1308],[-112.1467,40.1784],[-112.1495,40.2122],[-112.1797,40.2322],[-112.1985,40.3123],[-112.1755,40.3358],[-112.1992,40.3825],[-112.1947,40.4211],[-112.2122,40.4593],[-112.1716,40.4712],[-112.1875,40.5141],[-112.1753,40.604],[-112.1903,40.628],[-112.035,40.6312],[-112.0247,40.6821],[-111.8655,40.6871],[-111.8309,40.6871],[-111.8387,40.7498],[-111.8911,40.7498],[-111.8911,40.7743],[-111.9176,40.8058],[-111.8534,40.8347],[-111.8343,40.8561],[-111.8342,40.8856],[-111.8677,40.9221],[-111.88,40.9524],[-111.8802,40.9981],[-111.9017,41.0129],[-111.9734,40.9861],[-112.049,40.9921],[-112.0657,41.0218],[-112.0975,41.0353],[-112.1268,41.0892],[-112.4516,41.0873],[-112.7994,40.9999],[-113.0591,40.9999],[-114.0421,40.9999],[-114.0432,40.7717],[-114.0462,40.3983],[-114.0466,39.9969],[-114.0473,39.7594],[-114.0479,39.4558],[-114.0491,39.0055],[-114.0499,38.6774]]]},"properties":{"district_code":"UT-02","state_code":"UT","state_name":"Utah","district_number":"02","label":"Utah — District 2"}},{"type":"Feature","geometry":{"type":"Polygon","coordinates":[[[-157.6498,21.3107],[-157.7064,21.3166],[-157.7872,21.3411],[-157.8384,21.4178],[-157.8725,21.4398],[-157.905,21.4988],[-157.9961,21.4853],[-158.028,21.49],[-158.0275,21.4138],[-158.0192,21.3903],[-158.0519,21.3737],[-158.09,21.3283],[-158.086,21.2958],[-157.9783,21.3159],[-157.9472,21.3038],[-157.8867,21.3066],[-157.7959,21.2572],[-157.7644,21.2752],[-157.7194,21.2844],[-157.7093,21.2597],[-157.651,21.2988],[-157.6498,21.3107]]]},"properties":{"district_code":"HI-01","state_code":"HI","state_name":"Hawaii","district_number":"01","label":"Hawaii — District 1"}},{"type":"Feature","geometry":{"type":"Polygon","coordinates":[[[-97.0805,32.6915],[-97.0628,32.6775],[-97.0703,32.627],[-97.0451,32.5924],[-97.0614,32.5854],[-97.0527,32.5488],[-96.5297,32.5453],[-96.5616,32.5556],[-96.5887,32.6059],[-96.6222,32.6177],[-96.5821,32.6524],[-96.5884,32.6698],[-96.5753,32.7033],[-96.6487,32.7],[-96.6588,32.7342],[-96.7001,32.778],[-96.7332,32.7776],[-96.7758,32.793],[-96.7861,32.8221],[-96.8181,32.8227],[-96.8213,32.8512],[-96.8541,32.8601],[-96.8416,32.8302],[-96.8736,32.8142],[-96.8103,32.7588],[-96.8146,32.7075],[-96.8828,32.7058],[-96.9435,32.7208],[-96.9697,32.6944],[-96.9942,32.7095],[-97.0626,32.7061],[-97.0805,32.6915]]]},"properties":{"district_code":"TX-30","state_code":"TX","state_name":"Texas","district_number":"30","label":"Texas — District 30"}},{"type":"Feature","geometry":{"type":"Polygon","coordinates":[[[-118.3089,33.817],[-118.2983,33.8131],[-118.3096,33.7468],[-118.3329,33.7221],[-118.2882,33.706],[-118.2433,33.7425],[-118.2454,33.7639],[-118.2154,33.7917],[-118.1894,33.7899],[-118.1845,33.8186],[-118.125,33.8324],[-118.1251,33.869],[-118.1426,33.8829],[-118.1492,33.9137],[-118.1704,33.9236],[-118.1563,33.951],[-118.2257,33.9654],[-118.2286,33.9483],[-118.2168,33.9123],[-118.1867,33.9071],[-118.1879,33.8815],[-118.2155,33.8695],[-118.3091,33.8656],[-118.3089,33.817]]]},"properties":{"district_code":"CA-44","state_code":"CA","state_name":"California","district_number":"44","label":"California — District 44"}},{"type":"Feature","geometry":{"type":"Polygon","coordinates":[[[-85.056,32.0631],[-85.0551,32.0107],[-85.0982,31.9263],[-85.1401,31.8588],[-85.1329,31.7924],[-85.1419,31.782],[-85.1189,31.7327],[-85.1255,31.695],[-85.0575,31.6186],[-85.058,31.5708],[-85.0413,31.541],[-85.0716,31.4684],[-85.0755,31.4248],[-85.0922,31.3646],[-85.0842,31.3283],[-85.0898,31.295],[-85.1133,31.2643],[-85.0968,31.2257],[-85.107,31.2027],[-85.1002,31.1655],[-85.0766,31.1569],[-85.0547,31.1208],[-85.0356,31.1082],[-85.0286,31.0746],[-85.0114,31.0535],[-85.0025,31.0007],[-85.004,30.9735],[-84.9825,30.9656],[-84.9836,30.937],[-84.9343,30.8819],[-84.927,30.8392],[-84.9374,30.8209],[-84.918,30.7781],[-84.8647,30.7115],[-84.5394,30.6968],[-84.0572,30.6747],[-83.7437,30.6584],[-83.7362,31.0377],[-84.0039,31.0416],[-83.9975,31.476],[-83.9962,31.6252],[-83.9934,31.65],[-84.0124,31.663],[-84.032,31.714],[-83.9866,31.7696],[-84.0064,31.8038],[-83.9798,31.8094],[-83.9277,31.8619],[-83.932,31.8988],[-83.9191,31.9231],[-83.9249,31.9477],[-83.9613,32.0306],[-83.6097,32.0279],[-83.6064,32.2884],[-83.8484,32.291],[-83.8468,32.3577],[-83.837,32.3822],[-83.8367,32.4393],[-83.7977,32.447],[-83.7977,32.4966],[-83.749,32.5052],[-83.7482,32.5334],[-83.7199,32.5318],[-83.7091,32.6212],[-83.6449,32.6183],[-83.6228,32.5863],[-83.5794,32.5736],[-83.5351,32.5866],[-83.5429,32.6258],[-83.5628,32.6597],[-83.6066,32.6735],[-83.593,32.7389],[-83.5787,32.7381],[-83.5026,32.8011],[-83.4894,32.8241],[-83.5234,32.8413],[-83.5651,32.8772],[-83.5982,32.8878],[-83.6819,32.8594],[-83.7402,32.8535],[-83.7468,32.8356],[-83.7899,32.8193],[-83.8369,32.8326],[-83.8728,32.8595],[-83.8919,32.8484],[-84.1243,32.8496],[-84.1243,32.8009],[-84.1493,32.8012],[-84.1957,32.7038],[-84.2292,32.7327],[-84.2843,32.7445],[-84.3028,32.7614],[-84.3397,32.7627],[-84.391,32.787],[-84.4149,32.8345],[-84.4573,32.8299],[-84.4983,32.8836],[-84.5707,32.8452],[-84.7005,32.8446],[-84.6924,32.8294],[-84.6946,32.5839],[-84.9079,32.5834],[-84.9077,32.6076],[-84.9818,32.6077],[-84.9669,32.542],[-84.9269,32.5447],[-84.9363,32.5085],[-84.9837,32.4905],[-85.0003,32.5071],[-84.9935,32.4507],[-84.9718,32.4428],[-84.9868,32.3591],[-85.0019,32.322],[-84.9338,32.2983],[-84.9015,32.2574],[-84.9301,32.2191],[-84.9721,32.2183],[-84.9646,32.1952],[-85.0085,32.1819],[-85.0621,32.1325],[-85.0455,32.0869],[-85.056,32.0631]]]},"properties":{"district_code":"GA-02","state_code":"GA","state_name":"Georgia","district_number":"02","label":"Georgia — District 2"}},{"type":"Feature","geometry":{"type":"Polygon","coordinates":[[[-71.0536,42.8331],[-70.9996,42.8105],[-71.0589,42.7325],[-71.1186,42.7366],[-71.1342,42.7215],[-71.1392,42.6844],[-71.1855,42.6759],[-71.2149,42.7013],[-71.2425,42.6623],[-71.2752,42.6562],[-71.2778,42.6208],[-71.2963,42.6127],[-71.2257,42.58],[-71.2642,42.5529],[-71.2587,42.5376],[-71.3035,42.5201],[-71.3213,42.4805],[-71.2897,42.4662],[-71.2409,42.49],[-71.2122,42.4664],[-71.1689,42.4871],[-71.17,42.5155],[-71.1355,42.53],[-71.1198,42.5003],[-71.0901,42.5012],[-71.0108,42.4346],[-70.9661,42.4435],[-70.922,42.4667],[-70.8943,42.4609],[-70.8474,42.4939],[-70.864,42.5186],[-70.8611,42.5451],[-70.7775,42.5594],[-70.7401,42.5748],[-70.7103,42.5726],[-70.6808,42.5935],[-70.6356,42.6002],[-70.6056,42.6349],[-70.6363,42.6903],[-70.6912,42.6558],[-70.7305,42.6666],[-70.7761,42.6913],[-70.7723,42.7111],[-70.8052,42.7818],[-70.8173,42.8723],[-70.8486,42.8609],[-70.8861,42.8826],[-70.9308,42.8846],[-70.9665,42.869],[-71.0312,42.8591],[-71.0536,42.8331]]]},"properties":{"district_code":"MA-06","state_code":"MA","state_name":"Massachusetts","district_number":"06","label":"Massachusetts — District 6"}},{"type":"Feature","geometry":{"type":"Polygon","coordinates":[[[-78.457,36.5425],[-78.4962,36.51],[-78.5112,36.4548],[-78.5083,36.183],[-78.4966,36.1752],[-78.5448,36.0807],[-78.5464,36.0218],[-78.4269,35.975],[-78.3943,35.9369],[-78.3533,35.9311],[-78.351,35.9101],[-78.3076,35.8949],[-78.278,35.8673],[-78.256,35.8181],[-78.2491,35.7724],[-78.2041,35.7281],[-78.1603,35.711],[-78.1575,35.6853],[-78.1256,35.6031],[-78.0648,35.5853],[-78.058,35.5978],[-77.9984,35.5856],[-77.9539,35.5858],[-77.8225,35.5854],[-77.8267,35.4241],[-77.7999,35.3823],[-77.7777,35.3677],[-77.6975,35.3771],[-77.6793,35.3475],[-77.6373,35.3545],[-77.607,35.3795],[-77.5893,35.3738],[-77.4522,35.4303],[-77.4109,35.4306],[-77.3968,35.4501],[-77.3671,35.4308],[-77.347,35.5251],[-77.3507,35.567],[-77.3246,35.5717],[-77.2341,35.5273],[-77.1738,35.4726],[-77.1762,35.5191],[-77.1274,35.5538],[-77.0913,35.5693],[-77.1438,35.6013],[-77.1682,35.6312],[-77.1698,35.6843],[-77.1939,35.7092],[-77.1638,35.7395],[-76.9858,35.6588],[-76.8473,35.72],[-76.8446,35.7057],[-76.5456,35.7051],[-76.2692,35.6908],[-76.2979,35.609],[-76.2137,35.5984],[-76.1777,35.6552],[-76.1759,35.6907],[-76.1416,35.7028],[-76.0926,35.6698],[-76.0451,35.6656],[-76.0364,35.6884],[-76.0609,35.7168],[-76.0505,35.8067],[-76.0632,35.8534],[-76.0402,35.8947],[-76.0128,35.9219],[-76.025,35.9698],[-76.0625,35.9907],[-76.1705,35.9945],[-76.2826,35.9675],[-76.3254,35.9386],[-76.3708,35.9344],[-76.3996,35.9821],[-76.5538,35.9402],[-76.6624,35.9321],[-76.7067,35.9449],[-76.7192,35.9651],[-76.6819,35.9896],[-76.7038,36.0106],[-76.7056,36.0426],[-76.7309,36.0747],[-76.7342,36.1039],[-76.7542,36.1475],[-76.7499,36.2114],[-76.6978,36.2717],[-76.6722,36.272],[-76.7107,36.2233],[-76.7214,36.1478],[-76.705,36.1099],[-76.6886,36.107],[-76.6919,36.0663],[-76.6765,36.0436],[-76.6356,36.0371],[-76.6163,36.0546],[-76.5804,36.0106],[-76.5141,36.0065],[-76.4603,36.0241],[-76.4042,36.0788],[-76.3159,36.1009],[-76.3464,36.121],[-76.3717,36.1178],[-76.458,36.1853],[-76.4381,36.1918],[-76.3903,36.1625],[-76.3736,36.1382],[-76.3233,36.1348],[-76.2579,36.1064],[-76.2137,36.0961],[-76.2069,36.1375],[-76.1666,36.1237],[-76.0717,36.1402],[-76.0593,36.1493],[-76.0801,36.1994],[-76.1172,36.2135],[-76.1443,36.2589],[-76.1739,36.2636],[-76.2158,36.3002],[-76.1922,36.3281],[-76.2589,36.3843],[-76.2915,36.3866],[-76.3231,36.4173],[-76.3676,36.4314],[-76.3768,36.4459],[-76.4373,36.4678],[-76.5415,36.5503],[-76.9159,36.5521],[-76.916,36.5438],[-77.103,36.5445],[-77.4744,36.545],[-78.0462,36.5442],[-78.457,36.5425]]]},"properties":{"district_code":"NC-01","state_code":"NC","state_name":"North Carolina","district_number":"01","label":"North Carolina — District 1"}},{"type":"Feature","geometry":{"type":"Polygon","coordinates":[[[-87.5754,35.3985],[-87.5778,35.1594],[-87.5904,35.1428],[-87.5888,35.0584],[-87.6057,35.0359],[-87.6062,35.0036],[-87.2992,35.0009],[-86.8621,34.992],[-86.5285,34.9907],[-86.3972,34.9917],[-85.8244,34.9881],[-85.6052,34.9847],[-85.4741,34.9831],[-85.421,35.0137],[-85.4096,35.0402],[-85.3823,35.0447],[-85.362,35.0878],[-85.3958,35.1056],[-85.3884,35.1455],[-85.246,35.3191],[-85.1683,35.4556],[-85.1096,35.4555],[-85.1011,35.4294],[-85.0669,35.4365],[-85.0167,35.4091],[-84.9752,35.3579],[-84.9574,35.2998],[-84.9258,35.2907],[-84.8602,35.3501],[-84.8145,35.437],[-84.7775,35.4657],[-84.7499,35.5066],[-84.7249,35.5214],[-84.6659,35.5951],[-84.6199,35.6447],[-84.628,35.6622],[-84.623,35.7118],[-84.6451,35.7244],[-84.6765,35.7175],[-84.6984,35.7418],[-84.7576,35.7608],[-84.7396,35.7875],[-84.7655,35.7994],[-84.7819,35.825],[-84.7979,35.825],[-84.8824,35.7788],[-85.0288,35.7463],[-85.0411,35.7718],[-85.085,35.7605],[-85.1034,35.7699],[-85.2541,35.7656],[-85.2654,35.7212],[-85.3054,35.6783],[-85.4238,35.5674],[-85.4599,35.5469],[-85.4958,35.5476],[-85.5575,35.533],[-85.5946,35.6179],[-85.6051,35.7085],[-85.6022,35.7451],[-85.6337,35.764],[-85.6203,35.8012],[-85.6417,35.8167],[-85.7518,35.85],[-85.7875,35.843],[-85.8729,35.8464],[-85.9139,35.8225],[-85.9849,35.7346],[-85.9913,35.6974],[-85.985,35.6666],[-86.0016,35.6526],[-86.0532,35.644],[-86.1434,35.6617],[-86.2071,35.7038],[-86.2079,35.7323],[-86.1871,35.7637],[-86.1728,35.873],[-86.1586,35.8808],[-86.1529,35.9544],[-86.177,35.9575],[-86.223,35.9693],[-86.2876,35.9727],[-86.3263,35.985],[-86.3838,36.0267],[-86.472,36.0721],[-86.5156,36.1006],[-86.5275,36.074],[-86.5639,36.0619],[-86.5607,36.0398],[-86.6123,36.01],[-86.6072,35.9855],[-86.625,35.9539],[-86.628,35.9102],[-86.6174,35.8641],[-86.6004,35.8532],[-86.6133,35.7903],[-86.6629,35.7909],[-86.6638,35.771],[-86.6969,35.7523],[-86.6993,35.7178],[-86.6392,35.6763],[-86.6642,35.4918],[-86.6582,35.4353],[-86.6182,35.3668],[-86.5995,35.365],[-86.6026,35.327],[-86.6375,35.321],[-86.698,35.2953],[-86.7469,35.2529],[-86.8283,35.2637],[-86.8285,35.2934],[-86.9022,35.3163],[-86.9201,35.3522],[-86.9257,35.4025],[-86.9571,35.4193],[-87.0176,35.4159],[-87.1209,35.4557],[-87.1657,35.4369],[-87.2279,35.4293],[-87.3269,35.4477],[-87.3258,35.4564],[-87.4485,35.4578],[-87.4488,35.4206],[-87.5096,35.4147],[-87.5168,35.3982],[-87.5754,35.3985]]]},"properties":{"district_code":"TN-04","state_code":"TN","state_name":"Tennessee","district_number":"04","label":"Tennessee — District 4"}},{"type":"Feature","geometry":{"type":"Polygon","coordinates":[[[-121.58,38.0944],[-121.5847,38.0435],[-121.5576,38.017],[-121.5787,38.0043],[-121.582,37.9727],[-121.6201,37.9767],[-121.6126,37.94],[-121.6779,37.9328],[-121.6781,37.8837],[-121.6296,37.8556],[-121.5928,37.8477],[-121.5553,37.858],[-121.5368,37.8463],[-121.557,37.8165],[-121.557,37.7036],[-121.4917,37.6925],[-121.4676,37.6632],[-121.4344,37.6797],[-121.4164,37.7104],[-121.3815,37.7161],[-121.3182,37.7643],[-121.3848,37.8116],[-121.3101,37.8269],[-121.2644,37.8556],[-121.2617,37.8056],[-121.2894,37.769],[-121.267,37.7538],[-121.2247,37.7502],[-121.1923,37.7249],[-121.1598,37.7176],[-121.1102,37.7301],[-121.0265,37.7418],[-120.9816,37.7566],[-120.9542,37.7384],[-120.9222,37.7375],[-120.9233,37.7936],[-120.8463,37.8202],[-120.7865,37.8169],[-120.7574,37.7903],[-120.7305,37.8004],[-120.7288,37.8217],[-120.6534,37.832],[-120.7527,37.9233],[-120.876,38.0289],[-120.9389,38.0883],[-121.0271,38.3003],[-121.0648,38.2995],[-121.1731,38.2552],[-121.2225,38.2444],[-121.2684,38.2523],[-121.2955,38.2376],[-121.344,38.2283],[-121.4112,38.2319],[-121.4291,38.2547],[-121.471,38.2599],[-121.5043,38.2121],[-121.5292,38.1938],[-121.5363,38.1516],[-121.5841,38.1202],[-121.58,38.0944]]]},"properties":{"district_code":"CA-09","state_code":"CA","state_name":"California","district_number":"09","label":"California — District 9"}},{"type":"Feature","geometry":{"type":"Polygon","coordinates":[[[-118.1442,34.0335],[-118.1276,34.008],[-118.1327,33.9709],[-118.0988,33.9442],[-118.1116,33.9221],[-118.1082,33.8869],[-118.0954,33.8803],[-118.0384,33.8878],[-118.0288,33.8733],[-117.9766,33.9064],[-117.9497,33.9065],[-117.92,33.9246],[-117.9196,33.9476],[-117.8684,33.9459],[-117.7919,33.9466],[-117.8025,33.9756],[-117.7677,34.0235],[-117.8261,34.0624],[-117.8889,34.0435],[-117.8822,33.9953],[-117.9134,33.9898],[-117.9736,34.0184],[-118.0076,34.0151],[-118.0703,34.0572],[-118.1151,34.0337],[-118.1442,34.0335]]]},"properties":{"district_code":"CA-38","state_code":"CA","state_name":"California","district_number":"38","label":"California — District 38"}},{"type":"Feature","geometry":{"type":"Polygon","coordinates":[[[-105.0532,39.7911],[-105.0533,39.6678],[-105.0802,39.6295],[-105.0581,39.6175],[-105.0346,39.6533],[-105.0064,39.6677],[-104.9735,39.6677],[-104.9317,39.653],[-104.9134,39.6241],[-104.8853,39.6241],[-104.8682,39.6471],[-104.9035,39.6676],[-104.8847,39.7328],[-104.8564,39.7686],[-104.7816,39.7728],[-104.7347,39.7692],[-104.7344,39.7984],[-104.7625,39.8234],[-104.6197,39.8269],[-104.6192,39.8732],[-104.5996,39.899],[-104.6404,39.9067],[-104.7304,39.8961],[-104.731,39.8452],[-104.7909,39.8418],[-104.7909,39.7983],[-104.9036,39.7984],[-104.927,39.7838],[-104.9602,39.791],[-105.0532,39.7911]]]},"properties":{"district_code":"CO-01","state_code":"CO","state_name":"Colorado","district_number":"01","label":"Colorado — District 1"}},{"type":"Feature","geometry":{"type":"Polygon","coordinates":[[[-78.9061,35.8681],[-78.9094,35.843],[-78.947,35.7414],[-78.8946,35.7467],[-78.8491,35.7356],[-78.7808,35.771],[-78.7449,35.762],[-78.5984,35.7801],[-78.5572,35.7981],[-78.4747,35.7706],[-78.4552,35.7327],[-78.4135,35.7304],[-78.256,35.8181],[-78.278,35.8673],[-78.3076,35.8949],[-78.351,35.9101],[-78.3533,35.9311],[-78.3943,35.9369],[-78.4269,35.975],[-78.5464,36.0218],[-78.6832,36.0745],[-78.7513,36.0708],[-78.7536,36.0314],[-78.72,36.0296],[-78.6998,36.0114],[-78.717,35.9613],[-78.7591,35.9184],[-78.8048,35.9276],[-78.83,35.867],[-78.9061,35.8681]]]},"properties":{"district_code":"NC-02","state_code":"NC","state_name":"North Carolina","district_number":"02","label":"North Carolina — District 2"}},{"type":"Feature","geometry":{"type":"Polygon","coordinates":[[[-118.6335,34.2695],[-118.6325,34.2404],[-118.6678,34.2223],[-118.7113,34.2131],[-118.7049,34.1972],[-118.668,34.1992],[-118.6648,34.1497],[-118.6385,34.1576],[-118.6106,34.1472],[-118.6106,34.1253],[-118.6502,34.1181],[-118.7241,34.1253],[-118.7566,34.1408],[-118.8004,34.1394],[-118.8476,34.1103],[-118.8565,34.1268],[-118.941,34.0748],[-118.9446,34.0458],[-118.8549,34.0349],[-118.8066,34.0004],[-118.7854,34.0211],[-118.735,34.0333],[-118.7067,34.0297],[-118.663,34.0391],[-118.5438,34.039],[-118.5167,34.0258],[-118.4945,34.0504],[-118.4677,34.0386],[-118.4544,34.0656],[-118.4227,34.0943],[-118.3958,34.0911],[-118.3617,34.1434],[-118.3989,34.1546],[-118.4137,34.1721],[-118.474,34.1866],[-118.536,34.1866],[-118.5361,34.2207],[-118.4731,34.2214],[-118.4721,34.2573],[-118.6073,34.2777],[-118.6335,34.2695]]]},"properties":{"district_code":"CA-32","state_code":"CA","state_name":"California","district_number":"32","label":"California — District 32"}},{"type":"Feature","geometry":{"type":"Polygon","coordinates":[[[-122.3131,37.8973],[-122.2966,37.8285],[-122.3161,37.8273],[-122.3309,37.7951],[-122.3178,37.7797],[-122.2439,37.7518],[-122.2522,37.725],[-122.1941,37.6955],[-122.162,37.6676],[-122.1151,37.7353],[-122.1318,37.7753],[-122.1779,37.8163],[-122.1838,37.8344],[-122.2259,37.8796],[-122.2711,37.9058],[-122.3131,37.8973]]]},"properties":{"district_code":"CA-12","state_code":"CA","state_name":"California","district_number":"12","label":"California — District 12"}},{"type":"Feature","geometry":{"type":"MultiPolygon","coordinates":[[[[-92.0319,29.5776],[-91.9931,29.551],[-91.9535,29.5381],[-91.8782,29.5036],[-91.8465,29.4793],[-91.7683,29.4904],[-91.7654,29.5248],[-91.7132,29.5555],[-91.7406,29.5742],[-91.7695,29.5744],[-91.7847,29.5941],[-91.8241,29.6028],[-91.8664,29.6297],[-91.9031,29.6374],[-91.9399,29.6103],[-91.9827,29.6142],[-92.0319,29.5776]]],[[[-93.7052,30.2439],[-93.719,30.2087],[-93.6963,30.1516],[-93.7024,30.1127],[-93.7238,30.0941],[-93.7164,30.0691],[-93.7397,30.024],[-93.7869,29.9906],[-93.8166,29.9207],[-93.8551,29.8641],[-93.9227,29.8188],[-93.9288,29.7971],[-93.8985,29.7716],[-93.8888,29.7422],[-93.87,29.7355],[-93.838,29.6906],[-93.8143,29.7083],[-93.7397,29.7358],[-93.682,29.7464],[-93.5103,29.7674],[-93.4716,29.7693],[-93.3464,29.7626],[-93.2506,29.7779],[-93.1769,29.7705],[-93.0649,29.7456],[-92.966,29.7163],[-92.7413,29.6221],[-92.6517,29.5938],[-92.5314,29.571],[-92.4677,29.5626],[-92.417,29.5488],[-92.3235,29.5315],[-92.2555,29.5402],[-92.2002,29.5686],[-92.1454,29.5865],[-92.0774,29.5844],[-92.0588,29.6094],[-92.0841,29.6229],[-92.1058,29.6118],[-92.1363,29.6626],[-92.1039,29.6991],[-92.1691,29.7002],[-92.2001,29.7257],[-92.1319,29.7658],[-92.1159,29.7395],[-92.0357,29.7817],[-91.9775,29.8033],[-91.9617,29.826],[-91.9375,29.8168],[-91.882,29.8355],[-91.8308,29.8293],[-91.826,29.7824],[-91.8548,29.7795],[-91.8602,29.7459],[-91.8518,29.7083],[-91.7729,29.7456],[-91.7371,29.7503],[-91.7138,29.7371],[-91.6729,29.7462],[-91.6279,29.7411],[-91.6168,29.7197],[-91.623,29.671],[-91.637,29.6414],[-91.6261,29.6288],[-91.5781,29.6396],[-91.5546,29.6358],[-91.5356,29.5848],[-91.5374,29.5659],[-91.5173,29.5297],[-91.449,29.5459],[-91.4276,29.5399],[-91.4179,29.5829],[-91.3736,29.6983],[-91.3094,29.6895],[-91.3286,29.6559],[-91.3211,29.6391],[-91.2424,29.654],[-91.2542,29.6142],[-91.2229,29.582],[-91.1837,29.608],[-91.1637,29.5927],[-91.1365,29.6098],[-91.1182,29.64],[-91.149,29.7006],[-91.1861,29.7077],[-91.182,29.7292],[-91.2294,29.7489],[-91.2986,29.765],[-91.3523,29.7666],[-91.3865,29.7837],[-91.3736,29.8344],[-91.4136,29.905],[-91.472,29.948],[-91.472,29.9563],[-91.2553,29.9716],[-91.2217,30.0317],[-91.2559,30.0398],[-91.2691,30.0593],[-91.3512,30.0601],[-91.3667,30.0547],[-91.3888,30.1024],[-91.4639,30.1027],[-91.4613,30.1312],[-91.472,30.1867],[-91.4898,30.2059],[-91.4753,30.2292],[-91.5083,30.2403],[-91.5628,30.2419],[-91.588,30.2571],[-91.59,30.277],[-91.6211,30.3099],[-91.6281,30.4139],[-91.6401,30.4427],[-91.7013,30.4977],[-91.7562,30.4981],[-91.7365,30.4515],[-91.7226,30.4523],[-91.6943,30.4017],[-91.8127,30.3943],[-91.8693,30.4172],[-91.9369,30.3947],[-91.9782,30.4074],[-91.9887,30.3696],[-92.0448,30.3782],[-92.0833,30.3606],[-92.0854,30.3395],[-92.1422,30.2988],[-92.1758,30.3497],[-92.1764,30.4369],[-92.2442,30.4367],[-92.2448,30.4802],[-92.632,30.4812],[-92.6303,30.488],[-92.774,30.4882],[-92.7757,30.4376],[-93.0656,30.4385],[-93.0654,30.4243],[-93.1312,30.4236],[-93.1312,30.4031],[-93.3852,30.4027],[-93.3845,30.4902],[-93.4863,30.4905],[-93.4862,30.4025],[-93.7417,30.403],[-93.7568,30.3912],[-93.763,30.3441],[-93.7439,30.304],[-93.7046,30.2899],[-93.7052,30.2439]]]]},"properties":{"district_code":"LA-03","state_code":"LA","state_name":"Louisiana","district_number":"03","label":"Louisiana — District 3"}},{"type":"Feature","geometry":{"type":"MultiPolygon","coordinates":[[[[-74.1898,40.7686],[-74.1655,40.751],[-74.1589,40.7221],[-74.1206,40.7171],[-74.1082,40.716],[-74.0947,40.7345],[-74.0559,40.7163],[-74.1063,40.6971],[-74.1439,40.6436],[-74.0875,40.6537],[-74.0869,40.6668],[-74.0232,40.7199],[-74.0173,40.7442],[-73.9848,40.7977],[-74.0282,40.8156],[-74.0423,40.7801],[-74.0787,40.7506],[-74.0984,40.7725],[-74.1483,40.7799],[-74.1898,40.7686]]],[[[-74.1437,40.6795],[-74.2018,40.6868],[-74.2542,40.6702],[-74.2162,40.6437],[-74.2015,40.634],[-74.1437,40.6795]]]]},"properties":{"district_code":"NJ-08","state_code":"NJ","state_name":"New Jersey","district_number":"08","label":"New Jersey — District 8"}},{"type":"Feature","geometry":{"type":"Polygon","coordinates":[[[-121.7517,38.0243],[-121.7639,37.9914],[-121.8452,37.9772],[-121.9077,38.0053],[-121.9465,38.0054],[-122.0262,38.0245],[-122.0506,38.0032],[-122.0869,38.0186],[-122.1266,38.0145],[-122.1374,37.9894],[-122.2199,37.9836],[-122.2007,37.9632],[-122.2133,37.921],[-122.2069,37.8961],[-122.2259,37.8796],[-122.1838,37.8344],[-122.1779,37.8163],[-122.1387,37.8046],[-122.0455,37.7981],[-121.9974,37.7634],[-122.0118,37.7474],[-121.96,37.7185],[-121.9402,37.7235],[-121.9072,37.7021],[-121.8334,37.7012],[-121.8507,37.7449],[-121.557,37.8165],[-121.5368,37.8463],[-121.5553,37.858],[-121.5928,37.8477],[-121.6296,37.8556],[-121.6781,37.8837],[-121.6779,37.9328],[-121.6126,37.94],[-121.6201,37.9767],[-121.582,37.9727],[-121.5787,38.0043],[-121.5576,38.017],[-121.5847,38.0435],[-121.58,38.0944],[-121.6619,38.0956],[-121.6819,38.082],[-121.6998,38.0452],[-121.7517,38.0243]]]},"properties":{"district_code":"CA-10","state_code":"CA","state_name":"California","district_number":"10","label":"California — District 10"}},{"type":"Feature","geometry":{"type":"Polygon","coordinates":[[[-117.125,32.7553],[-117.1178,32.7172],[-117.1734,32.7014],[-117.1333,32.676],[-117.1198,32.6053],[-117.1324,32.5856],[-117.1237,32.5344],[-116.8532,32.5578],[-116.8613,32.5717],[-116.9239,32.5821],[-116.9366,32.6652],[-117.0164,32.6749],[-117.023,32.7185],[-117.0417,32.7206],[-117.0728,32.7588],[-117.125,32.7553]]]},"properties":{"district_code":"CA-52","state_code":"CA","state_name":"California","district_number":"52","label":"California — District 52"}},{"type":"Feature","geometry":{"type":"Polygon","coordinates":[[[-120.0013,39.7224],[-120.0157,39.7087],[-120.1471,39.7077],[-120.1466,39.7364],[-120.1106,39.7658],[-120.1088,39.9395],[-120.1543,39.9685],[-120.2013,40.0135],[-120.2109,40.0428],[-120.2096,40.086],[-120.2469,40.0858],[-120.2468,40.1079],[-120.3414,40.1152],[-120.408,40.1474],[-120.4364,40.1696],[-120.4543,40.2058],[-120.4828,40.2058],[-120.4917,40.2348],[-120.5768,40.2854],[-120.6228,40.2857],[-120.6522,40.3077],[-120.7264,40.3084],[-120.7644,40.316],[-120.7968,40.3009],[-120.796,40.2777],[-120.8718,40.2416],[-120.8718,40.1994],[-120.9286,40.1919],[-120.9462,40.2208],[-121.0037,40.221],[-121.0415,40.2348],[-121.0615,40.2564],[-121.0614,40.4465],[-121.4976,40.4456],[-121.4796,40.4195],[-121.481,40.3666],[-121.4704,40.3502],[-121.3818,40.3405],[-121.3456,40.3127],[-121.349,40.2645],[-121.3617,40.2256],[-121.4074,40.1914],[-121.4392,40.1951],[-121.4419,40.1521],[-121.4045,40.1516],[-121.4049,40.1155],[-121.3765,40.1086],[-121.3823,40.0518],[-121.4195,40.0158],[-121.4206,39.9296],[-121.4119,39.8714],[-121.3612,39.8555],[-121.3169,39.7967],[-121.2511,39.754],[-121.2087,39.7004],[-121.1551,39.6568],[-121.1367,39.6282],[-121.0975,39.6209],[-121.0795,39.5853],[-121.1499,39.5553],[-121.1499,39.5264],[-121.2405,39.5266],[-121.2402,39.5131],[-121.3051,39.5196],[-121.3148,39.4759],[-121.3383,39.465],[-121.3418,39.4224],[-121.3591,39.4091],[-121.3729,39.3646],[-121.4075,39.3398],[-121.475,39.3333],[-121.4895,39.3195],[-121.5693,39.3084],[-121.5866,39.1632],[-121.5373,39.1665],[-121.484,39.1895],[-121.4847,39.0999],[-121.4516,39.1004],[-121.4519,39.1292],[-121.4331,39.1445],[-121.3956,39.1394],[-121.3122,39.1473],[-121.2797,39.1433],[-121.2795,39.0346],[-121.3045,39.0525],[-121.3724,39.0277],[-121.4148,38.9984],[-121.4144,38.9262],[-121.4694,38.926],[-121.4698,38.7519],[-121.4844,38.7346],[-121.2428,38.7182],[-121.2443,38.6786],[-121.2043,38.6101],[-121.1873,38.5693],[-121.1305,38.5696],[-121.1363,38.5405],[-121.1014,38.5188],[-121.0414,38.5407],[-121.0854,38.6478],[-121.1187,38.7171],[-121.1333,38.7315],[-121.103,38.7855],[-121.0873,38.8333],[-121.0609,38.8456],[-120.9296,38.8165],[-120.887,38.8277],[-120.8798,38.7929],[-120.8217,38.7661],[-120.7837,38.7641],[-120.7725,38.7834],[-120.7363,38.7683],[-120.7427,38.6975],[-120.6757,38.6936],[-120.6622,38.6828],[-120.677,38.6485],[-120.6284,38.6339],[-120.6037,38.5422],[-120.5672,38.5289],[-120.5675,38.5073],[-120.5106,38.5115],[-120.4852,38.5214],[-120.4131,38.5312],[-120.3545,38.5481],[-120.3171,38.5451],[-120.2745,38.5595],[-120.2338,38.5883],[-120.2128,38.6294],[-120.137,38.6412],[-120.1109,38.7057],[-120.0724,38.6994],[-120.0726,38.4471],[-120.0536,38.4556],[-120.0186,38.4324],[-119.8847,38.3562],[-119.8016,38.4014],[-119.7535,38.4168],[-119.7129,38.4185],[-119.6987,38.4061],[-119.7,38.3652],[-119.6392,38.3269],[-119.6514,38.2866],[-119.6132,38.2614],[-119.6049,38.2342],[-119.6264,38.2047],[-119.5765,38.1577],[-119.4695,38.1283],[-119.4544,38.0961],[-119.397,38.1068],[-119.3498,38.0856],[-119.3125,38.0457],[-119.3046,38.0239],[-119.322,37.969],[-119.3084,37.9468],[-119.2267,37.9066],[-119.2013,37.8043],[-119.2431,37.7691],[-119.2601,37.7266],[-119.2163,37.7141],[-119.1985,37.7367],[-119.1243,37.7339],[-119.0652,37.6846],[-119.0614,37.6578],[-119.0326,37.6305],[-119.0344,37.6035],[-119.0023,37.5711],[-118.9172,37.5503],[-118.8505,37.4758],[-118.7958,37.4884],[-118.7596,37.4356],[-118.79,37.394],[-118.7697,37.3688],[-118.7867,37.3434],[-118.74,37.3152],[-118.716,37.3282],[-118.6652,37.261],[-118.6846,37.2428],[-118.6723,37.1685],[-118.6546,37.1418],[-118.5927,37.1381],[-118.5684,37.1153],[-118.538,37.1136],[-118.5031,37.0952],[-118.4226,37.0244],[-118.4091,36.9805],[-118.3608,36.8877],[-118.3615,36.8453],[-118.3898,36.8345],[-118.3742,36.8005],[-118.3802,36.7822],[-118.3606,36.7448],[-118.3347,36.7055],[-118.3588,36.6956],[-118.3208,36.627],[-118.2816,36.6045],[-118.2905,36.5585],[-118.2653,36.5515],[-118.239,36.5236],[-118.2489,36.4865],[-118.1936,36.4265],[-118.157,36.4326],[-118.1379,36.418],[-118.16,36.3938],[-118.1311,36.3707],[-118.1001,36.3288],[-118.1216,36.3068],[-118.1271,36.2797],[-118.1019,36.2088],[-118.0593,36.1701],[-118.0736,36.139],[-118.0498,36.0767],[-118.0336,36.0089],[-118.0036,35.9837],[-118.0182,35.961],[-117.9919,35.9438],[-117.9825,35.8958],[-118.0055,35.8627],[-118.0081,35.7889],[-117.923,35.7867],[-117.9244,35.7984],[-117.6343,35.7973],[-117.3684,35.7952],[-116.9232,35.7954],[-116.2818,35.7934],[-115.7359,35.7936],[-115.7357,35.8091],[-115.648,35.8096],[-115.846,35.9642],[-116.0972,36.1583],[-116.3759,36.3726],[-116.7103,36.6275],[-117.0009,36.8477],[-117.3759,37.1268],[-117.5001,37.2204],[-117.7124,37.3749],[-117.8759,37.4973],[-118.2509,37.7686],[-118.572,37.9999],[-118.9497,38.2689],[-119.3301,38.5359],[-119.7792,38.8469],[-120.001,38.9996],[-120.0057,39.2252],[-120.0062,39.3415],[-120.0017,39.5389],[-120.0013,39.7224]]]},"properties":{"district_code":"CA-03","state_code":"CA","state_name":"California","district_number":"03","label":"California — District 3"}},{"type":"Feature","geometry":{"type":"Polygon","coordinates":[[[-93.3479,41.8631],[-93.3487,41.601],[-93.3287,41.6011],[-93.3284,41.4908],[-93.3393,41.4827],[-93.4138,41.5074],[-93.5482,41.5113],[-93.7906,41.5119],[-93.7892,41.162],[-93.4663,41.1607],[-92.9844,41.1608],[-92.5255,41.1615],[-92.18,41.1627],[-92.1783,40.8297],[-92.1798,40.6005],[-91.9477,40.6055],[-91.7291,40.6136],[-91.6888,40.5834],[-91.6817,40.553],[-91.6252,40.5435],[-91.6169,40.5048],[-91.5638,40.461],[-91.5286,40.459],[-91.5246,40.4108],[-91.4803,40.3818],[-91.4194,40.3783],[-91.3757,40.3919],[-91.3781,40.4564],[-91.3649,40.4842],[-91.3691,40.5125],[-91.4062,40.5427],[-91.3487,40.6097],[-91.3065,40.6262],[-91.2479,40.6384],[-91.187,40.6373],[-91.1239,40.6692],[-91.1157,40.7252],[-91.0917,40.7797],[-91.0968,40.8116],[-91.0447,40.8684],[-90.9985,40.9081],[-90.9629,40.925],[-90.9581,40.9798],[-90.9423,41.0347],[-90.9466,41.0966],[-90.9897,41.1557],[-91.0415,41.1661],[-91.0659,41.1995],[-91.1136,41.2414],[-91.0775,41.3018],[-91.072,41.3334],[-91.0478,41.4109],[-90.9752,41.434],[-90.93,41.4214],[-90.8576,41.4528],[-90.7375,41.4501],[-90.6558,41.4621],[-90.6059,41.4942],[-90.5952,41.511],[-90.5409,41.5261],[-90.5006,41.518],[-90.4614,41.5235],[-90.4128,41.5653],[-90.3432,41.5878],[-90.3435,41.647],[-90.3345,41.6796],[-90.3147,41.6948],[-90.3152,41.7343],[-90.2786,41.7674],[-90.188,41.8032],[-90.17,41.8764],[-90.1536,41.9066],[-90.1621,41.9613],[-90.1401,42.0033],[-90.1645,42.0421],[-90.1629,42.1167],[-90.2014,42.1309],[-90.2095,42.1527],[-90.3173,42.1936],[-90.3911,42.2255],[-90.4309,42.2782],[-90.4159,42.3227],[-90.4738,42.3815],[-90.665,42.3822],[-90.6656,42.2947],[-90.9344,42.2951],[-91.3633,42.2964],[-91.3662,41.8601],[-91.9087,41.8616],[-92.2982,41.8628],[-92.2999,41.7361],[-92.2975,41.5098],[-92.7565,41.5088],[-92.7571,41.6014],[-92.7668,41.6014],[-92.766,41.8624],[-93.3479,41.8631]]]},"properties":{"district_code":"IA-01","state_code":"IA","state_name":"Iowa","district_number":"01","label":"Iowa — District 1"}},{"type":"Feature","geometry":{"type":"Polygon","coordinates":[[[-96.2392,40.0007],[-96.239,39.5662],[-95.7186,39.5659],[-95.5701,39.5255],[-95.5704,39.4191],[-95.4601,39.4209],[-95.1809,39.4192],[-95.1801,39.1289],[-95.188,39.1289],[-95.186,38.9353],[-95.2705,38.9209],[-95.3353,38.9425],[-95.3356,39.0296],[-95.3885,39.0477],[-95.4194,39.0672],[-95.4824,39.0569],[-95.5488,39.0683],[-95.5968,39.0647],[-95.5893,39.1292],[-95.5895,39.2161],[-96.0356,39.2165],[-96.0359,39.1298],[-96.0882,39.1523],[-96.0588,39.1648],[-96.0836,39.1935],[-96.1747,39.1888],[-96.1833,39.207],[-96.2469,39.2044],[-96.266,39.1806],[-96.2942,39.1955],[-96.3247,39.1861],[-96.3466,39.1539],[-96.389,39.1729],[-96.3908,39.0433],[-96.5012,39.0437],[-96.501,39.0727],[-96.7061,39.0731],[-96.7434,39.0877],[-96.8514,39.0882],[-96.8322,39.1196],[-96.8497,39.1393],[-96.8499,39.219],[-96.9617,39.2201],[-96.9635,38.9649],[-96.9262,38.9789],[-96.9267,38.8704],[-96.8902,38.8701],[-96.8901,38.8123],[-96.9272,38.8122],[-96.9303,38.6094],[-97.3719,38.6094],[-97.3717,38.1737],[-97.1531,38.1746],[-97.1529,38.0877],[-96.8408,38.0856],[-96.3581,38.0858],[-96.3573,38.1727],[-95.9589,38.1709],[-95.9581,37.8219],[-95.9607,37.7197],[-95.9625,37.446],[-95.9647,37.3867],[-95.9643,36.9991],[-95.4077,36.9992],[-94.9953,36.9995],[-94.618,36.9989],[-94.6175,37.3642],[-94.6177,37.773],[-94.6146,37.9444],[-94.6127,38.2176],[-94.6133,38.3887],[-95.0658,38.3899],[-95.0651,38.2586],[-95.0755,38.2587],[-95.0779,38.0377],[-95.519,38.0382],[-95.5168,38.2593],[-95.5075,38.2592],[-95.509,38.659],[-95.5007,38.7388],[-95.0564,38.7386],[-95.0563,38.9821],[-95.0218,38.9996],[-94.9483,38.9842],[-94.9088,38.9914],[-94.9085,39.116],[-94.8537,39.1158],[-94.8163,39.1018],[-94.7394,39.1063],[-94.71,39.0933],[-94.6797,39.0998],[-94.6467,39.075],[-94.6072,39.0897],[-94.6083,39.1179],[-94.5899,39.139],[-94.6017,39.1596],[-94.6398,39.1537],[-94.6872,39.1835],[-94.7365,39.1692],[-94.7631,39.1799],[-94.7873,39.2077],[-94.8238,39.2099],[-94.8257,39.2417],[-94.8463,39.2685],[-94.9,39.3002],[-94.9106,39.3483],[-94.8791,39.3757],[-94.9231,39.3845],[-94.9766,39.4267],[-94.9902,39.4462],[-95.0334,39.4609],[-95.0498,39.4944],[-95.1029,39.5333],[-95.1075,39.5738],[-95.0569,39.5806],[-95.0552,39.6217],[-95.0276,39.6655],[-94.9841,39.6779],[-94.969,39.693],[-94.9704,39.7321],[-94.9553,39.7457],[-94.9026,39.7242],[-94.8756,39.7305],[-94.8607,39.7631],[-94.9168,39.7609],[-94.9256,39.7898],[-94.8763,39.8069],[-94.8869,39.8331],[-94.9169,39.8361],[-94.9426,39.8566],[-94.9279,39.8861],[-94.9593,39.9017],[-95.0187,39.8974],[-95.0378,39.8655],[-95.0815,39.8617],[-95.1406,39.8817],[-95.1438,39.9019],[-95.2057,39.9083],[-95.2013,39.9342],[-95.2414,39.9449],[-95.3025,39.9844],[-95.3083,40],[-95.8825,40.0005],[-96.2392,40.0007]]]},"properties":{"district_code":"KS-02","state_code":"KS","state_name":"Kansas","district_number":"02","label":"Kansas — District 2"}},{"type":"Feature","geometry":{"type":"Polygon","coordinates":[[[-96.329,41.3931],[-96.4882,41.3933],[-96.5694,41.4333],[-96.634,41.4344],[-96.6727,41.4261],[-96.7102,41.4307],[-96.7465,41.4496],[-96.8191,41.4402],[-96.9059,41.4534],[-96.909,41.2679],[-96.9085,41.0461],[-96.4639,41.0451],[-96.4639,41.0161],[-96.3495,41.0153],[-96.3491,41.0445],[-96.3192,41.045],[-96.2844,41.0217],[-96.2508,41.0188],[-96.2076,40.9956],[-96.1447,41.0176],[-96.1099,41.0484],[-96.0563,41.0654],[-96.0052,41.0606],[-96.0045,41.129],[-96.0141,41.1327],[-96.158,41.1325],[-96.1583,41.1865],[-95.9233,41.1912],[-95.9114,41.238],[-95.9287,41.2814],[-95.8824,41.2814],[-95.8887,41.3191],[-95.9257,41.3222],[-95.9568,41.3492],[-95.931,41.3647],[-95.9375,41.3931],[-96.329,41.3931]]]},"properties":{"district_code":"NE-02","state_code":"NE","state_name":"Nebraska","district_number":"02","label":"Nebraska — District 2"}},{"type":"Feature","geometry":{"type":"Polygon","coordinates":[[[-84.7819,35.825],[-84.7655,35.7994],[-84.7396,35.7875],[-84.7576,35.7608],[-84.6984,35.7418],[-84.6765,35.7175],[-84.6451,35.7244],[-84.623,35.7118],[-84.628,35.6622],[-84.6199,35.6447],[-84.6659,35.5951],[-84.7249,35.5214],[-84.7499,35.5066],[-84.7775,35.4657],[-84.8145,35.437],[-84.8602,35.3501],[-84.9258,35.2907],[-84.9574,35.2998],[-84.9752,35.3579],[-85.0167,35.4091],[-85.0669,35.4365],[-85.1011,35.4294],[-85.1096,35.4555],[-85.1683,35.4556],[-85.246,35.3191],[-85.3884,35.1455],[-85.3958,35.1056],[-85.362,35.0878],[-85.3823,35.0447],[-85.4096,35.0402],[-85.421,35.0137],[-85.4741,34.9831],[-84.9393,34.9879],[-84.6215,34.9883],[-84.3219,34.9884],[-84.2902,35.2256],[-84.2237,35.2691],[-84.1991,35.2437],[-84.1067,35.2515],[-84.0557,35.2682],[-84.0214,35.3014],[-84.0383,35.3478],[-84.0076,35.3717],[-84.0147,35.412],[-83.9611,35.4638],[-83.9438,35.4807],[-84.0109,35.5161],[-83.9938,35.55],[-84.0816,35.5412],[-84.0962,35.5755],[-84.1487,35.5838],[-84.1819,35.5989],[-84.1926,35.6182],[-84.2499,35.6172],[-84.2613,35.6353],[-84.2995,35.6577],[-84.3576,35.6652],[-84.3623,35.6472],[-84.3981,35.6402],[-84.4065,35.6656],[-84.4572,35.6658],[-84.5137,35.644],[-84.5843,35.6331],[-84.5844,35.6516],[-84.54,35.6705],[-84.5216,35.7051],[-84.4945,35.7164],[-84.4486,35.7594],[-84.4164,35.7765],[-84.3886,35.7684],[-84.3797,35.8174],[-84.3379,35.8399],[-84.3274,35.8894],[-84.2858,35.8943],[-84.2564,35.9284],[-84.2214,35.9458],[-84.2134,35.9758],[-84.1923,35.9955],[-84.1504,35.9872],[-84.0851,36.0167],[-84.0586,36.0363],[-84.094,36.0689],[-83.9989,36.1408],[-83.9444,36.1864],[-83.9691,36.2101],[-84.0109,36.2722],[-84.0259,36.2793],[-84.0772,36.2536],[-84.08,36.2777],[-84.1178,36.2928],[-84.1067,36.3202],[-84.1224,36.3357],[-84.1265,36.3951],[-84.1696,36.3685],[-84.195,36.3736],[-84.2238,36.3605],[-84.2542,36.3914],[-84.3127,36.3966],[-84.3455,36.4296],[-84.3678,36.4168],[-84.4177,36.4367],[-84.4496,36.3855],[-84.485,36.3815],[-84.5533,36.3977],[-84.6273,36.382],[-84.6702,36.3833],[-84.7325,36.3663],[-84.7397,36.3379],[-84.7864,36.3239],[-84.7957,36.2977],[-84.8431,36.287],[-84.8661,36.2929],[-84.8974,36.2241],[-84.9142,36.2083],[-84.9,36.1724],[-84.9078,36.1563],[-84.8709,36.1369],[-84.8324,36.084],[-84.8049,36.0886],[-84.7919,36.0594],[-84.7207,35.9949],[-84.6806,35.9085],[-84.7062,35.8961],[-84.7288,35.8592],[-84.7819,35.825]]]},"properties":{"district_code":"TN-03","state_code":"TN","state_name":"Tennessee","district_number":"03","label":"Tennessee — District 3"}},{"type":"Feature","geometry":{"type":"Polygon","coordinates":[[[-84.4804,33.8175],[-84.5724,33.7463],[-84.5411,33.7335],[-84.5456,33.6808],[-84.5259,33.6569],[-84.468,33.649],[-84.4582,33.5944],[-84.3867,33.5935],[-84.3416,33.6237],[-84.3359,33.6479],[-84.2669,33.6472],[-84.2501,33.6921],[-84.2516,33.7686],[-84.3103,33.807],[-84.3486,33.8072],[-84.3478,33.938],[-84.3599,33.9292],[-84.4011,33.9478],[-84.4475,33.9079],[-84.4433,33.8793],[-84.4602,33.8382],[-84.4804,33.8175]]]},"properties":{"district_code":"GA-05","state_code":"GA","state_name":"Georgia","district_number":"05","label":"Georgia — District 5"}},{"type":"Feature","geometry":{"type":"Polygon","coordinates":[[[-97.4761,32.1735],[-97.5121,32.1614],[-97.5218,32.1348],[-97.5666,32.1499],[-97.5677,32.175],[-97.5998,32.2042],[-97.6309,32.2074],[-97.8649,32.0873],[-98.2084,31.9175],[-98.1566,31.8417],[-98.4637,31.684],[-98.2711,31.4164],[-98.18,31.4637],[-97.9071,31.0694],[-97.8044,31.1221],[-97.7504,31.1102],[-97.7355,31.1358],[-97.6979,31.141],[-97.6539,31.1243],[-97.6765,31.0816],[-97.6604,31.0588],[-97.6335,31.052],[-97.6621,30.9893],[-97.7017,30.9785],[-97.7172,30.9309],[-97.7111,30.913],[-97.7299,30.8876],[-97.8281,30.9044],[-97.8866,31.0017],[-97.9117,31.035],[-98.1389,31.0323],[-98.4397,31.0296],[-98.4592,31.0077],[-98.4419,30.9843],[-98.4483,30.8706],[-98.3936,30.843],[-98.4227,30.7761],[-98.4223,30.7505],[-98.3752,30.7466],[-98.414,30.7018],[-98.4078,30.675],[-98.4186,30.6459],[-98.4007,30.5998],[-98.3521,30.5585],[-98.351,30.4861],[-98.1256,30.4262],[-98.0977,30.4676],[-98.1231,30.487],[-98.0499,30.6242],[-97.991,30.6098],[-97.9567,30.6282],[-97.8877,30.5566],[-97.8459,30.4756],[-97.7454,30.5192],[-97.6871,30.5131],[-97.6927,30.5582],[-97.6646,30.5461],[-97.6369,30.5087],[-97.5901,30.5085],[-97.5366,30.5172],[-97.526,30.5465],[-97.483,30.5535],[-97.4696,30.5372],[-97.4242,30.5308],[-97.3806,30.5502],[-97.363,30.5787],[-97.2187,30.6101],[-97.2699,30.7354],[-97.3155,30.7524],[-97.259,30.8896],[-97.0701,30.986],[-97.2781,31.2798],[-97.3434,31.2442],[-97.4186,31.3202],[-97.6052,31.5878],[-97.2773,31.7455],[-97.3103,31.7616],[-97.3265,31.7884],[-97.2767,31.8335],[-97.3037,31.8484],[-97.3271,31.8415],[-97.3625,31.865],[-97.3983,31.9098],[-97.4388,31.9335],[-97.38,31.9727],[-97.4227,32.0079],[-97.486,32.0176],[-97.4921,32.0597],[-97.4707,32.0867],[-97.4958,32.1282],[-97.4572,32.1627],[-97.4761,32.1735]]]},"properties":{"district_code":"TX-31","state_code":"TX","state_name":"Texas","district_number":"31","label":"Texas — District 31"}},{"type":"Feature","geometry":{"type":"Polygon","coordinates":[[[-107.3178,41.003],[-107.3142,40.6003],[-107.3715,40.6003],[-107.3713,40.5424],[-107.4288,40.5422],[-107.4321,40.3349],[-107.4426,40.3348],[-107.4394,40.2234],[-107.0381,40.2254],[-107.0374,40.0031],[-107.034,39.9189],[-107.1137,39.9191],[-107.1139,39.6249],[-107.0667,39.652],[-107.0145,39.6465],[-106.9755,39.654],[-106.9631,39.6381],[-106.9725,39.5864],[-106.94,39.5799],[-106.9396,39.6345],[-106.8434,39.6439],[-106.804,39.6177],[-106.7816,39.652],[-106.7542,39.6555],[-106.7053,39.6243],[-106.6921,39.5854],[-106.7402,39.5796],[-106.7643,39.5627],[-106.7492,39.5245],[-106.753,39.4977],[-106.7281,39.4692],[-106.6936,39.4514],[-106.6464,39.4642],[-106.6168,39.4576],[-106.5611,39.4298],[-106.5238,39.3939],[-106.5092,39.3623],[-106.4265,39.3619],[-106.4006,39.381],[-106.3517,39.3537],[-106.3036,39.3614],[-106.2797,39.3523],[-106.2256,39.3796],[-106.0972,39.378],[-106.0561,39.3584],[-105.9769,39.4086],[-105.9517,39.4146],[-105.9387,39.4585],[-105.9105,39.4584],[-105.8176,39.5383],[-105.8297,39.5649],[-105.588,39.5682],[-105.3989,39.5661],[-105.3979,39.8409],[-105.3008,39.854],[-105.2945,39.8764],[-105.2411,39.8685],[-105.2389,39.9144],[-105.1471,39.9139],[-105.1186,39.9432],[-105.0909,39.9361],[-105.0529,39.9578],[-105.0528,40.0003],[-105.0079,40.0005],[-104.9785,40.0439],[-104.9808,40.0803],[-105.0423,40.0902],[-105.0259,40.1278],[-104.9988,40.1314],[-104.9985,40.1968],[-105.0364,40.2089],[-105.0551,40.2328],[-105.0551,40.2618],[-105.1025,40.2614],[-105.1172,40.3404],[-105.0973,40.3495],[-105.0972,40.3747],[-105.1317,40.3748],[-105.1413,40.4364],[-105.0965,40.4654],[-104.9921,40.4647],[-104.9634,40.4794],[-104.9442,40.5081],[-104.9442,40.5809],[-104.9962,40.5814],[-105.0007,40.6535],[-105.0531,40.6539],[-105.0683,40.6641],[-105.0761,40.7284],[-105.0761,40.7982],[-105.0389,40.7982],[-105.0317,40.7708],[-104.9875,40.7779],[-104.9431,40.9034],[-104.9434,40.9981],[-105.4127,40.9978],[-105.7248,40.9969],[-106.2176,40.9977],[-106.4539,41.0021],[-106.8578,41.0027],[-107.3178,41.003]]]},"properties":{"district_code":"CO-02","state_code":"CO","state_name":"Colorado","district_number":"02","label":"Colorado — District 2"}},{"type":"Feature","geometry":{"type":"Polygon","coordinates":[[[-96.4533,43.5004],[-96.5989,43.5005],[-96.5825,43.4671],[-96.5943,43.4342],[-96.524,43.3948],[-96.5256,43.3125],[-96.541,43.2956],[-96.5807,43.289],[-96.5712,43.239],[-96.5193,43.2177],[-96.4853,43.2242],[-96.4649,43.182],[-96.4665,43.1503],[-96.4393,43.1139],[-96.4552,43.0751],[-96.511,43.0247],[-96.4917,43.0097],[-96.5202,42.9776],[-96.5003,42.9594],[-96.5411,42.9245],[-96.5277,42.8906],[-96.5504,42.8632],[-96.55,42.8407],[-96.5824,42.8337],[-96.5925,42.8011],[-96.6351,42.7632],[-96.6265,42.7103],[-96.5379,42.6554],[-96.5163,42.6304],[-96.477,42.5561],[-96.4754,42.4896],[-96.4455,42.4906],[-96.3961,42.4841],[-96.3807,42.4464],[-96.4118,42.4109],[-96.408,42.3374],[-96.37,42.3109],[-96.3685,42.2918],[-96.3313,42.2594],[-96.3237,42.2299],[-96.3566,42.2152],[-96.3478,42.1668],[-96.3101,42.1325],[-96.2673,42.1103],[-96.2791,42.074],[-96.2714,42.045],[-96.2384,42.0411],[-96.2152,42.0067],[-96.1881,42.0063],[-96.1842,41.9767],[-96.1295,41.9717],[-96.1423,41.9154],[-96.1618,41.9018],[-96.1445,41.8719],[-96.1162,41.8549],[-96.1076,41.8207],[-96.0697,41.8035],[-96.0847,41.7533],[-96.1026,41.728],[-96.076,41.7017],[-96.1178,41.6942],[-96.121,41.6779],[-96.095,41.6474],[-96.1141,41.624],[-96.1094,41.5969],[-96.0834,41.5833],[-96.092,41.5339],[-96.0537,41.5089],[-96.0267,41.5404],[-96,41.5395],[-95.9928,41.512],[-96.0195,41.4866],[-96.0047,41.4723],[-95.9329,41.4638],[-95.9375,41.3931],[-95.931,41.3647],[-95.9568,41.3492],[-95.9257,41.3222],[-95.8887,41.3191],[-95.8824,41.2814],[-95.9287,41.2814],[-95.9114,41.238],[-95.9233,41.1912],[-95.8648,41.1883],[-95.8821,41.144],[-95.8626,41.0884],[-95.8795,41.0533],[-95.8618,41.0394],[-95.8635,40.9973],[-95.8283,40.9724],[-95.8403,40.9399],[-95.8121,40.8842],[-95.8478,40.8643],[-95.8372,40.8353],[-95.8342,40.7838],[-95.8836,40.7478],[-95.8832,40.7176],[-95.8594,40.7081],[-95.8428,40.6775],[-95.7895,40.6594],[-95.7513,40.6091],[-95.7656,40.5852],[-95.3739,40.5805],[-95.3706,40.7282],[-95.3853,40.7284],[-95.3843,41.16],[-95.1559,41.1592],[-95.1547,41.5052],[-94.7006,41.5041],[-94.7007,41.6022],[-94.7442,41.6022],[-94.7449,41.8624],[-94.6287,41.8628],[-94.6286,42.2096],[-94.1647,42.2099],[-94.1644,41.8632],[-93.62,41.8632],[-93.3479,41.8631],[-92.766,41.8624],[-92.7675,42.2101],[-93.1228,42.2087],[-93.463,42.2093],[-93.4626,42.4708],[-93.4991,42.471],[-93.4995,42.5577],[-93.027,42.5568],[-93.0251,42.9075],[-93.4986,42.9085],[-93.4976,43.2275],[-93.4974,43.4996],[-93.8085,43.4997],[-94.2586,43.5001],[-94.5665,43.5004],[-94.9146,43.5009],[-95.4338,43.5001],[-95.9783,43.5001],[-96.4533,43.5004]]]},"properties":{"district_code":"IA-04","state_code":"IA","state_name":"Iowa","district_number":"04","label":"Iowa — District 4"}},{"type":"Feature","geometry":{"type":"Polygon","coordinates":[[[-109.0469,33.7774],[-109.0475,33.2501],[-109.0471,32.7776],[-109.0476,32.4264],[-109.0483,32.0891],[-109.0491,31.6366],[-109.05,31.3325],[-108.7077,31.3332],[-108.2086,31.3334],[-108.2084,31.7836],[-107.6403,31.7836],[-107.2968,31.7838],[-107.0006,31.7835],[-106.5282,31.7831],[-106.5471,31.8073],[-106.5772,31.8104],[-106.6359,31.8662],[-106.6453,31.8949],[-106.6239,31.9253],[-106.6243,31.9611],[-106.6395,31.9803],[-106.6185,32.0005],[-106.514,32.0009],[-106.1255,32.0025],[-105.7314,32.0016],[-105.4733,32.0007],[-105.154,32.0005],[-104.8329,32],[-104.3296,32.0001],[-104.0245,32],[-103.7229,32.0002],[-103.3265,32.0004],[-103.0644,32.0005],[-103.0643,32.0871],[-103.0646,32.3347],[-103.0648,32.727],[-103.095,32.7259],[-103.1239,32.6966],[-103.3508,32.6967],[-103.351,32.7694],[-103.8145,32.7702],[-103.8145,32.9651],[-104.1076,32.9654],[-104.125,32.9493],[-104.1223,32.915],[-104.1338,32.8993],[-104.1487,32.8039],[-104.2329,32.7914],[-104.3123,32.7612],[-104.3299,32.7722],[-104.3957,32.7844],[-104.3958,32.8282],[-104.4126,32.8281],[-104.4127,32.7845],[-104.4789,32.7807],[-104.4818,32.756],[-104.519,32.7652],[-104.5726,32.7994],[-104.6087,32.7993],[-104.6195,32.8287],[-104.5935,32.8429],[-104.5944,32.8863],[-104.5625,32.921],[-104.5507,32.964],[-104.9052,32.9629],[-104.9055,33.1389],[-105.1086,33.1317],[-105.317,33.1323],[-105.3162,33.0027],[-105.4845,33.0053],[-105.4817,33.0339],[-105.5591,33.0537],[-105.6105,33.0837],[-105.6336,33.1084],[-105.677,33.1255],[-105.6944,33.1204],[-105.7028,33.1765],[-105.7499,33.2281],[-105.7884,33.2154],[-105.9296,33.2184],[-105.9316,33.3899],[-106.3719,33.3906],[-106.3737,33.6605],[-106.2683,33.6605],[-106.1583,33.6524],[-106.0527,33.6503],[-106.0527,33.8256],[-105.9247,33.8256],[-105.926,34.26],[-106.416,34.2598],[-106.4169,34.4397],[-106.4563,34.4371],[-106.5646,34.4739],[-106.7456,34.6614],[-106.7369,34.7238],[-106.741,34.7472],[-106.7149,34.8134],[-106.7216,34.8655],[-106.6883,34.8657],[-106.6656,34.8424],[-106.6676,34.8112],[-106.4645,34.8105],[-106.4639,34.8702],[-106.4118,34.8703],[-106.4116,34.8897],[-106.3823,34.9014],[-106.3805,34.9469],[-106.6637,34.9468],[-106.6296,35.0319],[-106.6393,35.063],[-106.6716,35.0779],[-106.6923,35.1065],[-106.7266,35.124],[-106.719,35.1548],[-106.6965,35.1731],[-106.7277,35.1921],[-106.729,35.218],[-106.962,35.2184],[-107.1972,35.2195],[-107.2389,35.3055],[-107.5248,35.3035],[-107.6288,35.3043],[-107.6283,35.3483],[-107.7342,35.3481],[-107.7342,35.305],[-107.9903,35.3053],[-108.4921,35.306],[-108.5391,35.2918],[-108.5399,35.1225],[-108.5691,35.1058],[-108.6361,35.1218],[-108.7058,35.1119],[-108.7364,35.0994],[-108.7166,35.071],[-108.7632,35.0557],[-108.8255,35.0851],[-108.8048,35.1027],[-108.8389,35.1249],[-108.8476,35.1766],[-109.046,35.1755],[-109.0459,34.9597],[-109.0462,34.5793],[-109.0464,34.3873],[-109.047,34.0001],[-109.0469,33.7774]]]},"properties":{"district_code":"NM-02","state_code":"NM","state_name":"New Mexico","district_number":"02","label":"New Mexico — District 2"}},{"type":"Feature","geometry":{"type":"Polygon","coordinates":[[[-81.7558,39.1805],[-81.7446,39.1484],[-81.7473,39.0954],[-81.5814,39.0262],[-81.5535,39.0493],[-81.4249,39.1357],[-81.3168,39.1676],[-81.324,39.1426],[-81.261,39.1031],[-81.25,39.0348],[-81.2077,39.0447],[-81.1738,39.0339],[-81.1296,39.0452],[-81.075,39.01],[-80.9983,39.0113],[-80.9657,39.0353],[-80.919,39.0435],[-80.8108,39.0995],[-80.7283,39.0957],[-80.7167,39.0083],[-80.597,38.896],[-80.5836,38.8589],[-80.524,38.8628],[-80.4738,38.8332],[-80.4855,38.8003],[-80.4564,38.7751],[-80.4452,38.7268],[-80.3531,38.7306],[-80.3051,38.6846],[-80.2801,38.6949],[-80.1839,38.5254],[-80.2455,38.3885],[-80.1169,38.474],[-80.0292,38.4592],[-79.8636,38.5507],[-79.8298,38.6379],[-79.7765,38.7398],[-79.7357,38.7121],[-79.6978,38.6661],[-79.6579,38.6893],[-79.5967,38.6628],[-79.5977,38.6876],[-79.5609,38.7173],[-79.5101,38.7807],[-79.5079,38.8009],[-79.5391,38.8414],[-79.4826,38.8864],[-79.4462,38.8993],[-79.4555,38.9299],[-79.368,38.9248],[-79.3499,38.9575],[-79.0573,38.7614],[-79.055,38.7857],[-79.0273,38.7921],[-78.994,38.8501],[-78.8693,38.763],[-78.788,38.8851],[-78.7591,38.9005],[-78.7389,38.9273],[-78.7162,38.9048],[-78.6805,38.9253],[-78.6466,38.9681],[-78.6205,38.9826],[-78.6017,38.9646],[-78.5505,39.0181],[-78.5719,39.032],[-78.4784,39.1098],[-78.4599,39.1134],[-78.4273,39.1527],[-78.4037,39.1675],[-78.4387,39.198],[-78.3998,39.2441],[-78.4194,39.2575],[-78.36,39.3178],[-78.3405,39.3535],[-78.3471,39.466],[-78.2628,39.4143],[-78.1582,39.3434],[-77.8283,39.1324],[-77.7936,39.2101],[-77.7714,39.2368],[-77.7473,39.295],[-77.7195,39.3213],[-77.7558,39.3339],[-77.7533,39.3783],[-77.7363,39.3877],[-77.7531,39.4233],[-77.7861,39.4472],[-77.7956,39.4896],[-77.8457,39.4986],[-77.8661,39.5177],[-77.8785,39.5635],[-77.8422,39.5643],[-77.838,39.6061],[-77.8851,39.6158],[-77.9233,39.6049],[-77.939,39.5871],[-78.0113,39.6041],[-78.036,39.6357],[-78.0775,39.6689],[-78.1714,39.6956],[-78.2541,39.6401],[-78.2668,39.6188],[-78.3519,39.6405],[-78.3625,39.626],[-78.4205,39.624],[-78.4206,39.6032],[-78.4544,39.5743],[-78.4173,39.5496],[-78.4504,39.5379],[-78.4686,39.5168],[-78.5214,39.5248],[-78.5659,39.5194],[-78.623,39.5395],[-78.656,39.5347],[-78.6895,39.5458],[-78.7675,39.5875],[-78.7775,39.6217],[-78.826,39.5888],[-78.8747,39.5226],[-78.9165,39.4865],[-78.9336,39.4862],[-78.9568,39.4403],[-79.0339,39.4678],[-79.0833,39.4714],[-79.129,39.4295],[-79.2143,39.3635],[-79.2494,39.3556],[-79.282,39.323],[-79.3788,39.2718],[-79.4244,39.2282],[-79.4698,39.2037],[-79.4869,39.206],[-79.4824,39.5317],[-79.4767,39.7211],[-79.8529,39.7207],[-80.5193,39.7214],[-80.5191,40.1597],[-80.519,40.4774],[-80.519,40.6388],[-80.5767,40.6142],[-80.6272,40.6199],[-80.6626,40.5916],[-80.6669,40.5737],[-80.6275,40.5358],[-80.5992,40.4826],[-80.6112,40.4378],[-80.5999,40.3177],[-80.6225,40.2618],[-80.6615,40.2298],[-80.6681,40.1997],[-80.7046,40.1548],[-80.7102,40.0996],[-80.7386,40.0757],[-80.7309,40.0492],[-80.742,40.0056],[-80.7401,39.9708],[-80.7645,39.9466],[-80.7559,39.9166],[-80.8034,39.9188],[-80.7931,39.8638],[-80.827,39.8417],[-80.8261,39.7986],[-80.863,39.7752],[-80.8653,39.7533],[-80.8316,39.7195],[-80.8617,39.6936],[-80.8804,39.6207],[-80.9333,39.6148],[-81.0239,39.5523],[-81.1008,39.4872],[-81.1344,39.4451],[-81.1859,39.4307],[-81.2236,39.3861],[-81.2707,39.3859],[-81.3476,39.3458],[-81.3959,39.3556],[-81.4067,39.3881],[-81.4561,39.4093],[-81.5575,39.3388],[-81.5702,39.2677],[-81.6084,39.276],[-81.6783,39.2738],[-81.6964,39.257],[-81.6913,39.2279],[-81.7256,39.2158],[-81.7558,39.1805]]]},"properties":{"district_code":"WV-02","state_code":"WV","state_name":"West Virginia","district_number":"02","label":"West Virginia — District 2"}},{"type":"Feature","geometry":{"type":"Polygon","coordinates":[[[-121.8616,38.0699],[-121.8321,38.0311],[-121.7888,38.0184],[-121.7517,38.0243],[-121.6998,38.0452],[-121.6819,38.082],[-121.6619,38.0956],[-121.58,38.0944],[-121.5841,38.1202],[-121.5363,38.1516],[-121.5292,38.1938],[-121.5043,38.2121],[-121.471,38.2599],[-121.4291,38.2547],[-121.4112,38.2319],[-121.344,38.2283],[-121.2955,38.2376],[-121.2684,38.2523],[-121.2225,38.2444],[-121.1731,38.2552],[-121.0648,38.2995],[-121.0271,38.3003],[-121.0275,38.5082],[-121.0414,38.5407],[-121.1014,38.5188],[-121.1019,38.4976],[-121.1417,38.503],[-121.1755,38.4927],[-121.2425,38.5058],[-121.2427,38.5256],[-121.335,38.5439],[-121.3863,38.5431],[-121.3828,38.5668],[-121.4663,38.5889],[-121.479,38.5989],[-121.5539,38.6036],[-121.5831,38.602],[-121.5882,38.5423],[-121.577,38.448],[-121.5331,38.4292],[-121.5168,38.4053],[-121.5227,38.3615],[-121.5898,38.3227],[-121.6272,38.29],[-121.6494,38.2316],[-121.6713,38.221],[-121.6559,38.1923],[-121.6856,38.1597],[-121.7139,38.0845],[-121.7432,38.0872],[-121.7964,38.0608],[-121.8616,38.0699]]]},"properties":{"district_code":"CA-07","state_code":"CA","state_name":"California","district_number":"07","label":"California — District 7"}},{"type":"Feature","geometry":{"type":"Polygon","coordinates":[[[-93.9349,44.4567],[-93.9279,44.4445],[-93.962,44.3659],[-93.9452,44.339],[-93.9598,44.3073],[-94.011,44.2768],[-94.0191,44.2395],[-93.768,44.2394],[-93.768,44.1958],[-93.4046,44.1964],[-93.4031,44.3705],[-93.1207,44.3704],[-93.084,44.3851],[-93.0601,44.4285],[-93.0398,44.4286],[-93.0397,44.5125],[-92.9849,44.5188],[-92.9381,44.5114],[-92.919,44.5433],[-92.7926,44.543],[-92.7926,44.6297],[-92.732,44.6295],[-92.732,44.7137],[-92.808,44.7515],[-92.7653,44.8411],[-92.7691,44.862],[-92.8624,44.8619],[-92.8625,44.8911],[-93.02,44.8907],[-93.0516,44.9195],[-93.1286,44.9196],[-93.1539,44.8929],[-93.1785,44.8883],[-93.1979,44.862],[-93.2114,44.8397],[-93.2519,44.8115],[-93.3045,44.7945],[-93.381,44.7858],[-93.3848,44.7973],[-93.4413,44.8112],[-93.4567,44.8032],[-93.5202,44.805],[-93.58,44.7936],[-93.6315,44.7373],[-93.6179,44.7073],[-93.6751,44.6926],[-93.7382,44.646],[-93.768,44.6404],[-93.8155,44.633],[-93.8897,44.5967],[-93.9122,44.5381],[-93.8873,44.5044],[-93.9168,44.4632],[-93.9349,44.4567]]]},"properties":{"district_code":"MN-02","state_code":"MN","state_name":"Minnesota","district_number":"02","label":"Minnesota — District 2"}},{"type":"Feature","geometry":{"type":"Polygon","coordinates":[[[-82.1715,41.0635],[-82.4369,41.0654],[-82.4329,40.9929],[-82.7248,40.9956],[-82.7272,40.7112],[-82.8582,40.7124],[-82.9578,40.7033],[-83.3047,40.702],[-83.3045,40.7306],[-83.4199,40.7303],[-83.4193,40.8031],[-83.3995,40.8176],[-83.8801,40.8199],[-83.8804,40.9204],[-83.9952,40.9198],[-83.9952,40.9051],[-84.1095,40.9047],[-84.1096,40.861],[-84.3405,40.8591],[-84.3401,40.8161],[-84.3974,40.8159],[-84.3968,40.6849],[-84.4562,40.6849],[-84.4554,40.3586],[-84.4346,40.3543],[-84.4346,40.3253],[-84.2842,40.3297],[-84.2489,40.3161],[-84.247,40.3538],[-84.2093,40.3476],[-84.2083,40.3162],[-84.1552,40.3166],[-84.1316,40.3072],[-84.0721,40.3386],[-84.0418,40.3373],[-84.0103,40.3172],[-84.0361,40.0402],[-83.6324,40.0163],[-83.5161,40.0108],[-83.5037,40.1115],[-83.1702,40.1071],[-83.1699,40.1431],[-83.0638,40.1383],[-82.8841,40.1312],[-82.8935,40.1446],[-82.9464,40.1459],[-82.9296,40.3581],[-82.6465,40.3451],[-82.6332,40.5231],[-82.6428,40.55],[-82.3749,40.5509],[-82.2203,40.5682],[-82.2204,40.5945],[-82.2211,40.6674],[-82.1262,40.6684],[-82.125,40.8863],[-82.1293,40.9918],[-82.1734,40.9921],[-82.1715,41.0635]]]},"properties":{"district_code":"OH-04","state_code":"OH","state_name":"Ohio","district_number":"04","label":"Ohio — District 4"}},{"type":"Feature","geometry":{"type":"Polygon","coordinates":[[[-95.6883,29.7109],[-95.7755,29.7006],[-95.7444,29.6646],[-95.715,29.6651],[-95.7046,29.6376],[-95.7281,29.5909],[-95.7521,29.5601],[-95.7454,29.5451],[-95.7027,29.5376],[-95.6904,29.5616],[-95.6384,29.5635],[-95.6349,29.5894],[-95.6479,29.6121],[-95.6393,29.6427],[-95.5971,29.6606],[-95.6043,29.6889],[-95.5703,29.6884],[-95.5574,29.7045],[-95.4934,29.7113],[-95.4932,29.6782],[-95.4557,29.6813],[-95.4121,29.6973],[-95.3903,29.725],[-95.3857,29.752],[-95.4097,29.7833],[-95.4102,29.8068],[-95.4502,29.8015],[-95.4539,29.7809],[-95.4094,29.7668],[-95.4107,29.7426],[-95.5009,29.7375],[-95.5784,29.767],[-95.6185,29.7637],[-95.6883,29.7109]]]},"properties":{"district_code":"TX-07","state_code":"TX","state_name":"Texas","district_number":"07","label":"Texas — District 7"}},{"type":"Feature","geometry":{"type":"Polygon","coordinates":[[[-118.093,33.7861],[-118.092,33.7585],[-118.1154,33.7433],[-118.0889,33.7312],[-118.0006,33.6543],[-117.928,33.6072],[-117.8734,33.5929],[-117.8135,33.5512],[-117.7843,33.5418],[-117.743,33.4991],[-117.737,33.5396],[-117.721,33.5506],[-117.738,33.5539],[-117.7504,33.5921],[-117.678,33.685],[-117.723,33.7094],[-117.7068,33.7405],[-117.7523,33.7674],[-117.8022,33.7173],[-117.8084,33.695],[-117.8433,33.7056],[-117.8682,33.6941],[-117.9194,33.6956],[-117.9214,33.7141],[-117.9395,33.6871],[-117.9801,33.6868],[-117.9807,33.7303],[-118.043,33.7522],[-118.0417,33.7812],[-118.093,33.7861]]]},"properties":{"district_code":"CA-47","state_code":"CA","state_name":"California","district_number":"47","label":"California — District 47"}},{"type":"Feature","geometry":{"type":"Polygon","coordinates":[[[-83.4096,29.6684],[-83.3995,29.613],[-83.4071,29.5706],[-83.3957,29.5263],[-83.3793,29.5036],[-83.3567,29.4999],[-83.3078,29.4689],[-83.2802,29.4334],[-83.2405,29.4332],[-83.2181,29.4205],[-83.2041,29.3834],[-83.1799,29.3487],[-83.1646,29.2968],[-83.0972,29.2723],[-83.0773,29.2553],[-83.0861,29.2095],[-83.0677,29.1789],[-83.0565,29.1299],[-83.0209,29.1395],[-82.9986,29.1741],[-82.9226,29.1698],[-82.8342,29.1549],[-82.8139,29.1625],[-82.8018,29.1166],[-82.8156,29.073],[-82.7638,29.0545],[-82.7535,29.0265],[-82.7594,28.9924],[-82.712,29.0308],[-82.6898,29.034],[-82.6127,29.0093],[-82.5345,29.0445],[-82.4984,29.0418],[-82.4729,29.0512],[-82.4182,29.0131],[-82.3664,29.0026],[-82.3159,28.9735],[-82.3113,28.9604],[-82.1236,28.9602],[-82.1503,29.005],[-82.1849,29.0812],[-82.1847,29.1209],[-82.136,29.1354],[-82.0785,29.1353],[-82.0661,29.1499],[-82.0578,29.2119],[-82.0703,29.2229],[-82.144,29.2231],[-82.152,29.2412],[-82.1515,29.338],[-82.1099,29.4118],[-82.1098,29.4354],[-82.0556,29.4418],[-82.055,29.6696],[-82.0492,29.7187],[-82.0461,29.7471],[-82.0492,30.0559],[-82.05,30.3624],[-82.1048,30.3683],[-82.1701,30.3589],[-82.2042,30.4013],[-82.2103,30.4246],[-82.2014,30.4852],[-82.2404,30.5378],[-82.2148,30.5686],[-82.4189,30.5817],[-82.6989,30.5983],[-83.1314,30.6236],[-83.3092,30.6344],[-83.2756,30.6287],[-83.2389,30.518],[-83.2436,30.473],[-83.2259,30.468],[-83.2171,30.4187],[-83.18,30.4102],[-83.171,30.3852],[-83.1922,30.3752],[-83.2128,30.3443],[-83.2099,30.3119],[-83.233,30.292],[-83.2394,30.2604],[-83.2831,30.2529],[-83.2911,30.2022],[-83.2926,30.1292],[-83.3684,30.1287],[-83.3709,29.8879],[-83.353,29.8879],[-83.3529,29.8222],[-83.3189,29.8226],[-83.3195,29.7783],[-83.3457,29.7435],[-83.3507,29.6953],[-83.3734,29.666],[-83.4096,29.6684]]]},"properties":{"district_code":"FL-03","state_code":"FL","state_name":"Florida","district_number":"03","label":"Florida — District 3"}},{"type":"Feature","geometry":{"type":"Polygon","coordinates":[[[-88.2522,41.4628],[-88.2441,41.2016],[-87.9922,41.2052],[-87.9484,41.1651],[-87.8925,41.1468],[-87.8363,41.1497],[-87.838,41.2068],[-87.8191,41.2216],[-87.7801,41.2073],[-87.7817,41.2959],[-87.8236,41.3112],[-87.8243,41.3535],[-87.7858,41.354],[-87.7904,41.528],[-87.7428,41.528],[-87.7427,41.5734],[-87.7066,41.5862],[-87.6995,41.6088],[-87.6657,41.6263],[-87.6606,41.6554],[-87.6217,41.6617],[-87.6236,41.7108],[-87.585,41.7206],[-87.5551,41.741],[-87.5863,41.7661],[-87.5925,41.8169],[-87.6078,41.8528],[-87.6233,41.8347],[-87.6156,41.7802],[-87.6442,41.758],[-87.693,41.7645],[-87.7222,41.7568],[-87.7239,41.7348],[-87.6818,41.7137],[-87.6864,41.6772],[-87.7197,41.6767],[-87.7186,41.6475],[-87.757,41.6322],[-87.7556,41.5903],[-87.776,41.5588],[-87.8562,41.5576],[-87.9105,41.6003],[-87.9127,41.6657],[-87.9803,41.6716],[-88.0284,41.6635],[-88.0277,41.6415],[-88.0603,41.6369],[-88.0646,41.597],[-88.0258,41.5833],[-88.019,41.3804],[-88.1349,41.3782],[-88.1384,41.4647],[-88.2522,41.4628]]]},"properties":{"district_code":"IL-01","state_code":"IL","state_name":"Illinois","district_number":"01","label":"Illinois — District 1"}},{"type":"Feature","geometry":{"type":"Polygon","coordinates":[[[-82.2204,40.5945],[-82.2203,40.5682],[-82.3749,40.5509],[-82.6428,40.55],[-82.6332,40.5231],[-82.6465,40.3451],[-82.9296,40.3581],[-82.9464,40.1459],[-82.8935,40.1446],[-82.8841,40.1312],[-82.7618,40.1259],[-82.7738,39.9761],[-82.7825,39.9397],[-82.8115,39.9321],[-82.7944,39.9108],[-82.8025,39.823],[-82.8243,39.795],[-82.843,39.5615],[-82.7315,39.5544],[-82.7303,39.5691],[-82.6201,39.564],[-82.6175,39.6086],[-82.4961,39.6028],[-82.4903,39.6617],[-82.3745,39.655],[-82.3799,39.5967],[-82.262,39.5906],[-82.2636,39.5621],[-82.1592,39.5566],[-82.1674,39.4663],[-82.2804,39.4729],[-82.2985,39.295],[-82.2602,39.2929],[-82.2686,39.2038],[-82.0493,39.1923],[-81.7558,39.1805],[-81.7256,39.2158],[-81.7218,39.2696],[-81.8184,39.2726],[-81.8166,39.3021],[-81.8537,39.3182],[-81.8449,39.4502],[-81.8258,39.4492],[-81.8232,39.4941],[-81.761,39.4828],[-81.7085,39.4808],[-81.7051,39.531],[-81.7235,39.5476],[-81.7144,39.5842],[-81.6889,39.5905],[-81.5882,39.587],[-81.5861,39.664],[-81.6432,39.6657],[-81.6399,39.7534],[-81.6975,39.755],[-81.6941,39.8426],[-81.5803,39.8391],[-81.5786,39.8977],[-81.4641,39.8946],[-81.4627,39.9235],[-81.3868,39.9215],[-81.386,39.9507],[-81.2341,39.9513],[-81.2259,40.1701],[-81.3396,40.172],[-81.3346,40.3043],[-81.2753,40.3034],[-81.2741,40.3326],[-81.3333,40.3339],[-81.3511,40.3614],[-81.417,40.364],[-81.464,40.3737],[-81.4618,40.4012],[-81.5193,40.4037],[-81.5182,40.4265],[-81.5661,40.4273],[-81.5634,40.478],[-81.496,40.4799],[-81.4835,40.5014],[-81.5117,40.5769],[-81.5089,40.6504],[-81.6491,40.6345],[-81.65,40.6678],[-81.7842,40.6679],[-81.7843,40.6532],[-81.8385,40.6456],[-81.8492,40.5952],[-81.9659,40.5975],[-81.996,40.5942],[-82.2204,40.5945]]]},"properties":{"district_code":"OH-12","state_code":"OH","state_name":"Ohio","district_number":"12","label":"Ohio — District 12"}},{"type":"Feature","geometry":{"type":"Polygon","coordinates":[[[-106.514,32.0009],[-106.4972,31.9521],[-106.4992,31.9193],[-106.4417,31.9361],[-106.3706,31.9272],[-106.4173,31.8514],[-106.4186,31.8288],[-106.3682,31.8315],[-106.3398,31.8664],[-106.3225,31.8369],[-106.2342,31.8267],[-106.2001,31.8156],[-106.1988,31.7118],[-106.1645,31.6974],[-106.1798,31.6803],[-106.1807,31.6394],[-106.2469,31.6131],[-106.2643,31.624],[-106.3128,31.6803],[-106.338,31.6712],[-106.3081,31.6297],[-106.2811,31.5627],[-106.2451,31.5388],[-106.2196,31.4816],[-106.1328,31.4254],[-106.1122,31.4236],[-106.0745,31.3976],[-106.0049,31.3925],[-105.9538,31.3647],[-105.9326,31.3131],[-105.8692,31.2888],[-105.7944,31.2022],[-105.7733,31.1669],[-105.7416,31.1644],[-105.7095,31.1364],[-105.6488,31.1159],[-105.6426,31.0994],[-105.6061,31.085],[-105.5848,31.0563],[-105.5814,31.0268],[-105.5562,30.9889],[-105.5001,30.966],[-105.488,30.9433],[-105.4138,30.8996],[-105.394,30.8764],[-105.3954,30.8491],[-105.2922,30.8263],[-105.2579,30.7947],[-105.2177,30.806],[-105.1619,30.7535],[-105.12,30.75],[-105.0982,30.7165],[-105.0484,30.6805],[-105.0074,30.6865],[-104.9862,30.6629],[-104.9721,30.6103],[-104.9299,30.5992],[-104.899,30.5704],[-104.8719,30.5109],[-104.8595,30.3904],[-104.8107,30.3627],[-104.7973,30.3303],[-104.7613,30.3006],[-104.7606,30.2723],[-104.7338,30.2612],[-104.6867,30.1786],[-104.6964,30.1337],[-104.6858,30.0823],[-104.7069,30.0507],[-104.704,30.0242],[-104.6826,29.977],[-104.6741,29.9105],[-104.6138,29.846],[-104.5909,29.7984],[-104.5498,29.7406],[-104.5395,29.6786],[-104.5157,29.6405],[-104.476,29.628],[-104.4665,29.6093],[-104.3996,29.5723],[-104.3946,29.5561],[-104.3381,29.52],[-104.2968,29.5241],[-104.2617,29.5135],[-104.209,29.481],[-104.2112,29.4498],[-104.1938,29.4413],[-104.1684,29.3965],[-104.1096,29.3741],[-104.0821,29.3459],[-104.0194,29.3119],[-103.9752,29.296],[-103.9189,29.285],[-103.8383,29.2783],[-103.8052,29.2605],[-103.784,29.2655],[-103.7192,29.1814],[-103.7042,29.1847],[-103.6398,29.1612],[-103.6105,29.1658],[-103.5924,29.1503],[-103.5505,29.1562],[-103.5002,29.1159],[-103.4154,29.0379],[-103.3603,29.0185],[-103.3312,29.0163],[-103.2663,28.996],[-103.1546,28.9716],[-103.1172,29.0002],[-103.0978,29.027],[-103.1001,29.0607],[-103.0801,29.0869],[-103.036,29.0987],[-102.998,29.1757],[-102.878,29.2147],[-102.8713,29.2416],[-102.9064,29.2621],[-102.8883,29.2919],[-102.878,29.3545],[-102.8394,29.3589],[-102.8256,29.3969],[-102.831,29.4443],[-102.8073,29.494],[-102.8087,29.5223],[-102.7761,29.5472],[-102.7622,29.5794],[-102.74,29.599],[-102.7422,29.6325],[-102.7041,29.6713],[-102.6914,29.7214],[-102.6613,29.7361],[-102.6225,29.7366],[-102.5721,29.7567],[-102.5483,29.7446],[-102.4873,29.7866],[-102.4098,29.7647],[-102.3897,29.7826],[-102.341,29.8693],[-102.3014,29.8777],[-102.2635,29.8542],[-102.2235,29.8405],[-102.1917,29.8466],[-102.1596,29.8144],[-102.1088,29.7921],[-102.0736,29.7869],[-102.0149,29.7975],[-101.9812,29.8154],[-101.9467,29.8013],[-101.8829,29.7935],[-101.851,29.8079],[-101.8036,29.8034],[-101.7121,29.7628],[-101.6625,29.7713],[-101.6464,29.7543],[-101.608,29.7737],[-101.577,29.7691],[-101.5677,29.7987],[-101.535,29.7977],[-101.5392,29.7618],[-101.5032,29.7646],[-101.4616,29.7898],[-101.4504,29.7533],[-101.4098,29.7706],[-101.3984,29.717],[-101.3754,29.7018],[-101.3731,29.6802],[-101.3455,29.6622],[-101.315,29.6591],[-101.3001,29.6405],[-101.3118,29.5855],[-101.291,29.5715],[-101.2523,29.6042],[-101.2412,29.5654],[-101.2612,29.5368],[-101.2353,29.5249],[-101.1738,29.5146],[-101.1519,29.477],[-101.0871,29.4694],[-101.0602,29.4587],[-101.0366,29.4061],[-101.0042,29.3648],[-100.949,29.3472],[-100.9406,29.3331],[-100.8868,29.3078],[-100.8781,29.2809],[-100.7977,29.2469],[-100.766,29.1858],[-100.7759,29.1733],[-100.7378,29.1391],[-100.6747,29.0998],[-100.6459,28.9864],[-100.6507,28.942],[-100.6392,28.9163],[-100.6136,28.9015],[-100.573,28.8485],[-100.5473,28.8258],[-100.5364,28.7776],[-100.5076,28.7406],[-100.5101,28.6907],[-100.4981,28.6596],[-100.4457,28.6406],[-100.4473,28.6093],[-100.4004,28.5869],[-100.4114,28.5519],[-100.387,28.514],[-100.3349,28.5003],[-100.3675,28.4748],[-100.3362,28.4302],[-100.3496,28.4026],[-100.3142,28.3459],[-100.2886,28.317],[-100.2943,28.2844],[-100.2578,28.2403],[-100.2236,28.2352],[-100.2122,28.1968],[-99.8747,28.1998],[-99.3942,28.2046],[-99.3889,28.0304],[-98.9663,28.0514],[-98.8033,28.0575],[-98.8012,28.2503],[-98.8008,28.6475],[-98.8046,29.0014],[-98.8048,29.2507],[-98.484,29.1407],[-98.4725,29.2499],[-98.5028,29.2907],[-98.5013,29.3196],[-98.6075,29.3166],[-98.6465,29.3606],[-98.6135,29.377],[-98.576,29.3587],[-98.5508,29.3852],[-98.5624,29.3988],[-98.6026,29.4072],[-98.7166,29.3782],[-98.7286,29.386],[-98.7375,29.4296],[-98.7579,29.4607],[-98.7302,29.4843],[-98.7831,29.4865],[-98.7475,29.5366],[-98.6689,29.519],[-98.6295,29.5196],[-98.6339,29.5444],[-98.6674,29.5536],[-98.6084,29.6205],[-98.5761,29.5644],[-98.5549,29.5483],[-98.5582,29.5645],[-98.5083,29.6087],[-98.4913,29.6613],[-98.4608,29.6518],[-98.4427,29.7323],[-98.504,29.7386],[-98.5437,29.7521],[-98.6034,29.7399],[-98.6614,29.7491],[-98.7382,29.7166],[-98.7788,29.7202],[-98.9272,29.5622],[-98.9852,29.5641],[-98.9761,29.6133],[-98.9838,29.6235],[-99.3937,29.6275],[-99.6031,29.6272],[-99.7518,29.6248],[-100.0142,29.6235],[-100.0458,29.6949],[-100.0223,29.7439],[-100.0361,29.7789],[-100.0133,29.7943],[-100.0314,29.841],[-100.0023,29.8968],[-99.9897,30.0257],[-99.973,30.0246],[-99.9676,30.0824],[-99.918,30.0736],[-99.7576,30.0741],[-99.7541,30.2907],[-100.1165,30.2903],[-100.1162,30.7104],[-100.1152,31.088],[-100.2484,31.0887],[-100.6888,31.0866],[-100.9622,31.0825],[-101.2748,31.0794],[-101.2685,31.4745],[-101.2671,31.6509],[-101.7758,31.6513],[-102.3292,31.6513],[-102.7989,31.6518],[-102.7991,32.0858],[-103.0643,32.0871],[-103.0644,32.0005],[-103.3265,32.0004],[-103.7229,32.0002],[-104.0245,32],[-104.3296,32.0001],[-104.8329,32],[-105.154,32.0005],[-105.4733,32.0007],[-105.7314,32.0016],[-106.1255,32.0025],[-106.514,32.0009]]]},"properties":{"district_code":"TX-23","state_code":"TX","state_name":"Texas","district_number":"23","label":"Texas — District 23"}},{"type":"Feature","geometry":{"type":"Polygon","coordinates":[[[-123.149,44.7202],[-123.0741,44.6584],[-123.1058,44.6392],[-123.1648,44.6378],[-123.1952,44.605],[-123.2165,44.4685],[-123.2085,44.4349],[-123.2393,44.3749],[-123.2173,44.3137],[-123.1974,44.3086],[-123.1503,44.2266],[-123.1654,44.2001],[-122.9058,44.2007],[-122.904,44.2591],[-122.8655,44.259],[-122.8655,44.2873],[-122.7763,44.2838],[-122.7627,44.2905],[-122.6468,44.2666],[-122.6397,44.2493],[-122.5935,44.2444],[-122.5673,44.2293],[-122.5354,44.2349],[-122.5032,44.2217],[-122.3846,44.2171],[-122.3672,44.2094],[-122.3273,44.2312],[-122.3271,44.2528],[-122.028,44.2538],[-121.9601,44.2573],[-121.7994,44.2583],[-121.7779,44.2189],[-121.7716,44.1676],[-121.7725,44.091],[-121.8022,44.0527],[-121.8352,44.037],[-121.822,44.0124],[-121.8571,43.9652],[-121.8694,43.9119],[-121.9282,43.9092],[-121.9729,43.8612],[-121.9778,43.8285],[-121.9645,43.8082],[-121.8961,43.7944],[-121.7983,43.8263],[-121.7024,43.8265],[-121.6716,43.8344],[-121.6002,43.826],[-121.5203,43.8567],[-121.5082,43.8389],[-121.4666,43.8584],[-121.4627,43.8194],[-121.4289,43.8195],[-121.3951,43.8794],[-121.3528,43.9105],[-121.3477,43.9623],[-121.3291,43.9911],[-121.2841,44.008],[-121.2437,44.0078],[-121.2536,44.0875],[-121.2295,44.0947],[-121.1737,44.1596],[-121.1028,44.1692],[-121.1085,44.2185],[-121.1075,44.3906],[-121.2293,44.393],[-121.6749,44.3934],[-121.7113,44.4278],[-121.7657,44.4184],[-121.8455,44.4247],[-121.8469,44.4911],[-121.8099,44.5138],[-121.8161,44.5346],[-121.7939,44.5941],[-121.8107,44.6144],[-121.8001,44.6392],[-121.801,44.7039],[-121.785,44.7719],[-121.8124,44.7828],[-121.8122,44.8116],[-121.7759,44.8198],[-121.7613,44.911],[-121.8001,44.9765],[-121.8057,45.0061],[-121.7707,45.0398],[-121.741,45.0344],[-121.7232,45.137],[-121.7486,45.1654],[-121.7482,45.2051],[-121.6984,45.2264],[-121.7839,45.2145],[-121.8246,45.2265],[-121.8593,45.2207],[-121.9226,45.2661],[-122.003,45.2609],[-122.0023,45.2033],[-122.0714,45.218],[-122.1098,45.2038],[-122.2008,45.205],[-122.2627,45.2318],[-122.2916,45.2295],[-122.3615,45.3085],[-122.3871,45.3156],[-122.3814,45.3552],[-122.4202,45.3883],[-122.4685,45.3842],[-122.5021,45.3955],[-122.5436,45.46],[-122.5659,45.4783],[-122.6087,45.4792],[-122.6665,45.4643],[-122.6881,45.4703],[-122.7437,45.4429],[-122.744,45.4153],[-122.7193,45.3952],[-122.7439,45.3722],[-122.7438,45.3175],[-122.7236,45.291],[-122.7519,45.2425],[-122.7453,45.2328],[-122.8001,45.1864],[-122.8402,45.128],[-122.8803,45.1107],[-122.9374,45.0682],[-122.9757,45.0228],[-122.9532,45.0045],[-122.9609,44.9623],[-122.9505,44.906],[-122.8544,44.846],[-122.8349,44.7914],[-122.8749,44.7854],[-122.865,44.7583],[-122.9341,44.7158],[-123.0103,44.689],[-123.014,44.714],[-123.042,44.7376],[-123.1338,44.7521],[-123.149,44.7202]]]},"properties":{"district_code":"OR-05","state_code":"OR","state_name":"Oregon","district_number":"05","label":"Oregon — District 5"}},{"type":"Feature","geometry":{"type":"Polygon","coordinates":[[[-87.6887,35.0038],[-87.7017,34.9655],[-87.6866,34.9337],[-87.7124,34.8982],[-87.7187,34.832],[-87.6786,34.84],[-87.6278,34.8301],[-87.5954,34.8621],[-87.5688,34.8512],[-87.4873,34.8594],[-87.4953,34.819],[-87.4265,34.8],[-87.3702,34.805],[-87.3442,34.7965],[-87.2979,34.7508],[-87.2297,34.764],[-87.1389,34.7241],[-87.1051,34.686],[-87.1101,34.3138],[-86.8387,34.3082],[-86.5819,34.3047],[-86.5813,34.3711],[-86.5528,34.54],[-86.5281,34.4983],[-86.4688,34.4757],[-86.4239,34.4796],[-86.389,34.4997],[-86.3831,34.5209],[-86.3343,34.5096],[-86.3112,34.5393],[-86.3031,34.5926],[-86.1485,34.5991],[-86.1498,34.5336],[-86.1044,34.5066],[-86.0828,34.4645],[-86.0597,34.4754],[-86.0038,34.48],[-85.9623,34.4998],[-85.9385,34.5254],[-85.7855,34.6246],[-85.693,34.7443],[-85.6602,34.755],[-85.6343,34.799],[-85.6271,34.8319],[-85.5831,34.8604],[-85.6052,34.9847],[-85.8244,34.9881],[-86.3972,34.9917],[-86.5285,34.9907],[-86.8621,34.992],[-87.2992,35.0009],[-87.6062,35.0036],[-87.6887,35.0038]]]},"properties":{"district_code":"AL-05","state_code":"AL","state_name":"Alabama","district_number":"05","label":"Alabama — District 5"}},{"type":"Feature","geometry":{"type":"Polygon","coordinates":[[[-122.8854,39.5801],[-122.8903,39.529],[-122.9367,39.5164],[-123.0252,39.5187],[-123.0632,39.5035],[-123.063,39.4525],[-123.0751,39.4077],[-123.0379,39.3639],[-123.0377,39.3362],[-123.0197,39.3218],[-123.0127,39.2362],[-123.0458,39.1735],[-123.0778,39.1738],[-123.0781,39.1387],[-123.093,39.072],[-123.0651,39.0644],[-123.0562,39.0211],[-123.028,38.9966],[-122.9866,38.9973],[-122.9777,38.9467],[-122.9489,38.9002],[-122.9114,38.9015],[-122.84,38.866],[-122.8087,38.8366],[-122.7598,38.8084],[-122.6918,38.7109],[-122.6466,38.7062],[-122.6255,38.6744],[-122.6286,38.6226],[-122.6466,38.5991],[-122.6208,38.5603],[-122.5821,38.5494],[-122.5471,38.5226],[-122.532,38.4794],[-122.56,38.4278],[-122.6227,38.4535],[-122.6344,38.487],[-122.6862,38.4822],[-122.7243,38.4964],[-122.7261,38.4541],[-122.7754,38.4443],[-122.769,38.3587],[-122.7591,38.3212],[-122.7149,38.313],[-122.6715,38.2807],[-122.6541,38.2942],[-122.5783,38.2516],[-122.5633,38.1993],[-122.533,38.173],[-122.5446,38.1599],[-122.4988,38.1113],[-122.4448,38.1383],[-122.3981,38.1428],[-122.4068,38.1556],[-122.1954,38.155],[-122.2152,38.1888],[-122.1939,38.2137],[-122.2016,38.2402],[-122.1921,38.2787],[-122.1951,38.3158],[-122.0648,38.3159],[-121.9974,38.3086],[-121.9404,38.3156],[-121.934,38.3586],[-121.8656,38.3588],[-121.8536,38.3038],[-121.8603,38.2719],[-121.8425,38.2569],[-121.8889,38.2202],[-121.888,38.1476],[-121.8677,38.1434],[-121.8851,38.0803],[-121.8616,38.0699],[-121.7964,38.0608],[-121.7432,38.0872],[-121.7139,38.0845],[-121.6856,38.1597],[-121.6559,38.1923],[-121.6713,38.221],[-121.6494,38.2316],[-121.6272,38.29],[-121.5898,38.3227],[-121.5227,38.3615],[-121.5168,38.4053],[-121.5331,38.4292],[-121.577,38.448],[-121.5882,38.5423],[-121.5831,38.602],[-121.5539,38.6036],[-121.5651,38.6423],[-121.5941,38.6441],[-121.6342,38.6898],[-121.6029,38.7358],[-121.5926,38.7629],[-121.6081,38.7809],[-121.6585,38.7553],[-121.686,38.7634],[-121.7013,38.803],[-121.7233,38.8038],[-121.7305,38.8591],[-121.77,38.8615],[-121.8148,38.8766],[-121.8048,38.9145],[-121.8355,38.9245],[-122.0611,38.9259],[-122.3402,38.9242],[-122.4092,38.963],[-122.4373,39.0214],[-122.4839,39.067],[-122.4971,39.1336],[-122.4745,39.1447],[-122.5153,39.2092],[-122.5734,39.2043],[-122.6349,39.2232],[-122.6654,39.2175],[-122.6914,39.2474],[-122.7571,39.2843],[-122.7753,39.3126],[-122.7417,39.3589],[-122.7417,39.4352],[-122.7326,39.4508],[-122.7356,39.5807],[-122.8854,39.5801]]]},"properties":{"district_code":"CA-04","state_code":"CA","state_name":"California","district_number":"04","label":"California — District 4"}},{"type":"Feature","geometry":{"type":"Polygon","coordinates":[[[-116.916,45.9954],[-116.876,45.9544],[-116.8665,45.917],[-116.7961,45.8585],[-116.7827,45.8254],[-116.6981,45.8209],[-116.6653,45.782],[-116.593,45.7785],[-116.5357,45.7342],[-116.5354,45.6917],[-116.4879,45.6498],[-116.4635,45.6158],[-116.483,45.577],[-116.5236,45.5466],[-116.5566,45.5062],[-116.5548,45.4629],[-116.5882,45.4429],[-116.6738,45.3215],[-116.6745,45.2763],[-116.7032,45.2408],[-116.7312,45.1399],[-116.7825,45.0958],[-116.7973,45.0603],[-116.8479,45.0226],[-116.8568,44.9843],[-116.8357,44.9406],[-116.8524,44.8876],[-116.8958,44.8558],[-116.9337,44.7988],[-116.9347,44.7839],[-116.9989,44.7564],[-117.0442,44.7451],[-117.0618,44.7067],[-117.0959,44.6647],[-117.1205,44.6147],[-117.1442,44.5456],[-117.1816,44.523],[-117.2259,44.4794],[-117.2151,44.4272],[-117.2427,44.3965],[-117.2351,44.3739],[-117.1898,44.3366],[-117.217,44.2884],[-117.1703,44.2589],[-117.1385,44.2594],[-117.1042,44.2799],[-117.0565,44.2309],[-117.0319,44.2486],[-116.9759,44.2428],[-116.9717,44.1973],[-116.9254,44.1915],[-116.8941,44.1602],[-116.9283,44.1073],[-116.9774,44.0854],[-116.9725,44.0488],[-116.9345,44.0212],[-116.9382,43.9846],[-116.9598,43.9638],[-116.9796,43.9153],[-116.9822,43.8712],[-117.0329,43.83],[-117.0266,43.8081],[-117.0267,43.3153],[-117.0267,43.0251],[-117.0267,42.6249],[-117.0266,42.3786],[-117.0262,41.9999],[-116.9692,41.999],[-116.3685,41.9963],[-115.9416,41.9965],[-115.6259,41.9974],[-115.3139,41.9961],[-115.0382,41.996],[-115.0378,42.2456],[-115.0377,42.7684],[-115.4542,42.7679],[-115.4541,42.8511],[-115.4414,42.8511],[-115.4415,42.9311],[-115.4949,42.9264],[-115.5304,42.9427],[-115.6044,42.9377],[-115.6229,42.9557],[-115.6945,42.9394],[-115.7715,42.9387],[-115.7945,42.973],[-115.9067,42.9823],[-115.926,43.0013],[-115.9617,42.9889],[-115.9786,42.9476],[-116.0128,42.9502],[-116.0501,42.9853],[-116.0907,42.9879],[-116.1416,43.0341],[-116.2017,43.0489],[-116.206,43.0932],[-116.2374,43.0945],[-116.2662,43.1123],[-115.9787,43.1134],[-115.9749,43.365],[-116.0277,43.4147],[-116.0579,43.4323],[-116.1451,43.5116],[-116.1608,43.542],[-116.2405,43.5559],[-116.2536,43.5753],[-116.3544,43.5758],[-116.3541,43.6909],[-116.32,43.6846],[-116.3178,43.7224],[-116.2653,43.7636],[-116.2634,43.7938],[-115.9803,43.5859],[-115.8972,43.5988],[-115.8759,43.5913],[-115.8293,43.6056],[-115.782,43.6484],[-115.7445,43.6465],[-115.6904,43.6719],[-115.628,43.7337],[-115.6155,43.7807],[-115.5789,43.7972],[-115.5475,43.7927],[-115.5297,43.8165],[-115.5371,43.8541],[-115.5004,43.8899],[-115.471,43.894],[-115.3735,43.9244],[-115.3558,43.9194],[-115.2865,43.9359],[-115.2519,43.9957],[-115.2342,44.0068],[-115.1819,44.0905],[-115.1491,44.0412],[-115.1362,43.9839],[-115.0745,43.944],[-115.0313,43.954],[-114.9908,43.9497],[-114.9673,43.9821],[-114.986,44.0102],[-115.0324,44.0195],[-115.0477,44.0507],[-115.0205,44.0984],[-115.0467,44.12],[-115.0242,44.1555],[-115.1092,44.1758],[-115.1677,44.2028],[-115.1748,44.2355],[-115.1688,44.2831],[-115.1979,44.2828],[-115.2877,44.3247],[-115.294,44.3428],[-115.2465,44.3879],[-115.2282,44.4235],[-115.2383,44.511],[-115.2805,44.5186],[-115.305,44.5796],[-115.2805,44.6115],[-115.1972,44.6307],[-115.168,44.6476],[-115.1398,44.7131],[-115.1519,44.7286],[-115.0919,44.7667],[-115.0387,44.7507],[-115.0116,44.7143],[-114.9795,44.73],[-114.9276,44.7339],[-114.9136,44.7576],[-114.8144,44.8065],[-114.7945,44.8343],[-114.7676,44.8417],[-114.7689,44.8724],[-114.732,44.8809],[-114.7355,44.9723],[-114.7231,45.0053],[-114.7332,45.0945],[-114.7215,45.121],[-114.7323,45.1512],[-114.6988,45.1897],[-114.6734,45.2345],[-114.6039,45.2958],[-114.67,45.3429],[-114.6745,45.3626],[-114.7179,45.3963],[-114.7601,45.412],[-114.7932,45.4363],[-114.7986,45.4763],[-114.7882,45.5125],[-114.7342,45.4899],[-114.7052,45.4926],[-114.6662,45.4713],[-114.632,45.5192],[-114.565,45.5578],[-114.5385,45.6078],[-114.5635,45.6323],[-114.4996,45.6696],[-114.5042,45.7217],[-114.5465,45.743],[-114.5665,45.7733],[-114.5144,45.8271],[-114.5093,45.8455],[-114.4383,45.8626],[-114.4096,45.8523],[-114.3886,45.8822],[-114.4314,45.936],[-114.4025,45.9579],[-114.4118,45.9779],[-114.4741,45.9922],[-114.4935,46.0524],[-114.4694,46.0618],[-114.4605,46.0978],[-114.5205,46.1249],[-114.5156,46.1661],[-114.476,46.1606],[-114.4459,46.1739],[-114.4519,46.2407],[-114.4707,46.266],[-114.4273,46.2836],[-114.4328,46.3061],[-114.4143,46.3355],[-114.4222,46.3873],[-114.385,46.4112],[-114.3723,46.4428],[-114.4012,46.4791],[-114.3999,46.5022],[-114.3519,46.5077],[-114.3438,46.5897],[-114.3225,46.6113],[-114.3211,46.6475],[-114.3579,46.6687],[-114.4244,46.6606],[-114.4671,46.6318],[-114.547,46.6447],[-114.5834,46.6332],[-114.6141,46.6391],[-114.6417,46.6792],[-114.6246,46.7118],[-114.6646,46.7391],[-114.7526,46.6972],[-114.7881,46.7121],[-114.7652,46.7583],[-114.8296,46.783],[-114.8658,46.8145],[-114.9207,46.8271],[-114.9367,46.8973],[-114.9253,46.9187],[-114.961,46.9304],[-115.0013,46.9719],[-115.0502,46.9812],[-115.0717,47.0259],[-115.1311,47.069],[-115.1443,47.102],[-115.186,47.1294],[-115.2431,47.1507],[-115.3235,47.2563],[-115.5285,47.2993],[-115.5491,47.3472],[-115.7479,47.4417],[-115.6919,47.4571],[-115.6863,47.4849],[-115.7112,47.5233],[-115.7543,47.5526],[-115.6884,47.5956],[-115.6944,47.6238],[-115.7365,47.6547],[-115.7228,47.6947],[-115.825,47.7524],[-115.8475,47.7852],[-115.8451,47.8149],[-115.882,47.8494],[-115.9193,47.8574],[-115.9654,47.9109],[-115.9831,47.9163],[-116.0304,47.9726],[-116.0491,47.9768],[-116.0492,48.4812],[-116.0491,49.0008],[-116.5403,48.9999],[-117.0324,48.9992],[-117.0321,48.8749],[-117.0354,48.4999],[-117.0352,48.3709],[-117.0411,48.1249],[-117.0425,47.839],[-117.0399,47.4778],[-117.0398,47.0489],[-117.0394,46.7002],[-117.0398,46.4254],[-117.056,46.3455],[-117.0238,46.336],[-117.0207,46.3148],[-116.9846,46.2927],[-116.956,46.226],[-116.963,46.1997],[-116.9226,46.1607],[-116.9595,46.0991],[-116.916,45.9954]]]},"properties":{"district_code":"ID-01","state_code":"ID","state_name":"Idaho","district_number":"01","label":"Idaho — District 1"}},{"type":"Feature","geometry":{"type":"Polygon","coordinates":[[[-73.521,41.6198],[-73.6467,41.6054],[-73.6781,41.5885],[-73.6935,41.6091],[-73.743,41.5994],[-73.7652,41.6264],[-73.8125,41.6338],[-73.8433,41.6093],[-73.8558,41.5738],[-73.8472,41.5571],[-73.8611,41.496],[-73.9338,41.4883],[-73.9815,41.4389],[-73.9475,41.3933],[-73.9613,41.3485],[-73.9808,41.3254],[-74.2343,41.1431],[-73.9027,40.9973],[-73.894,40.9972],[-73.8947,41.07],[-73.851,41.0855],[-73.7827,41.07],[-73.7526,41.0788],[-73.7062,41.0742],[-73.7278,41.1007],[-73.4827,41.2128],[-73.551,41.2954],[-73.5434,41.3768],[-73.521,41.6198]]]},"properties":{"district_code":"NY-17","state_code":"NY","state_name":"New York","district_number":"17","label":"New York — District 17"}},{"type":"Feature","geometry":{"type":"Polygon","coordinates":[[[-80.6814,35.1034],[-80.7676,35.0363],[-80.8045,35.0277],[-80.8404,35.0016],[-80.782,34.9358],[-80.7975,34.8198],[-80.5617,34.8175],[-80.234,34.8129],[-79.8707,34.8054],[-79.6929,34.805],[-79.6229,34.8268],[-79.6243,34.8554],[-79.6589,34.8748],[-79.7234,34.8894],[-79.7011,34.9116],[-79.7039,34.9563],[-79.6492,34.9761],[-79.6409,35.0299],[-79.6628,35.0306],[-79.6937,35.0634],[-79.6653,35.092],[-79.6637,35.1315],[-79.6217,35.156],[-79.6588,35.194],[-79.6725,35.245],[-79.698,35.2515],[-79.7517,35.444],[-79.768,35.5115],[-80.0668,35.5057],[-80.0564,35.7501],[-80.0469,35.9207],[-80.0432,36.0108],[-80.1375,36.025],[-80.2137,36.0268],[-80.2138,35.9971],[-80.3303,35.9966],[-80.3943,35.9728],[-80.378,35.9622],[-80.3652,35.8934],[-80.3897,35.8676],[-80.4723,35.8255],[-80.4644,35.805],[-80.5075,35.7748],[-80.5695,35.8155],[-80.632,35.8457],[-80.7078,35.853],[-80.7716,35.6722],[-80.7398,35.5441],[-80.7372,35.5058],[-80.5706,35.5033],[-80.5809,35.4801],[-80.5643,35.423],[-80.54,35.3912],[-80.5792,35.3813],[-80.5602,35.3187],[-80.5941,35.3148],[-80.6241,35.2919],[-80.6279,35.2487],[-80.5503,35.2084],[-80.6814,35.1034]]]},"properties":{"district_code":"NC-08","state_code":"NC","state_name":"North Carolina","district_number":"08","label":"North Carolina — District 8"}},{"type":"Feature","geometry":{"type":"Polygon","coordinates":[[[-79.6108,41.999],[-79.6132,41.6169],[-79.7684,41.6177],[-79.8291,41.6221],[-79.8501,41.5871],[-79.8927,41.5741],[-79.8777,41.5491],[-79.8348,41.5369],[-79.8243,41.4698],[-79.73,41.4703],[-79.7253,41.4237],[-79.7452,41.4035],[-79.7775,41.414],[-79.8173,41.3929],[-79.7917,41.3694],[-79.7823,41.3247],[-79.8568,41.3278],[-79.9107,41.2857],[-79.9054,41.1721],[-79.6969,41.1729],[-79.6893,41.1695],[-79.6899,40.9571],[-79.6929,40.6697],[-79.6684,40.68],[-79.6381,40.6656],[-79.5896,40.6169],[-79.5607,40.5635],[-79.4887,40.5261],[-79.4502,40.5301],[-79.2152,40.776],[-79.215,40.8383],[-79.1479,40.8393],[-79.1447,40.8236],[-79.1009,40.8195],[-79.1004,40.7613],[-78.8017,40.7246],[-78.6355,40.7231],[-78.569,40.7256],[-78.3487,40.7234],[-78.34,40.7335],[-78.1318,40.743],[-77.9442,40.6916],[-77.8249,40.7435],[-77.7685,40.7195],[-77.7187,40.7274],[-77.7105,40.7146],[-77.6526,40.7449],[-77.5934,40.7612],[-77.4388,40.8239],[-77.3571,40.8445],[-77.3541,40.7017],[-77.1505,40.6771],[-77.1096,40.6916],[-77.0939,40.6762],[-77.0355,40.6769],[-77.0031,40.6387],[-76.9463,40.6501],[-76.9399,40.6381],[-76.8798,40.6872],[-76.8565,40.7226],[-76.8593,40.777],[-76.8493,40.8097],[-76.813,40.8471],[-76.8002,40.882],[-76.8541,40.9154],[-76.8824,40.9714],[-76.8676,40.9985],[-76.8579,41.0721],[-76.8844,41.0938],[-76.9074,41.1583],[-76.9669,41.2011],[-76.9145,41.2173],[-76.9702,41.2453],[-77.0157,41.2296],[-77.0467,41.2461],[-77.0631,41.2784],[-77.0547,41.2972],[-76.9965,41.2973],[-76.9935,41.3486],[-76.9235,41.3434],[-76.8554,41.3701],[-76.8273,41.3946],[-76.8267,41.47],[-76.7724,41.4717],[-76.8137,41.59],[-76.8747,41.5969],[-76.8986,41.7945],[-76.9271,42.0017],[-77.1247,41.9994],[-77.5053,42.0001],[-77.832,41.9985],[-78.1247,42.0005],[-78.2712,41.999],[-78.5966,41.9999],[-78.8748,41.9976],[-79.1786,41.9995],[-79.4725,41.9983],[-79.6108,41.999]]]},"properties":{"district_code":"PA-15","state_code":"PA","state_name":"Pennsylvania","district_number":"15","label":"Pennsylvania — District 15"}},{"type":"Feature","geometry":{"type":"Polygon","coordinates":[[[-117.8261,34.0624],[-117.7677,34.0235],[-117.7255,34.0031],[-117.7057,33.9679],[-117.6434,33.9251],[-117.6248,33.9014],[-117.6109,33.946],[-117.5931,33.9608],[-117.5489,33.9572],[-117.5502,34.0335],[-117.4015,34.034],[-117.4226,34.0485],[-117.4053,34.1067],[-117.5935,34.1067],[-117.6111,34.109],[-117.6511,34.1216],[-117.6936,34.1216],[-117.7112,34.0795],[-117.728,34.0795],[-117.7506,34.1096],[-117.7894,34.0729],[-117.8261,34.0624]]]},"properties":{"district_code":"CA-35","state_code":"CA","state_name":"California","district_number":"35","label":"California — District 35"}},{"type":"Feature","geometry":{"type":"Polygon","coordinates":[[[-81.474,28.4161],[-81.5319,28.3473],[-81.6738,28.347],[-81.6586,28.2541],[-81.6206,28.2543],[-81.5395,28.2282],[-81.5241,28.201],[-81.5242,28.1428],[-81.5392,28.1098],[-81.5151,28.058],[-81.5135,28.0268],[-81.4403,28.0339],[-81.42,28.0018],[-81.387,28.0036],[-81.3765,27.9783],[-81.3086,27.9216],[-81.3149,27.9012],[-81.2971,27.8596],[-81.2465,27.8488],[-81.2144,27.8286],[-81.1782,27.7705],[-81.1687,27.726],[-81.1526,27.7183],[-81.1422,27.6432],[-80.8731,27.6423],[-80.8738,27.7339],[-80.8816,27.8225],[-80.8689,27.8225],[-80.8693,28.0847],[-80.8629,28.0847],[-80.8628,28.3472],[-80.8728,28.3696],[-80.899,28.3721],[-80.9453,28.3973],[-80.9791,28.4527],[-81.0613,28.4521],[-81.2303,28.4515],[-81.2478,28.5101],[-81.3021,28.5181],[-81.397,28.5101],[-81.4048,28.4345],[-81.4255,28.4214],[-81.474,28.4161]]]},"properties":{"district_code":"FL-09","state_code":"FL","state_name":"Florida","district_number":"09","label":"Florida — District 9"}},{"type":"Feature","geometry":{"type":"Polygon","coordinates":[[[-95.4983,29.9879],[-95.5476,29.9612],[-95.5848,29.933],[-95.5252,29.9252],[-95.5244,29.8594],[-95.5747,29.8672],[-95.57,29.8318],[-95.5316,29.8324],[-95.5164,29.8035],[-95.4829,29.8028],[-95.4539,29.7809],[-95.4502,29.8015],[-95.4102,29.8068],[-95.4097,29.7833],[-95.3857,29.752],[-95.3903,29.725],[-95.3887,29.6939],[-95.3267,29.6955],[-95.3424,29.741],[-95.2884,29.7882],[-95.2811,29.7486],[-95.2561,29.7682],[-95.2801,29.8025],[-95.2297,29.8243],[-95.2369,29.9065],[-95.2652,29.9154],[-95.3093,29.9095],[-95.3066,29.8912],[-95.3459,29.7862],[-95.3667,29.7739],[-95.3854,29.8339],[-95.4108,29.8388],[-95.4218,29.8883],[-95.4504,29.8844],[-95.48,29.9113],[-95.4833,29.9374],[-95.465,29.9646],[-95.4191,29.9657],[-95.3975,29.9454],[-95.3497,29.939],[-95.296,29.94],[-95.2846,29.9657],[-95.2495,29.9345],[-95.2,29.9228],[-95.2023,29.8884],[-95.1872,29.8708],[-95.2014,29.8882],[-95.1938,29.9449],[-95.2114,29.9567],[-95.2124,29.9994],[-95.297,30.0049],[-95.2947,30.0163],[-95.3826,30.0403],[-95.4613,30.0349],[-95.4638,30.007],[-95.4983,29.9879]]]},"properties":{"district_code":"TX-18","state_code":"TX","state_name":"Texas","district_number":"18","label":"Texas — District 18"}},{"type":"Feature","geometry":{"type":"MultiPolygon","coordinates":[[[[-82.6512,28.1733],[-82.6485,28.0181],[-82.6024,27.9823],[-82.5539,27.967],[-82.5334,27.9385],[-82.5316,27.8717],[-82.5367,27.8408],[-82.4724,27.8226],[-82.4688,27.8433],[-82.4885,27.8632],[-82.4807,27.8893],[-82.4904,27.9198],[-82.4153,27.9004],[-82.4026,27.8826],[-82.3919,27.8239],[-82.4105,27.8107],[-82.4426,27.7575],[-82.4783,27.7463],[-82.4767,27.7237],[-82.5143,27.7056],[-82.5541,27.6458],[-82.5249,27.6454],[-82.4826,27.6729],[-82.4337,27.7315],[-82.3846,27.7821],[-82.3847,27.8644],[-82.3474,27.8644],[-82.3542,27.9495],[-82.3603,27.9636],[-82.3513,28.0117],[-82.3891,28.0125],[-82.3976,28.0326],[-82.505,28.0365],[-82.5418,28.062],[-82.5486,28.1329],[-82.536,28.1726],[-82.6512,28.1733]]],[[[-82.6801,27.7005],[-82.6398,27.7039],[-82.6257,27.727],[-82.6224,27.7892],[-82.5876,27.819],[-82.5984,27.8576],[-82.6384,27.9046],[-82.6767,27.9138],[-82.6623,27.8909],[-82.6642,27.8466],[-82.6797,27.8375],[-82.6801,27.7005]]]]},"properties":{"district_code":"FL-14","state_code":"FL","state_name":"Florida","district_number":"14","label":"Florida — District 14"}},{"type":"Feature","geometry":{"type":"Polygon","coordinates":[[[-81.0677,28.6127],[-81.0953,28.5487],[-81.0627,28.5118],[-81.0613,28.4521],[-80.9791,28.4527],[-80.9453,28.3973],[-80.899,28.3721],[-80.8728,28.3696],[-80.8628,28.3472],[-80.8629,28.0847],[-80.8693,28.0847],[-80.8689,27.8225],[-80.8816,27.8225],[-80.8738,27.7339],[-80.8731,27.6423],[-80.778,27.6432],[-80.7772,27.5587],[-80.6797,27.5587],[-80.3215,27.557],[-80.3439,27.6163],[-80.3844,27.7412],[-80.447,27.862],[-80.531,28.0137],[-80.5634,28.086],[-80.5942,28.1959],[-80.6068,28.2964],[-80.602,28.368],[-80.589,28.4079],[-80.5638,28.4358],[-80.5251,28.4595],[-80.561,28.5307],[-80.5742,28.5853],[-80.6168,28.6346],[-80.7329,28.7912],[-80.9679,28.7902],[-80.9646,28.6143],[-81.0677,28.6127]]]},"properties":{"district_code":"FL-08","state_code":"FL","state_name":"Florida","district_number":"08","label":"Florida — District 8"}},{"type":"Feature","geometry":{"type":"Polygon","coordinates":[[[-84.2034,33.4519],[-84.1814,33.4275],[-84.2155,33.4059],[-84.2194,33.3776],[-84.2472,33.3707],[-84.2473,33.3358],[-84.1506,33.3356],[-84.1508,33.313],[-84.1088,33.3013],[-84.089,33.2856],[-84.1226,33.2527],[-84.1238,33.2028],[-84.0415,33.2026],[-83.877,33.2024],[-83.846,33.1972],[-83.8246,33.1756],[-83.816,33.1318],[-83.6406,33.1586],[-83.4391,33.1856],[-83.4064,33.1853],[-83.3306,33.1675],[-83.2906,33.1904],[-83.1954,33.1763],[-83.0976,33.1515],[-83.1106,33.1272],[-83.1183,33.0802],[-83.1008,33.0499],[-83.0522,33.0807],[-83.0097,33.0806],[-82.9704,33.1091],[-82.9267,33.1163],[-82.8889,33.1386],[-82.855,33.1964],[-82.7989,33.2217],[-82.7528,33.252],[-82.7824,33.2701],[-82.7975,33.3549],[-82.8258,33.3904],[-82.8246,33.428],[-82.8415,33.4316],[-82.8666,33.4666],[-82.8246,33.5022],[-82.8153,33.5211],[-82.7513,33.5101],[-82.7232,33.5392],[-82.7,33.6185],[-82.7438,33.6114],[-82.8144,33.6554],[-82.8905,33.6327],[-82.9382,33.7147],[-82.9285,33.7231],[-82.8655,33.726],[-82.8658,33.7456],[-82.8282,33.7578],[-82.812,33.7761],[-82.8113,33.8283],[-82.7801,33.8127],[-82.7265,33.8651],[-82.7414,33.8809],[-82.7709,33.9726],[-82.7187,33.9848],[-82.6549,33.9913],[-82.6334,33.9746],[-82.6105,33.9816],[-82.5645,33.9557],[-82.5886,33.9998],[-82.596,34.0309],[-82.627,34.0635],[-82.6752,34.1298],[-82.7175,34.1505],[-82.7417,34.2097],[-82.743,34.2514],[-82.7738,34.2887],[-82.8238,34.2706],[-82.9155,34.2477],[-82.9809,34.2115],[-83.0188,34.2341],[-83.0769,34.2224],[-83.1158,34.2621],[-83.1727,34.2385],[-83.1952,34.2471],[-83.2499,34.245],[-83.2976,34.2646],[-83.3443,34.2363],[-83.3648,34.2115],[-83.4024,34.1975],[-83.4792,34.2607],[-83.5615,34.2527],[-83.6199,34.2954],[-83.8177,34.1275],[-83.8649,34.0135],[-83.7991,33.9298],[-83.982,33.7861],[-83.9148,33.7442],[-83.9312,33.6466],[-83.8839,33.6319],[-83.8352,33.6447],[-83.8126,33.5981],[-83.8231,33.5567],[-83.8736,33.5382],[-83.8911,33.5178],[-83.9523,33.5318],[-83.9891,33.548],[-84.0513,33.5361],[-84.0975,33.56],[-84.0991,33.5319],[-84.1389,33.5332],[-84.1442,33.4912],[-84.2171,33.4823],[-84.2034,33.4519]]]},"properties":{"district_code":"GA-10","state_code":"GA","state_name":"Georgia","district_number":"10","label":"Georgia — District 10"}},{"type":"Feature","geometry":{"type":"Polygon","coordinates":[[[-112.4279,33.9207],[-112.4297,33.829],[-112.4471,33.8322],[-112.4468,33.7821],[-112.3948,33.7821],[-112.3946,33.753],[-112.3285,33.7249],[-112.3166,33.7016],[-112.4105,33.6856],[-112.4603,33.6384],[-112.3077,33.6388],[-112.2987,33.6052],[-112.3068,33.5507],[-112.2203,33.5523],[-112.2031,33.5383],[-112.1386,33.5385],[-112.0996,33.5314],[-112.0998,33.6692],[-112.1146,33.6999],[-112.0257,33.6994],[-111.9954,33.7477],[-111.9955,33.772],[-112.0305,33.8281],[-112.0308,33.9011],[-111.9957,33.9009],[-111.9962,34.0299],[-112.1648,34.0482],[-112.1611,34.0177],[-112.2414,33.9405],[-112.2351,33.9164],[-112.2762,33.8825],[-112.4279,33.9207]]]},"properties":{"district_code":"AZ-08","state_code":"AZ","state_name":"Arizona","district_number":"08","label":"Arizona — District 8"}},{"type":"Feature","geometry":{"type":"Polygon","coordinates":[[[-87.8255,41.911],[-87.8405,41.8885],[-87.9033,41.8927],[-87.9206,41.8827],[-87.919,41.8331],[-87.8742,41.8343],[-87.8042,41.865],[-87.7399,41.866],[-87.7392,41.8455],[-87.6858,41.8594],[-87.6442,41.86],[-87.6454,41.8043],[-87.6796,41.8012],[-87.693,41.7645],[-87.6442,41.758],[-87.6156,41.7802],[-87.6233,41.8347],[-87.6078,41.8528],[-87.6159,41.8959],[-87.6872,41.9103],[-87.7458,41.895],[-87.7529,41.9153],[-87.8255,41.911]]]},"properties":{"district_code":"IL-07","state_code":"IL","state_name":"Illinois","district_number":"07","label":"Illinois — District 7"}},{"type":"Feature","geometry":{"type":"Polygon","coordinates":[[[-85.6598,41.7591],[-85.6535,41.4369],[-85.7687,41.4357],[-85.7652,41.1775],[-85.6866,41.1784],[-85.6832,41.0019],[-85.6438,41.0023],[-85.6386,40.6531],[-85.4488,40.6536],[-85.4443,40.3787],[-85.2199,40.379],[-85.2164,40.1786],[-85.111,40.1786],[-85.1062,40.1712],[-85.0196,40.1714],[-84.9913,40.1501],[-84.953,40.1503],[-84.9524,40.1721],[-84.8065,40.1802],[-84.8039,40.3528],[-84.8023,40.643],[-84.8033,40.9882],[-84.8035,41.2526],[-84.806,41.6961],[-84.8059,41.7602],[-84.9728,41.7594],[-85.3081,41.7601],[-85.6598,41.7591]]]},"properties":{"district_code":"IN-03","state_code":"IN","state_name":"Indiana","district_number":"03","label":"Indiana — District 3"}},{"type":"Feature","geometry":{"type":"Polygon","coordinates":[[[-85.9471,38.0051],[-85.877,38.0418],[-85.7126,38.0873],[-85.5671,38.0747],[-85.5656,38.1035],[-85.5796,38.1341],[-85.5424,38.1479],[-85.5095,38.1801],[-85.5009,38.27],[-85.4763,38.2897],[-85.6379,38.3802],[-85.6554,38.3238],[-85.6836,38.2955],[-85.7409,38.2679],[-85.7869,38.2885],[-85.8362,38.2653],[-85.8391,38.2397],[-85.9039,38.1741],[-85.9053,38.0889],[-85.9257,38.0218],[-85.9471,38.0051]]]},"properties":{"district_code":"KY-03","state_code":"KY","state_name":"Kentucky","district_number":"03","label":"Kentucky — District 3"}},{"type":"Feature","geometry":{"type":"Polygon","coordinates":[[[-71.4868,42.3302],[-71.497,42.2898],[-71.4193,42.2573],[-71.3904,42.2719],[-71.3325,42.2491],[-71.274,42.3138],[-71.2604,42.3536],[-71.2171,42.3666],[-71.1676,42.3601],[-71.1282,42.3736],[-71.1244,42.3937],[-71.076,42.3997],[-71.0507,42.4227],[-70.988,42.3928],[-71.0016,42.3647],[-70.97,42.3553],[-70.9669,42.3571],[-70.9906,42.4071],[-70.9661,42.4435],[-71.0108,42.4346],[-71.0901,42.5012],[-71.1198,42.5003],[-71.1355,42.53],[-71.17,42.5155],[-71.1689,42.4871],[-71.2122,42.4664],[-71.2409,42.49],[-71.2897,42.4662],[-71.3663,42.4127],[-71.4643,42.4503],[-71.4784,42.4371],[-71.4694,42.4026],[-71.4868,42.3302]]]},"properties":{"district_code":"MA-05","state_code":"MA","state_name":"Massachusetts","district_number":"05","label":"Massachusetts — District 5"}},{"type":"Feature","geometry":{"type":"Polygon","coordinates":[[[-86.3615,43.2643],[-86.2808,43.136],[-86.2546,43.0834],[-86.2327,43.0158],[-86.2193,42.943],[-85.9034,42.9433],[-85.8928,42.9578],[-85.7822,42.9113],[-85.7825,42.7682],[-85.5456,42.7681],[-85.5458,42.8545],[-85.429,42.8563],[-85.4316,42.9384],[-85.4312,43.118],[-85.6702,43.1166],[-85.9074,43.1189],[-85.9084,43.2059],[-86.1449,43.2052],[-86.1643,43.2342],[-86.2042,43.2524],[-86.2184,43.2722],[-86.2687,43.2522],[-86.3426,43.2477],[-86.3615,43.2643]]]},"properties":{"district_code":"MI-03","state_code":"MI","state_name":"Michigan","district_number":"03","label":"Michigan — District 3"}},{"type":"Feature","geometry":{"type":"Polygon","coordinates":[[[-75.2568,39.852],[-75.2454,39.8387],[-75.2671,39.8079],[-75.2256,39.7833],[-75.2092,39.7564],[-75.1395,39.715],[-75.1076,39.6799],[-75.0535,39.6775],[-74.9119,39.5785],[-74.7362,39.7298],[-74.8194,39.788],[-74.8762,39.7815],[-74.903,39.7911],[-74.9307,39.8859],[-74.9496,39.8983],[-74.9751,39.953],[-75.0184,39.989],[-75.0304,40.0161],[-75.0756,39.978],[-75.1023,39.9724],[-75.1358,39.9433],[-75.1292,39.9148],[-75.1489,39.8837],[-75.183,39.882],[-75.2568,39.852]]]},"properties":{"district_code":"NJ-01","state_code":"NJ","state_name":"New Jersey","district_number":"01","label":"New Jersey — District 1"}},{"type":"Feature","geometry":{"type":"Polygon","coordinates":[[[-74.943,40.3416],[-74.8682,40.2952],[-74.8423,40.2505],[-74.7717,40.2153],[-74.752,40.1835],[-74.7355,40.2008],[-74.7318,40.2422],[-74.7622,40.2843],[-74.7437,40.3314],[-74.7132,40.3585],[-74.6499,40.2418],[-74.5993,40.2468],[-74.5517,40.2906],[-74.5261,40.2931],[-74.482,40.2739],[-74.4608,40.2514],[-74.3934,40.2796],[-74.3775,40.3054],[-74.2621,40.3954],[-74.2617,40.4123],[-74.3136,40.4506],[-74.356,40.4235],[-74.3635,40.4464],[-74.4017,40.4798],[-74.4604,40.4776],[-74.5198,40.5556],[-74.4597,40.5816],[-74.4551,40.596],[-74.3947,40.601],[-74.3827,40.6295],[-74.4085,40.6443],[-74.4417,40.6294],[-74.4832,40.5894],[-74.5863,40.5705],[-74.6158,40.5561],[-74.7027,40.5397],[-74.6762,40.4706],[-74.7018,40.4682],[-74.7153,40.4421],[-74.7481,40.4242],[-74.8085,40.4167],[-74.802,40.385],[-74.8697,40.3778],[-74.8563,40.3467],[-74.943,40.3416]]]},"properties":{"district_code":"NJ-12","state_code":"NJ","state_name":"New Jersey","district_number":"12","label":"New Jersey — District 12"}},{"type":"Feature","geometry":{"type":"Polygon","coordinates":[[[-73.9405,40.7675],[-73.9065,40.7571],[-73.8658,40.7366],[-73.8262,40.7799],[-73.7941,40.8005],[-73.8152,40.8311],[-73.793,40.8834],[-73.8368,40.8833],[-73.8497,40.8511],[-73.8835,40.8391],[-73.9136,40.7968],[-73.9344,40.7781],[-73.9405,40.7675]]]},"properties":{"district_code":"NY-14","state_code":"NY","state_name":"New York","district_number":"14","label":"New York — District 14"}},{"type":"Feature","geometry":{"type":"Polygon","coordinates":[[[-73.4969,42.0497],[-73.5214,42.05],[-73.5271,41.978],[-73.7109,42.0055],[-73.9078,42.0796],[-73.9323,42.0616],[-73.9333,42.0185],[-73.9537,41.9527],[-73.9866,41.9421],[-74.0446,41.9394],[-74.0123,41.9021],[-74.0841,41.9037],[-74.1775,41.9558],[-74.1921,41.9255],[-74.2588,41.8612],[-74.3554,41.9131],[-74.4142,41.8599],[-74.4576,41.8393],[-74.3813,41.7561],[-74.3921,41.71],[-74.3555,41.6835],[-74.3951,41.6449],[-74.3701,41.5886],[-74.43,41.558],[-74.484,41.5043],[-74.7524,41.4937],[-74.7625,41.4495],[-74.7547,41.425],[-74.7134,41.3898],[-74.6949,41.3574],[-74.4576,41.2482],[-74.3449,41.1921],[-74.2343,41.1431],[-73.9808,41.3254],[-73.9613,41.3485],[-73.9475,41.3933],[-73.9815,41.4389],[-73.9338,41.4883],[-73.8611,41.496],[-73.8472,41.5571],[-73.8558,41.5738],[-73.8433,41.6093],[-73.8125,41.6338],[-73.7652,41.6264],[-73.743,41.5994],[-73.6935,41.6091],[-73.6781,41.5885],[-73.6467,41.6054],[-73.521,41.6198],[-73.511,41.7587],[-73.4896,42.0001],[-73.4873,42.0496],[-73.4969,42.0497]]]},"properties":{"district_code":"NY-18","state_code":"NY","state_name":"New York","district_number":"18","label":"New York — District 18"}},{"type":"Feature","geometry":{"type":"Polygon","coordinates":[[[-80.0469,35.9207],[-80.0564,35.7501],[-80.0668,35.5057],[-79.768,35.5115],[-79.7517,35.444],[-79.698,35.2515],[-79.6725,35.245],[-79.6588,35.194],[-79.6217,35.156],[-79.6637,35.1315],[-79.6653,35.092],[-79.6937,35.0634],[-79.6628,35.0306],[-79.6409,35.0299],[-79.6492,34.9761],[-79.7039,34.9563],[-79.7011,34.9116],[-79.7234,34.8894],[-79.6589,34.8748],[-79.6243,34.8554],[-79.6229,34.8268],[-79.6929,34.805],[-79.6753,34.8047],[-79.4616,34.6303],[-79.3317,34.773],[-79.3576,34.8203],[-79.3479,34.8386],[-79.1914,34.8337],[-79.0356,34.9552],[-79.0152,34.9813],[-78.9732,34.9756],[-78.9445,34.993],[-78.9474,35.0222],[-78.8837,35.0706],[-78.879,35.1287],[-78.8526,35.1798],[-78.849,35.2054],[-78.8784,35.2316],[-78.8675,35.245],[-78.8554,35.3027],[-78.8356,35.3027],[-78.7841,35.3255],[-78.8345,35.3605],[-78.8568,35.3623],[-78.8852,35.3297],[-78.919,35.3257],[-78.9666,35.349],[-79.0178,35.3934],[-79.0766,35.4146],[-78.9688,35.5225],[-78.9161,35.5841],[-78.995,35.6102],[-78.947,35.7414],[-78.9094,35.843],[-78.9061,35.8681],[-79.0819,35.8608],[-79.2495,35.8768],[-79.2373,35.8442],[-79.5424,35.8433],[-79.5417,35.8999],[-80.0469,35.9207]]]},"properties":{"district_code":"NC-09","state_code":"NC","state_name":"North Carolina","district_number":"09","label":"North Carolina — District 9"}},{"type":"Feature","geometry":{"type":"Polygon","coordinates":[[[-81.9432,35.9601],[-81.9103,35.9055],[-81.9067,35.8834],[-81.925,35.8431],[-81.9869,35.8069],[-81.8694,35.7196],[-81.8241,35.575],[-81.8567,35.5422],[-81.849,35.4609],[-81.8634,35.4403],[-81.8457,35.4142],[-81.8524,35.3816],[-81.9026,35.385],[-81.9407,35.41],[-81.963,35.3409],[-81.9353,35.3175],[-81.9622,35.2626],[-81.9693,35.1872],[-81.7163,35.1789],[-81.328,35.1634],[-81.3217,35.2604],[-81.2805,35.2424],[-81.2551,35.2522],[-81.2364,35.3075],[-81.2716,35.3163],[-81.1978,35.3552],[-81.1601,35.3473],[-81.1615,35.3716],[-81.1846,35.4098],[-80.9549,35.4001],[-80.9587,35.4326],[-80.9425,35.4577],[-80.9473,35.4885],[-80.9067,35.5148],[-80.7372,35.5058],[-80.7398,35.5441],[-80.7716,35.6722],[-80.7078,35.853],[-80.6932,36.0513],[-80.9757,36.0588],[-81.0981,36.0282],[-81.1375,36.0364],[-81.1667,36.0257],[-81.1933,36.0367],[-81.2685,36.025],[-81.3283,35.9966],[-81.3429,35.9233],[-81.3334,35.8792],[-81.3435,35.829],[-81.3682,35.8454],[-81.4384,35.8205],[-81.4903,35.7805],[-81.556,35.7775],[-81.6008,35.8251],[-81.6392,35.8483],[-81.7098,35.875],[-81.7525,35.9244],[-81.8174,35.9684],[-81.87,35.9763],[-81.8999,35.9999],[-81.9432,35.9601]]]},"properties":{"district_code":"NC-10","state_code":"NC","state_name":"North Carolina","district_number":"10","label":"North Carolina — District 10"}},{"type":"Feature","geometry":{"type":"Polygon","coordinates":[[[-96.4908,34.9106],[-96.4604,34.9165],[-96.4356,34.9023],[-96.4061,34.9342],[-96.4064,34.68],[-96.5122,34.6801],[-96.5121,34.5056],[-96.8808,34.5061],[-96.881,34.333],[-96.9333,34.3326],[-96.9335,34.1727],[-96.9684,34.1727],[-96.9697,34.013],[-96.9348,34.0129],[-96.9348,33.9544],[-96.8994,33.9337],[-96.8957,33.8964],[-96.8664,33.8531],[-96.8322,33.8748],[-96.7943,33.8689],[-96.7616,33.8244],[-96.7124,33.8316],[-96.6907,33.85],[-96.6734,33.9123],[-96.5973,33.8751],[-96.6232,33.8415],[-96.5729,33.8191],[-96.5267,33.8209],[-96.5003,33.7726],[-96.4226,33.776],[-96.4035,33.7463],[-96.3696,33.7168],[-96.3622,33.6918],[-96.338,33.6887],[-96.31,33.7105],[-96.2965,33.7658],[-96.2636,33.7675],[-96.229,33.748],[-96.1781,33.7605],[-96.1628,33.7888],[-96.1648,33.8178],[-96.1481,33.8378],[-96.1001,33.848],[-96.0488,33.8365],[-95.9413,33.8616],[-95.9258,33.885],[-95.8452,33.8391],[-95.8008,33.8612],[-95.7706,33.8453],[-95.7516,33.8611],[-95.7564,33.8926],[-95.7105,33.885],[-95.6601,33.9101],[-95.6268,33.9079],[-95.5967,33.9421],[-95.5545,33.9281],[-95.5509,33.893],[-95.5333,33.8812],[-95.4726,33.8803],[-95.4409,33.8664],[-95.3625,33.8666],[-95.3349,33.8768],[-95.2788,33.8779],[-95.2527,33.8942],[-95.2502,33.9385],[-95.2141,33.9621],[-95.1583,33.9375],[-95.1212,33.9313],[-95.0601,33.9019],[-95.0466,33.8626],[-94.9927,33.8525],[-94.9689,33.8609],[-94.9535,33.8165],[-94.8747,33.7492],[-94.8493,33.7396],[-94.7883,33.7353],[-94.7482,33.7247],[-94.7359,33.6916],[-94.5803,33.6788],[-94.5514,33.6285],[-94.5046,33.6207],[-94.4859,33.6379],[-94.4727,34.103],[-94.4658,34.3521],[-94.4575,34.6349],[-94.4493,34.8959],[-94.437,35.2467],[-94.4307,35.3925],[-94.4633,35.5827],[-94.5227,35.9343],[-94.5862,36.3],[-94.6179,36.4994],[-94.618,36.9989],[-94.9953,36.9995],[-95.4077,36.9992],[-95.9643,36.9991],[-96.0008,36.9989],[-96.0006,36.6762],[-96.0012,36.4237],[-95.7944,36.4236],[-95.8122,36.3942],[-95.8122,36.3221],[-95.7761,36.3111],[-95.7761,36.264],[-95.7586,36.264],[-95.7584,36.206],[-95.7261,36.2096],[-95.7264,36.1626],[-95.6185,36.1625],[-95.6047,36.1335],[-95.5678,36.1294],[-95.5526,36.0915],[-95.5775,36.0784],[-95.5239,36.0484],[-95.5423,36.007],[-95.5602,35.9951],[-95.5254,35.9592],[-95.4958,35.9568],[-95.4795,35.907],[-95.4029,35.8856],[-95.4022,35.8066],[-95.4263,35.7984],[-95.4776,35.8042],[-95.5631,35.7879],[-95.5846,35.7656],[-95.6398,35.791],[-95.6391,35.8329],[-95.6504,35.8566],[-96.1372,35.8571],[-96.1924,35.857],[-96.1926,35.6391],[-96.6208,35.639],[-96.6243,35.4047],[-96.5351,35.3914],[-96.5557,35.4346],[-96.4966,35.4289],[-96.4715,35.463],[-96.4413,35.4677],[-96.4413,35.1158],[-96.4904,35.1159],[-96.4908,34.9106]]]},"properties":{"district_code":"OK-02","state_code":"OK","state_name":"Oklahoma","district_number":"02","label":"Oklahoma — District 2"}},{"type":"Feature","geometry":{"type":"Polygon","coordinates":[[[-75.5297,40.447],[-75.5693,40.3979],[-75.5459,40.3707],[-75.4968,40.3444],[-75.4432,40.3313],[-75.4297,40.3148],[-75.3557,40.2746],[-75.2987,40.2504],[-75.2055,40.1943],[-75.1428,40.1705],[-75.1069,40.1923],[-75.0151,40.138],[-74.9631,40.115],[-74.9588,40.0825],[-74.9737,40.0482],[-74.9326,40.0688],[-74.8598,40.0849],[-74.8161,40.1277],[-74.7821,40.1208],[-74.7244,40.1464],[-74.752,40.1835],[-74.7717,40.2153],[-74.8423,40.2505],[-74.8682,40.2952],[-74.943,40.3416],[-74.964,40.3952],[-74.9964,40.4105],[-75.0248,40.4035],[-75.0588,40.4181],[-75.0706,40.4552],[-75.0629,40.4816],[-75.0686,40.5422],[-75.1003,40.5678],[-75.1367,40.5757],[-75.1753,40.565],[-75.194,40.5763],[-75.1968,40.6086],[-75.2582,40.582],[-75.4097,40.488],[-75.4841,40.4185],[-75.5297,40.447]]]},"properties":{"district_code":"PA-01","state_code":"PA","state_name":"Pennsylvania","district_number":"01","label":"Pennsylvania — District 1"}},{"type":"Feature","geometry":{"type":"Polygon","coordinates":[[[-75.415,40.0901],[-75.3926,40.061],[-75.4043,40.0274],[-75.4538,39.9936],[-75.4361,39.9849],[-75.5238,39.9441],[-75.5464,39.9097],[-75.5979,39.8745],[-75.5948,39.8373],[-75.4988,39.8333],[-75.4234,39.8066],[-75.4151,39.8019],[-75.3304,39.849],[-75.2568,39.852],[-75.183,39.882],[-75.1489,39.8837],[-75.1292,39.9148],[-75.2017,39.9198],[-75.2396,39.938],[-75.2803,39.975],[-75.2373,39.9961],[-75.2731,40.0133],[-75.2924,40.0354],[-75.3212,40.0393],[-75.3381,40.0605],[-75.3201,40.0817],[-75.3167,40.1248],[-75.3445,40.1418],[-75.3651,40.121],[-75.3935,40.1172],[-75.415,40.0901]]]},"properties":{"district_code":"PA-05","state_code":"PA","state_name":"Pennsylvania","district_number":"05","label":"Pennsylvania — District 5"}},{"type":"Feature","geometry":{"type":"Polygon","coordinates":[[[-103.0024,36.5004],[-103.0419,36.5004],[-103.0408,36.0552],[-103.0416,35.6225],[-103.0424,35.1831],[-103.0428,34.7474],[-102.7607,34.7475],[-102.3709,34.746],[-101.9985,34.7482],[-101.4716,34.7475],[-101.4716,34.3123],[-101.0415,34.3124],[-101.0415,33.958],[-101.04,33.6314],[-101.0388,33.3972],[-100.7503,33.3983],[-100.2572,33.3976],[-99.991,33.3974],[-99.4343,33.3989],[-98.9539,33.3975],[-98.7503,33.3957],[-98.4207,33.3962],[-98.4214,33.4668],[-98.1725,33.4663],[-97.9789,33.4671],[-97.979,33.4337],[-97.9182,33.4339],[-97.9204,33.0993],[-97.9058,33.1156],[-97.8612,33.1146],[-97.8274,33.182],[-97.7814,33.2176],[-97.741,33.2091],[-97.711,33.2295],[-97.6216,33.2307],[-97.5905,33.245],[-97.5679,33.2401],[-97.3908,33.2458],[-97.3916,33.2189],[-97.3177,33.2209],[-97.162,33.219],[-97.1266,33.176],[-97.1232,33.1368],[-97.0964,33.1321],[-97.087,33.1638],[-97.0409,33.1809],[-97.0198,33.1774],[-97.0376,33.2592],[-97.0583,33.2775],[-97.1091,33.285],[-97.1374,33.3267],[-97.2007,33.322],[-97.217,33.3493],[-97.2201,33.4251],[-97.4871,33.4337],[-97.484,33.9158],[-97.501,33.9196],[-97.5515,33.8979],[-97.5811,33.8997],[-97.597,33.9202],[-97.5888,33.9519],[-97.6338,33.9813],[-97.6718,33.9914],[-97.6979,33.9773],[-97.7323,33.9367],[-97.802,33.8943],[-97.8343,33.8577],[-97.8658,33.8494],[-97.9367,33.8792],[-97.9678,33.8824],[-97.9572,33.9145],[-97.9604,33.9519],[-97.9459,33.9884],[-97.9717,34.0054],[-98.0195,33.9938],[-98.0828,34.0024],[-98.0984,34.0239],[-98.0838,34.0417],[-98.1146,34.0623],[-98.1194,34.0845],[-98.0907,34.122],[-98.1095,34.1541],[-98.1368,34.145],[-98.1691,34.1142],[-98.2001,34.1168],[-98.231,34.134],[-98.3002,34.1346],[-98.3254,34.151],[-98.364,34.1571],[-98.395,34.1313],[-98.4116,34.0881],[-98.4863,34.0626],[-98.5998,34.1606],[-98.6481,34.1644],[-98.6906,34.133],[-98.7656,34.1364],[-98.8044,34.1539],[-98.8715,34.165],[-98.9207,34.1834],[-98.9504,34.2117],[-98.9741,34.2036],[-99.0008,34.2176],[-99.0435,34.1982],[-99.0795,34.2115],[-99.1192,34.2017],[-99.1895,34.2143],[-99.1963,34.2815],[-99.2135,34.3107],[-99.2069,34.3383],[-99.2946,34.4154],[-99.3287,34.4224],[-99.381,34.4569],[-99.395,34.4421],[-99.3877,34.412],[-99.3968,34.3794],[-99.43,34.381],[-99.4999,34.4096],[-99.5801,34.4167],[-99.6,34.3747],[-99.6481,34.3823],[-99.695,34.3783],[-99.7164,34.4028],[-99.7542,34.4213],[-99.8143,34.4762],[-99.8223,34.4981],[-99.8531,34.5116],[-99.8871,34.549],[-99.9457,34.5793],[-99.9716,34.5622],[-100.0004,34.5605],[-100.0004,35.0299],[-100.0004,35.3002],[-100.0004,35.7462],[-100.0004,36.0426],[-100.0004,36.4997],[-100.5222,36.4993],[-101.0852,36.4992],[-101.3668,36.4994],[-101.8266,36.4997],[-102.1625,36.5003],[-102.5707,36.5004],[-103.0024,36.5004]]]},"properties":{"district_code":"TX-13","state_code":"TX","state_name":"Texas","district_number":"13","label":"Texas — District 13"}},{"type":"Feature","geometry":{"type":"Polygon","coordinates":[[[-97.9204,33.0993],[-97.9216,33.0013],[-97.4461,32.9922],[-97.3278,32.9914],[-97.3082,32.9752],[-97.2993,32.9913],[-96.9399,32.9888],[-96.8438,33.0113],[-96.8404,33.1525],[-96.869,33.1358],[-96.919,33.1304],[-96.9118,33.1546],[-96.8822,33.163],[-96.8875,33.2193],[-96.8388,33.2194],[-96.8341,33.4055],[-96.8411,33.4134],[-96.9439,33.4164],[-96.9433,33.606],[-96.9446,33.9492],[-96.995,33.932],[-96.9838,33.8909],[-97.0481,33.8175],[-97.0948,33.7985],[-97.0852,33.7655],[-97.0972,33.7278],[-97.1261,33.7169],[-97.1722,33.7375],[-97.2057,33.8029],[-97.2035,33.8218],[-97.1666,33.8473],[-97.1796,33.8923],[-97.2109,33.9161],[-97.2462,33.9003],[-97.2492,33.8751],[-97.2703,33.8582],[-97.3056,33.8864],[-97.3392,33.8621],[-97.3729,33.8195],[-97.4265,33.8194],[-97.4629,33.8418],[-97.451,33.8914],[-97.484,33.9158],[-97.4871,33.4337],[-97.2201,33.4251],[-97.217,33.3493],[-97.2007,33.322],[-97.1374,33.3267],[-97.1091,33.285],[-97.0583,33.2775],[-97.0376,33.2592],[-97.0198,33.1774],[-97.0409,33.1809],[-97.087,33.1638],[-97.0964,33.1321],[-97.1232,33.1368],[-97.1266,33.176],[-97.162,33.219],[-97.3177,33.2209],[-97.3916,33.2189],[-97.3908,33.2458],[-97.5679,33.2401],[-97.5905,33.245],[-97.6216,33.2307],[-97.711,33.2295],[-97.741,33.2091],[-97.7814,33.2176],[-97.8274,33.182],[-97.8612,33.1146],[-97.9058,33.1156],[-97.9204,33.0993]]]},"properties":{"district_code":"TX-26","state_code":"TX","state_name":"Texas","district_number":"26","label":"Texas — District 26"}},{"type":"Feature","geometry":{"type":"Polygon","coordinates":[[[-111.8655,40.6871],[-111.866,40.6222],[-111.9039,40.6207],[-111.8909,40.4937],[-111.9123,40.4496],[-111.8719,40.4155],[-111.8013,40.3708],[-111.8015,40.3439],[-111.7728,40.341],[-111.7723,40.2802],[-111.7306,40.2567],[-111.7372,40.1807],[-111.7323,40.1595],[-111.6007,40.1611],[-111.5599,40.1523],[-111.4985,40.1629],[-111.4945,40.1956],[-111.512,40.234],[-111.5424,40.2612],[-111.5093,40.2843],[-111.4589,40.3004],[-111.4266,40.287],[-111.3741,40.297],[-111.3079,40.2839],[-111.2648,40.2423],[-111.2734,40.2219],[-111.2259,40.1677],[-111.2215,40.1249],[-111.2492,40.0556],[-111.2049,40.0479],[-111.1693,39.996],[-111.143,39.987],[-111.1184,39.9435],[-111.0831,39.9432],[-111.0831,39.9001],[-110.8576,39.8997],[-110.8578,39.8133],[-111.2475,39.813],[-111.2477,39.4672],[-111.3009,39.4672],[-111.2994,39.0323],[-111.2991,38.6723],[-111.307,38.6723],[-111.3057,38.5],[-110.8334,38.5],[-110.0253,38.5],[-110.002,38.4817],[-110.0186,38.4463],[-110.0032,38.4161],[-110.0313,38.3844],[-109.9644,38.3397],[-109.9508,38.2939],[-109.8886,38.2302],[-109.9035,38.1784],[-109.9326,38.1572],[-109.9293,38.1404],[-109.9941,38.1004],[-110.0136,38.1081],[-110.0676,38.0384],[-110.0766,37.9997],[-110.1363,38.0052],[-110.1657,37.9676],[-110.2018,37.9469],[-110.1984,37.9159],[-110.2163,37.8926],[-110.2625,37.8993],[-110.3014,37.8901],[-110.3576,37.8929],[-110.4042,37.8809],[-110.4027,37.8522],[-110.433,37.834],[-110.4389,37.8058],[-110.477,37.8],[-110.4448,37.7614],[-110.4485,37.7379],[-110.4884,37.702],[-110.4863,37.6744],[-110.5674,37.6137],[-110.5995,37.6049],[-110.5984,37.5725],[-110.6373,37.553],[-110.6639,37.5184],[-110.6676,37.4777],[-110.7204,37.4803],[-110.7261,37.4357],[-110.6997,37.4303],[-110.7193,37.4002],[-110.7398,37.3448],[-110.777,37.323],[-110.8045,37.3209],[-110.8567,37.3485],[-110.8682,37.3287],[-110.8389,37.3152],[-110.8411,37.2964],[-110.873,37.2869],[-110.8641,37.2563],[-110.8976,37.2108],[-110.8896,37.1949],[-110.9251,37.1778],[-110.9283,37.1549],[-110.9557,37.1495],[-110.9618,37.1236],[-110.9987,37.1112],[-111.1015,37.1028],[-111.1392,37.0886],[-111.1665,37.1057],[-111.251,37.0256],[-111.2682,37.0541],[-111.2983,37.0435],[-111.3151,37.0123],[-111.3714,37.0016],[-111.413,37.0015],[-111.1337,37.0008],[-111.0665,37.0024],[-110.5007,37.0043],[-110.4702,36.998],[-109.8757,36.9985],[-109.4953,36.9991],[-109.0452,36.9991],[-109.0458,37.375],[-109.0419,37.5307],[-109.0411,37.9072],[-109.0431,37.9743],[-109.0418,38.1647],[-109.0601,38.2755],[-109.0595,38.7199],[-109.0542,38.875],[-109.0515,39.1261],[-109.0514,39.4977],[-109.0506,39.875],[-109.051,40.2226],[-109.0509,40.4444],[-109.048,40.6192],[-109.0501,41.0007],[-109.2507,41.001],[-109.5349,40.9981],[-110.1216,40.9971],[-110.5007,40.9947],[-110.5398,40.9963],[-110.8721,40.9973],[-110.8519,40.9634],[-110.8735,40.917],[-110.9013,40.8995],[-110.914,40.8729],[-110.9719,40.8369],[-111.0635,40.8445],[-111.0758,40.8334],[-111.1611,40.8244],[-111.1982,40.8122],[-111.2745,40.8084],[-111.3244,40.7999],[-111.3843,40.8127],[-111.4077,40.8085],[-111.4074,40.7726],[-111.3793,40.7379],[-111.4339,40.739],[-111.4342,40.6847],[-111.53,40.6793],[-111.5689,40.6902],[-111.6062,40.7129],[-111.7584,40.7114],[-111.7767,40.6905],[-111.8309,40.6871],[-111.8655,40.6871]]]},"properties":{"district_code":"UT-03","state_code":"UT","state_name":"Utah","district_number":"03","label":"Utah — District 3"}},{"type":"Feature","geometry":{"type":"Polygon","coordinates":[[[-114.0415,41.9939],[-114.0396,41.8848],[-114.0402,41.4917],[-114.0421,40.9999],[-113.0591,40.9999],[-112.7994,40.9999],[-112.4516,41.0873],[-112.1268,41.0892],[-112.0975,41.0353],[-112.0657,41.0218],[-112.049,40.9921],[-111.9734,40.9861],[-111.9017,41.0129],[-111.8802,40.9981],[-111.88,40.9524],[-111.8677,40.9221],[-111.8342,40.8856],[-111.8343,40.8561],[-111.8534,40.8347],[-111.9176,40.8058],[-111.8911,40.7743],[-111.8911,40.7498],[-111.8387,40.7498],[-111.8309,40.6871],[-111.7767,40.6905],[-111.7584,40.7114],[-111.6062,40.7129],[-111.5689,40.6902],[-111.53,40.6793],[-111.4342,40.6847],[-111.4339,40.739],[-111.3793,40.7379],[-111.4074,40.7726],[-111.4077,40.8085],[-111.3843,40.8127],[-111.3244,40.7999],[-111.2745,40.8084],[-111.1982,40.8122],[-111.1611,40.8244],[-111.0758,40.8334],[-111.0635,40.8445],[-110.9719,40.8369],[-110.914,40.8729],[-110.9013,40.8995],[-110.8735,40.917],[-110.8519,40.9634],[-110.8721,40.9973],[-111.0467,40.998],[-111.0466,41.3607],[-111.0458,41.5798],[-111.0467,42.0017],[-111.478,41.9996],[-112.1538,41.9972],[-112.1731,42.0015],[-112.7751,41.9998],[-113.0932,41.9974],[-113.5261,41.9927],[-113.9016,41.9886],[-114.0415,41.9939]]]},"properties":{"district_code":"UT-01","state_code":"UT","state_name":"Utah","district_number":"01","label":"Utah — District 1"}},{"type":"Feature","geometry":{"type":"Polygon","coordinates":[[[-88.1138,41.8147],[-88.0869,41.7769],[-88.0394,41.7794],[-88.0118,41.7292],[-87.9146,41.7239],[-87.9127,41.6657],[-87.9105,41.6003],[-87.8562,41.5576],[-87.776,41.5588],[-87.7556,41.5903],[-87.757,41.6322],[-87.7186,41.6475],[-87.7197,41.6767],[-87.6864,41.6772],[-87.6818,41.7137],[-87.7239,41.7348],[-87.7991,41.7335],[-87.7714,41.7742],[-87.8586,41.7836],[-87.8888,41.8046],[-87.9094,41.783],[-87.9467,41.7816],[-87.9469,41.8107],[-87.9659,41.839],[-87.9386,41.8615],[-87.9399,41.9063],[-87.9203,41.9313],[-87.9668,41.9301],[-87.9884,41.9053],[-88.0381,41.9043],[-88.0346,41.8842],[-88.103,41.8653],[-88.1138,41.8147]]]},"properties":{"district_code":"IL-06","state_code":"IL","state_name":"Illinois","district_number":"06","label":"Illinois — District 6"}},{"type":"Feature","geometry":{"type":"MultiPolygon","coordinates":[[[[-86.9562,45.352],[-86.9272,45.3297],[-86.8665,45.3357],[-86.8642,45.3651],[-86.8429,45.3983],[-86.8615,45.4121],[-86.943,45.4153],[-86.9562,45.352]]],[[[-89.2237,44.6814],[-89.2248,44.2434],[-88.7662,44.2434],[-88.7652,44.1695],[-88.7391,44.1872],[-88.7047,44.1696],[-88.6653,44.1696],[-88.6344,44.1553],[-88.6046,44.17],[-88.6053,44.1991],[-88.5647,44.1996],[-88.565,44.2437],[-88.4041,44.2441],[-88.4035,44.0013],[-88.1512,44.0002],[-88.1508,43.9789],[-88.0421,43.9792],[-88.0432,44.241],[-87.8881,44.2405],[-87.8875,44.3276],[-87.543,44.3275],[-87.5176,44.3757],[-87.4837,44.5114],[-87.4375,44.6051],[-87.3935,44.6407],[-87.3435,44.7192],[-87.3185,44.7885],[-87.2826,44.8147],[-87.2615,44.851],[-87.2045,44.8756],[-87.2172,44.8978],[-87.1749,44.9277],[-87.1894,44.9686],[-87.1635,45.0049],[-87.1394,45.0126],[-87.1235,45.0671],[-87.0818,45.0957],[-87.0471,45.094],[-87.0573,45.1245],[-87.085,45.145],[-87.0458,45.1587],[-87.0368,45.2316],[-86.9854,45.2158],[-86.9844,45.2644],[-86.9977,45.2982],[-87.0517,45.2859],[-87.0775,45.2527],[-87.1087,45.257],[-87.1463,45.1919],[-87.1751,45.1731],[-87.2377,45.1682],[-87.2601,45.1132],[-87.2617,45.0863],[-87.3214,45.0382],[-87.3603,44.9876],[-87.4062,44.9045],[-87.3836,44.8851],[-87.3822,44.8343],[-87.4276,44.8824],[-87.4575,44.8794],[-87.5006,44.8584],[-87.6101,44.8384],[-87.7209,44.7245],[-87.7176,44.698],[-87.7658,44.642],[-87.8566,44.6197],[-87.8875,44.5923],[-87.929,44.536],[-87.9707,44.5303],[-88.033,44.5589],[-88.0149,44.5855],[-88.0081,44.6458],[-87.9826,44.7218],[-87.9343,44.7657],[-87.8956,44.8295],[-87.8666,44.8427],[-87.8311,44.8954],[-87.8443,44.9185],[-87.813,44.954],[-87.7752,44.965],[-87.6733,44.9751],[-87.6289,44.9867],[-87.6257,45.0452],[-87.5922,45.0948],[-87.6612,45.1083],[-87.6839,45.1441],[-87.7352,45.1776],[-87.7058,45.2659],[-87.6875,45.2981],[-87.6481,45.3394],[-87.6587,45.3697],[-87.694,45.3899],[-87.7541,45.3494],[-87.8326,45.3522],[-87.8849,45.3628],[-87.8497,45.4095],[-87.8617,45.4345],[-87.813,45.4642],[-87.7928,45.5],[-87.8034,45.5383],[-87.7747,45.602],[-87.8232,45.6627],[-87.7816,45.6733],[-87.8123,45.7113],[-87.8555,45.7269],[-87.8798,45.7548],[-87.9465,45.7567],[-87.9864,45.7696],[-87.9934,45.7956],[-88.0583,45.7807],[-88.0593,45.7131],[-88.1782,45.7181],[-88.4253,45.7224],[-88.4256,45.4635],[-88.4281,45.377],[-88.6778,45.3789],[-88.6801,45.205],[-88.6382,45.2048],[-88.6412,45.1173],[-88.9825,45.118],[-88.9817,45.0289],[-89.2238,45.0292],[-89.2237,44.6814]]]]},"properties":{"district_code":"WI-08","state_code":"WI","state_name":"Wisconsin","district_number":"08","label":"Wisconsin — District 8"}},{"type":"Feature","geometry":{"type":"Polygon","coordinates":[[[-117.8754,33.856],[-117.879,33.874],[-117.9851,33.8754],[-117.9805,33.8395],[-118.0131,33.8304],[-118.0017,33.7992],[-117.9414,33.8032],[-117.8975,33.7889],[-117.9116,33.7598],[-117.9376,33.7596],[-117.9416,33.7326],[-117.9214,33.7141],[-117.9194,33.6956],[-117.8682,33.6941],[-117.8433,33.7056],[-117.8314,33.773],[-117.8531,33.7758],[-117.8499,33.8454],[-117.8754,33.856]]]},"properties":{"district_code":"CA-46","state_code":"CA","state_name":"California","district_number":"46","label":"California — District 46"}},{"type":"Feature","geometry":{"type":"Polygon","coordinates":[[[-118.3606,36.7448],[-118.3802,36.7822],[-118.3742,36.8005],[-118.3898,36.8345],[-118.3615,36.8453],[-118.3608,36.8877],[-118.4091,36.9805],[-118.4226,37.0244],[-118.5031,37.0952],[-118.538,37.1136],[-118.5684,37.1153],[-118.5927,37.1381],[-118.6546,37.1418],[-118.6723,37.1685],[-118.6846,37.2428],[-118.6652,37.261],[-118.716,37.3282],[-118.74,37.3152],[-118.7867,37.3434],[-118.7697,37.3688],[-118.79,37.394],[-118.7596,37.4356],[-118.7958,37.4884],[-118.8505,37.4758],[-118.9172,37.5503],[-119.0023,37.5711],[-119.0344,37.6035],[-119.0326,37.6305],[-119.0614,37.6578],[-119.0652,37.6846],[-119.1243,37.7339],[-119.1985,37.7367],[-119.2163,37.7141],[-119.2601,37.7266],[-119.2431,37.7691],[-119.2013,37.8043],[-119.2267,37.9066],[-119.3084,37.9468],[-119.322,37.969],[-119.3046,38.0239],[-119.3125,38.0457],[-119.3498,38.0856],[-119.397,38.1068],[-119.4544,38.0961],[-119.4695,38.1283],[-119.5765,38.1577],[-119.6264,38.2047],[-119.6049,38.2342],[-119.6132,38.2614],[-119.6514,38.2866],[-119.6392,38.3269],[-119.7,38.3652],[-119.6987,38.4061],[-119.7129,38.4185],[-119.7535,38.4168],[-119.8016,38.4014],[-119.8847,38.3562],[-120.0186,38.4324],[-120.0536,38.4556],[-120.0726,38.4471],[-120.0724,38.6994],[-120.1109,38.7057],[-120.137,38.6412],[-120.2128,38.6294],[-120.2338,38.5883],[-120.2745,38.5595],[-120.3171,38.5451],[-120.3545,38.5481],[-120.4131,38.5312],[-120.4852,38.5214],[-120.5106,38.5115],[-120.5675,38.5073],[-120.5672,38.5289],[-120.6037,38.5422],[-120.6284,38.6339],[-120.677,38.6485],[-120.6622,38.6828],[-120.6757,38.6936],[-120.7427,38.6975],[-120.7363,38.7683],[-120.7725,38.7834],[-120.7837,38.7641],[-120.8217,38.7661],[-120.8798,38.7929],[-120.887,38.8277],[-120.9296,38.8165],[-121.0609,38.8456],[-121.0873,38.8333],[-121.103,38.7855],[-121.1333,38.7315],[-121.1187,38.7171],[-121.0854,38.6478],[-121.0414,38.5407],[-121.0275,38.5082],[-121.0271,38.3003],[-120.9389,38.0883],[-120.876,38.0289],[-120.7527,37.9233],[-120.6534,37.832],[-120.7288,37.8217],[-120.7305,37.8004],[-120.7574,37.7903],[-120.7865,37.8169],[-120.8463,37.8202],[-120.9233,37.7936],[-120.9222,37.7375],[-120.9542,37.7384],[-120.9816,37.7566],[-121.0265,37.7418],[-121.1102,37.7301],[-121.0954,37.6817],[-121.0543,37.6832],[-121.0491,37.6458],[-121.0097,37.6459],[-120.9836,37.6274],[-120.941,37.654],[-120.8981,37.6501],[-120.9018,37.6093],[-120.9346,37.5729],[-120.9018,37.5656],[-120.8951,37.5368],[-120.8156,37.467],[-120.3877,37.6334],[-120.2992,37.4888],[-120.275,37.4436],[-120.266,37.4006],[-120.1827,37.2914],[-120.1838,37.2705],[-120.1438,37.2392],[-120.0932,37.2226],[-120.0521,37.1831],[-120.1033,37.1677],[-120.2273,37.1634],[-120.2065,37.1273],[-120.1421,37.1466],[-120.1112,37.1267],[-120.111,37.1055],[-120.0746,37.0974],[-120.0745,37.0544],[-120.0245,37.0542],[-120.0294,37.0748],[-119.9496,37.0707],[-119.9116,37.0542],[-119.9118,37.0102],[-119.8575,37.0103],[-119.8447,36.9924],[-119.8938,36.9614],[-119.8931,36.8804],[-119.906,36.8501],[-119.8624,36.8372],[-119.8321,36.8044],[-119.7904,36.8085],[-119.7723,36.823],[-119.7296,36.8376],[-119.7303,36.9472],[-119.7405,36.9702],[-119.6908,37.012],[-119.6586,37.0133],[-119.6594,37.0389],[-119.6207,37.0271],[-119.6049,37.071],[-119.5684,37.0636],[-119.497,37.0961],[-119.4697,37.0503],[-119.4903,37.0386],[-119.4667,36.9653],[-119.4075,36.9917],[-119.3863,36.9726],[-119.3329,36.975],[-119.3018,36.9571],[-119.2721,36.9897],[-119.2147,36.958],[-119.199,36.9286],[-119.1693,36.9116],[-119.1252,36.9041],[-119.1262,36.8644],[-119.0965,36.8424],[-119.0606,36.8346],[-119.0201,36.7801],[-119.0209,36.7451],[-119.0494,36.7271],[-119.0303,36.7101],[-119.0144,36.6574],[-118.9848,36.6571],[-118.9824,36.7416],[-118.7509,36.7394],[-118.555,36.7391],[-118.5555,36.7447],[-118.3606,36.7448]]]},"properties":{"district_code":"CA-05","state_code":"CA","state_name":"California","district_number":"05","label":"California — District 5"}},{"type":"Feature","geometry":{"type":"Polygon","coordinates":[[[-117.4263,34.2346],[-117.4105,34.2188],[-117.4413,34.1783],[-117.4926,34.1648],[-117.5409,34.165],[-117.5412,34.1383],[-117.6162,34.1326],[-117.6111,34.109],[-117.5935,34.1067],[-117.4053,34.1067],[-117.4226,34.0485],[-117.4015,34.034],[-117.3754,34.0194],[-117.2961,34.0183],[-117.2994,34.0448],[-117.252,34.0666],[-117.2088,34.0667],[-117.1367,34.0555],[-117.0995,34.0695],[-117.1036,34.1057],[-117.1301,34.1062],[-117.1737,34.1357],[-117.2437,34.1494],[-117.2569,34.1669],[-117.3166,34.1987],[-117.3418,34.1973],[-117.393,34.2268],[-117.4263,34.2346]]]},"properties":{"district_code":"CA-33","state_code":"CA","state_name":"California","district_number":"33","label":"California — District 33"}},{"type":"Feature","geometry":{"type":"Polygon","coordinates":[[[-73.9542,40.848],[-73.9768,40.8278],[-74.0683,40.876],[-74.0544,40.9063],[-74.0837,40.9186],[-74.1389,40.9232],[-74.141,40.9663],[-74.1918,40.9786],[-74.1873,41.0173],[-74.171,41.0293],[-74.249,41.0636],[-74.2707,41.021],[-74.3,41.0031],[-74.2852,40.9788],[-74.2017,40.95],[-74.2061,40.917],[-74.1742,40.9012],[-74.1979,40.8571],[-74.13,40.8199],[-74.1483,40.7799],[-74.0984,40.7725],[-74.0787,40.7506],[-74.0423,40.7801],[-74.0282,40.8156],[-73.9848,40.7977],[-73.9713,40.8163],[-73.9542,40.848]]]},"properties":{"district_code":"NJ-09","state_code":"NJ","state_name":"New Jersey","district_number":"09","label":"New Jersey — District 9"}},{"type":"Feature","geometry":{"type":"Polygon","coordinates":[[[-84.2748,39.9218],[-84.4854,39.9185],[-84.4792,39.591],[-84.3652,39.5895],[-84.2857,39.5896],[-83.977,39.5694],[-83.6702,39.5503],[-83.6477,39.7752],[-83.7201,39.7799],[-83.7007,39.9477],[-83.762,39.9581],[-83.7602,39.9769],[-83.8279,39.981],[-83.8504,39.9419],[-83.893,39.9443],[-83.8964,39.9074],[-83.9355,39.8919],[-83.9398,39.8434],[-84.0537,39.8507],[-84.051,39.8798],[-84.1572,39.886],[-84.1577,39.923],[-84.2748,39.9218]]]},"properties":{"district_code":"OH-10","state_code":"OH","state_name":"Ohio","district_number":"10","label":"Ohio — District 10"}},{"type":"Feature","geometry":{"type":"Polygon","coordinates":[[[-96.0012,36.4237],[-96.0012,36.1613],[-96.2979,36.1623],[-96.2979,36.0758],[-96.2618,36.0754],[-96.2616,36.0208],[-96.2411,36.0209],[-96.1899,35.9884],[-96.19,35.9738],[-96.1369,35.974],[-96.1188,35.9593],[-96.1395,35.9012],[-96.1372,35.8571],[-95.6504,35.8566],[-95.6391,35.8329],[-95.6398,35.791],[-95.5846,35.7656],[-95.5631,35.7879],[-95.4776,35.8042],[-95.4263,35.7984],[-95.4022,35.8066],[-95.4029,35.8856],[-95.4795,35.907],[-95.4958,35.9568],[-95.5254,35.9592],[-95.5602,35.9951],[-95.5423,36.007],[-95.5239,36.0484],[-95.5775,36.0784],[-95.5526,36.0915],[-95.5678,36.1294],[-95.6047,36.1335],[-95.6185,36.1625],[-95.7264,36.1626],[-95.7261,36.2096],[-95.7584,36.206],[-95.7586,36.264],[-95.7761,36.264],[-95.7761,36.3111],[-95.8122,36.3221],[-95.8122,36.3942],[-95.7944,36.4236],[-96.0012,36.4237]]]},"properties":{"district_code":"OK-01","state_code":"OK","state_name":"Oklahoma","district_number":"01","label":"Oklahoma — District 1"}},{"type":"Feature","geometry":{"type":"Polygon","coordinates":[[[-97.3082,32.9752],[-97.3171,32.9032],[-97.2896,32.9021],[-97.2901,32.861],[-97.2768,32.8395],[-97.2387,32.8403],[-97.1775,32.794],[-97.1691,32.8021],[-97.0995,32.8088],[-97.0221,32.8369],[-97.0213,32.8569],[-96.9982,32.8874],[-96.9587,32.9157],[-96.9938,32.9232],[-96.9692,32.9547],[-96.9425,32.9462],[-96.9377,32.9159],[-96.9013,32.9262],[-96.856,32.9181],[-96.8541,32.8601],[-96.8213,32.8512],[-96.8181,32.8227],[-96.7861,32.8221],[-96.7593,32.8834],[-96.7883,32.8996],[-96.7693,32.924],[-96.7675,32.9512],[-96.7347,32.9508],[-96.7343,32.9755],[-96.7787,32.9783],[-96.8046,32.9624],[-96.8036,32.9254],[-96.856,32.9242],[-96.8643,32.9703],[-96.9222,32.9756],[-96.9399,32.9888],[-97.2993,32.9913],[-97.3082,32.9752]]]},"properties":{"district_code":"TX-24","state_code":"TX","state_name":"Texas","district_number":"24","label":"Texas — District 24"}},{"type":"Feature","geometry":{"type":"Polygon","coordinates":[[[-95.8342,30.658],[-95.818,30.5031],[-95.8044,30.3378],[-95.8033,30.0901],[-95.8374,30.0832],[-95.8739,30.1222],[-95.8894,30.1192],[-95.9607,30.1634],[-95.8302,29.8004],[-95.7931,29.8169],[-95.7522,29.8172],[-95.7357,29.7852],[-95.6448,29.7846],[-95.6458,29.849],[-95.624,29.8696],[-95.6511,29.8827],[-95.6198,29.9149],[-95.7011,29.9716],[-95.719,29.9565],[-95.7696,29.9492],[-95.7681,29.9981],[-95.782,30.0033],[-95.781,30.0681],[-95.7546,30.0922],[-95.6554,30.109],[-95.6232,30.1356],[-95.5968,30.1345],[-95.6009,30.1744],[-95.5681,30.2161],[-95.4588,30.2367],[-95.4569,30.2767],[-95.3994,30.3059],[-95.2989,30.2321],[-95.3057,30.2858],[-95.3195,30.3324],[-95.2266,30.3271],[-95.1659,30.345],[-95.0066,30.414],[-94.8304,30.4925],[-94.7753,30.489],[-94.5379,30.4911],[-94.5947,30.7371],[-94.658,31.012],[-94.5619,31.059],[-94.5989,31.0686],[-94.6223,31.0873],[-94.6585,31.0849],[-94.7186,31.107],[-94.7386,31.1037],[-94.8417,31.1432],[-94.9392,31.042],[-95.2002,30.8246],[-95.231,30.8411],[-95.2431,30.8669],[-95.2308,30.887],[-95.2524,30.9067],[-95.3129,30.8979],[-95.3275,30.8595],[-95.3386,30.7378],[-95.4026,30.728],[-95.4311,30.7072],[-95.5131,30.7056],[-95.5011,30.6804],[-95.5364,30.6765],[-95.5618,30.6863],[-95.5773,30.7183],[-95.6141,30.7016],[-95.7039,30.6845],[-95.7497,30.6842],[-95.8342,30.658]]]},"properties":{"district_code":"TX-08","state_code":"TX","state_name":"Texas","district_number":"08","label":"Texas — District 8"}},{"type":"Feature","geometry":{"type":"Polygon","coordinates":[[[-96.8438,33.0113],[-96.9399,32.9888],[-96.9222,32.9756],[-96.8643,32.9703],[-96.856,32.9242],[-96.8036,32.9254],[-96.8046,32.9624],[-96.7787,32.9783],[-96.7343,32.9755],[-96.7347,32.9508],[-96.7675,32.9512],[-96.7693,32.924],[-96.7883,32.8996],[-96.7593,32.8834],[-96.7861,32.8221],[-96.7758,32.793],[-96.7332,32.7776],[-96.7001,32.778],[-96.6588,32.7342],[-96.6487,32.7],[-96.5753,32.7033],[-96.5805,32.745],[-96.6024,32.7653],[-96.6739,32.7989],[-96.659,32.8344],[-96.6349,32.8438],[-96.6655,32.8716],[-96.6655,32.9515],[-96.6134,32.9843],[-96.613,33.0098],[-96.6461,33.0161],[-96.6825,33.0437],[-96.7159,33.0047],[-96.7565,32.9863],[-96.8441,32.9874],[-96.8438,33.0113]]]},"properties":{"district_code":"TX-32","state_code":"TX","state_name":"Texas","district_number":"32","label":"Texas — District 32"}},{"type":"Feature","geometry":{"type":"Polygon","coordinates":[[[-93.2658,45.1246],[-93.2659,45.2115],[-93.3576,45.2123],[-93.3778,45.2271],[-93.4202,45.2175],[-93.5224,45.2444],[-93.5939,45.2091],[-93.64,45.2093],[-93.6589,45.1936],[-93.6299,45.1742],[-93.6355,45.1453],[-93.6894,45.1434],[-93.7206,45.1144],[-93.7275,45.0865],[-93.7619,45.0812],[-93.7667,45.0602],[-93.7684,44.8909],[-93.5207,44.8915],[-93.5202,44.805],[-93.4567,44.8032],[-93.4413,44.8112],[-93.3848,44.7973],[-93.381,44.7858],[-93.3045,44.7945],[-93.2519,44.8115],[-93.2114,44.8397],[-93.1979,44.862],[-93.3188,44.862],[-93.3188,44.8908],[-93.3498,44.9001],[-93.4006,44.9351],[-93.4007,45.0657],[-93.3498,45.0657],[-93.3511,45.0872],[-93.2811,45.0872],[-93.2658,45.1246]]]},"properties":{"district_code":"MN-03","state_code":"MN","state_name":"Minnesota","district_number":"03","label":"Minnesota — District 3"}},{"type":"Feature","geometry":{"type":"Polygon","coordinates":[[[-93.7639,45.8221],[-93.9382,45.824],[-94.3529,45.822],[-94.3055,45.7853],[-94.274,45.7766],[-94.2597,45.7424],[-94.21,45.7011],[-94.203,45.6782],[-94.2638,45.6738],[-94.2887,45.6437],[-94.2935,45.6087],[-94.317,45.5901],[-94.3873,45.612],[-94.3872,45.5868],[-94.5061,45.5859],[-94.5055,45.4995],[-94.3845,45.5004],[-94.3838,45.4279],[-94.2612,45.4287],[-94.2611,45.4068],[-94.2203,45.4068],[-94.2214,45.3558],[-94.2615,45.3557],[-94.2557,45.1669],[-94.2561,44.9795],[-94.0122,44.9787],[-94.0105,44.7175],[-93.8886,44.717],[-93.8888,44.6734],[-93.7682,44.6735],[-93.768,44.6404],[-93.7382,44.646],[-93.6751,44.6926],[-93.6179,44.7073],[-93.6315,44.7373],[-93.58,44.7936],[-93.5202,44.805],[-93.5207,44.8915],[-93.7684,44.8909],[-93.7667,45.0602],[-93.7619,45.0812],[-93.7275,45.0865],[-93.7206,45.1144],[-93.6894,45.1434],[-93.6355,45.1453],[-93.6299,45.1742],[-93.6589,45.1936],[-93.64,45.2093],[-93.5939,45.2091],[-93.5224,45.2444],[-93.4202,45.2175],[-93.3778,45.2271],[-93.3576,45.2123],[-93.2659,45.2115],[-93.2658,45.1246],[-93.2277,45.1245],[-93.0205,45.1239],[-93.0196,45.4118],[-93.1629,45.4142],[-93.5101,45.4148],[-93.5107,45.5588],[-93.7595,45.5596],[-93.7639,45.8221]]]},"properties":{"district_code":"MN-06","state_code":"MN","state_name":"Minnesota","district_number":"06","label":"Minnesota — District 6"}},{"type":"Feature","geometry":{"type":"Polygon","coordinates":[[[-91.1661,33.0043],[-91.2018,32.9612],[-91.2128,32.9221],[-91.1968,32.9068],[-91.16,32.8999],[-91.1313,32.93],[-91.1355,32.9797],[-91.1066,32.9889],[-91.0868,32.9763],[-91.0648,32.9265],[-91.0706,32.8887],[-91.1056,32.8584],[-91.145,32.8429],[-91.1617,32.8125],[-91.1653,32.7513],[-91.0608,32.7275],[-91.0639,32.7029],[-91.1183,32.6741],[-91.1527,32.6408],[-91.1462,32.6041],[-91.1186,32.5851],[-91.0498,32.6072],[-91.0258,32.6466],[-91.0046,32.6098],[-91.0362,32.5796],[-91.0804,32.5564],[-91.0512,32.5309],[-90.9949,32.5086],[-91.0042,32.4821],[-91.0381,32.4904],[-91.0937,32.5491],[-91.1167,32.5001],[-91.0953,32.4587],[-91.0296,32.4335],[-90.9939,32.4509],[-90.9665,32.4339],[-90.9941,32.4039],[-91.0045,32.3681],[-90.9867,32.3518],[-90.9124,32.3395],[-90.9162,32.3036],[-90.9478,32.2835],[-90.9762,32.2965],[-90.9838,32.2106],[-91.0343,32.2415],[-91.0614,32.2186],[-91.0837,32.2265],[-91.1173,32.2067],[-91.1642,32.1969],[-91.1746,32.155],[-91.1628,32.1327],[-91.1113,32.125],[-91.0816,32.134],[-91.0532,32.1242],[-91.0497,32.1574],[-91.0029,32.1621],[-91.0118,32.1312],[-91.0386,32.0983],[-91.08,32.0792],[-91.0987,32.0484],[-91.1286,32.0766],[-91.1616,32.0678],[-91.1451,32.0466],[-91.0955,32.0375],[-91.0759,32.0168],[-91.1174,31.9871],[-91.1644,31.9826],[-91.1883,31.961],[-91.201,31.9092],[-91.2349,31.8769],[-91.2677,31.8627],[-91.2456,31.8332],[-91.262,31.8094],[-91.2894,31.8287],[-91.2934,31.8602],[-91.3457,31.8429],[-91.3655,31.7616],[-91.326,31.7615],[-91.286,31.7721],[-91.2755,31.7455],[-91.365,31.7482],[-91.3971,31.7114],[-91.3957,31.6442],[-91.4211,31.6116],[-91.4638,31.6204],[-91.4977,31.6454],[-91.5166,31.6118],[-91.4852,31.5862],[-91.4227,31.5971],[-91.4079,31.5694],[-91.45,31.5397],[-91.5158,31.5309],[-91.5134,31.4444],[-91.4721,31.3959],[-91.4789,31.365],[-91.516,31.3703],[-91.5485,31.4327],[-91.5783,31.3991],[-91.5499,31.3763],[-91.549,31.3473],[-91.51,31.3168],[-91.5186,31.2753],[-91.5745,31.2613],[-91.6377,31.2677],[-91.6444,31.2344],[-91.5901,31.1937],[-91.5971,31.1635],[-91.626,31.1169],[-91.5676,31.0702],[-91.5644,31.039],[-91.6251,30.9992],[-91.0683,30.9989],[-90.5476,30.9997],[-90.5482,31.3496],[-90.6333,31.3493],[-90.6332,31.6114],[-90.7373,31.6111],[-90.7368,31.6985],[-90.5622,31.6983],[-90.28,31.6999],[-90.2299,31.7237],[-90.1841,31.7315],[-90.1125,31.7697],[-90.1408,31.7894],[-90.136,31.819],[-90.1562,31.8409],[-90.1326,31.8569],[-90.1457,31.8929],[-90.1703,31.9045],[-90.1683,31.9305],[-90.2229,31.9892],[-90.2479,32.0315],[-90.23,32.0467],[-90.2288,32.0954],[-90.2461,32.1034],[-90.2454,32.1714],[-90.2126,32.18],[-90.1817,32.2016],[-90.2057,32.2315],[-90.2053,32.2519],[-90.1794,32.2871],[-90.1753,32.3502],[-90.1235,32.3995],[-90.1518,32.4123],[-90.1766,32.4002],[-90.2438,32.4001],[-90.2436,32.4875],[-90.4499,32.4884],[-90.45,32.5738],[-90.4278,32.5857],[-90.4044,32.5748],[-90.3636,32.5986],[-90.3103,32.5459],[-90.2747,32.5461],[-90.2489,32.5601],[-90.218,32.5533],[-90.1642,32.5684],[-90.1362,32.5533],[-90.0817,32.5607],[-89.9952,32.5604],[-89.9715,32.5224],[-89.9279,32.5155],[-89.8393,32.5932],[-89.8159,32.5825],[-89.7708,32.5992],[-89.7303,32.6342],[-89.7302,32.5772],[-89.3176,32.5765],[-89.3193,32.8751],[-89.3179,33.1089],[-89.3164,33.2856],[-89.4538,33.2859],[-89.454,33.4332],[-89.4243,33.4316],[-89.3811,33.4603],[-89.5065,33.4598],[-89.5071,33.7222],[-89.5078,34.0709],[-89.5094,34.191],[-89.721,34.1925],[-89.7194,34.338],[-89.7222,34.4223],[-89.7213,34.5543],[-89.9372,34.5537],[-90.2049,34.5544],[-90.2399,34.5932],[-90.24,34.6262],[-90.2163,34.6469],[-90.2314,34.702],[-90.2008,34.724],[-90.2021,34.8604],[-90.3048,34.8604],[-90.3384,34.8585],[-90.3998,34.8277],[-90.4387,34.8252],[-90.4497,34.8399],[-90.4294,34.8666],[-90.4623,34.8917],[-90.4844,34.8636],[-90.4554,34.8208],[-90.4765,34.7936],[-90.4484,34.7391],[-90.475,34.7239],[-90.5242,34.7314],[-90.4928,34.7725],[-90.5211,34.8019],[-90.5478,34.7833],[-90.5394,34.7553],[-90.5636,34.7378],[-90.5719,34.7128],[-90.5324,34.6962],[-90.4742,34.7053],[-90.4688,34.67],[-90.5172,34.6309],[-90.5476,34.6317],[-90.5697,34.6664],[-90.5911,34.6192],[-90.5405,34.5579],[-90.5425,34.5401],[-90.5813,34.5156],[-90.5931,34.4773],[-90.5777,34.431],[-90.6135,34.3903],[-90.6409,34.3889],[-90.6668,34.3558],[-90.6575,34.3222],[-90.6931,34.3226],[-90.6786,34.3711],[-90.7205,34.3608],[-90.7496,34.3681],[-90.7687,34.3478],[-90.7364,34.3121],[-90.738,34.2893],[-90.7656,34.2695],[-90.8167,34.2806],[-90.8336,34.2741],[-90.8395,34.2162],[-90.8813,34.2164],[-90.9063,34.2444],[-90.9345,34.2179],[-90.8876,34.1824],[-90.8166,34.183],[-90.8076,34.1618],[-90.8361,34.1379],[-90.8604,34.1392],[-90.91,34.1655],[-90.9586,34.1355],[-90.9477,34.1096],[-90.9213,34.0935],[-90.8935,34.0978],[-90.8711,34.0812],[-90.8963,34.0252],[-90.9582,34.0267],[-90.9882,34.0192],[-90.9615,33.9799],[-91.0001,33.9664],[-91.0189,34.0032],[-91.0487,33.9927],[-91.0833,34.0089],[-91.0897,33.9645],[-91.0785,33.9541],[-91.0231,33.9432],[-91.0102,33.9316],[-91.0346,33.8983],[-91.0698,33.8727],[-91.0702,33.8453],[-91.0491,33.816],[-90.9917,33.7926],[-91.0013,33.7686],[-91.0534,33.7783],[-91.1084,33.7717],[-91.1341,33.7829],[-91.1488,33.7314],[-91.1174,33.7053],[-91.0605,33.7151],[-91.031,33.6794],[-91.0914,33.6578],[-91.1334,33.6768],[-91.1604,33.7066],[-91.2107,33.7004],[-91.2299,33.6843],[-91.2122,33.657],[-91.1825,33.6535],[-91.1374,33.6269],[-91.1369,33.5902],[-91.1715,33.5683],[-91.2251,33.568],[-91.2195,33.5302],[-91.1854,33.5075],[-91.2352,33.439],[-91.2068,33.4338],[-91.1698,33.452],[-91.177,33.4873],[-91.1322,33.4816],[-91.1189,33.4462],[-91.1391,33.427],[-91.209,33.4036],[-91.1663,33.3797],[-91.1419,33.3801],[-91.0995,33.4072],[-91.0943,33.4427],[-91.0582,33.4287],[-91.1204,33.3638],[-91.1422,33.349],[-91.1416,33.2995],[-91.1281,33.2685],[-91.0969,33.2416],[-91.0861,33.2737],[-91.0436,33.2746],[-91.0504,33.2512],[-91.1003,33.2194],[-91.08,33.1703],[-91.0857,33.1372],[-91.1504,33.1307],[-91.1837,33.1417],[-91.2015,33.1096],[-91.1246,33.0641],[-91.1253,33.0389],[-91.1618,33.0199],[-91.1661,33.0043]]]},"properties":{"district_code":"MS-02","state_code":"MS","state_name":"Mississippi","district_number":"02","label":"Mississippi — District 2"}},{"type":"Feature","geometry":{"type":"Polygon","coordinates":[[[-89.8418,30.6656],[-89.825,30.6494],[-89.8223,30.6046],[-89.794,30.5483],[-89.7681,30.515],[-89.7246,30.4919],[-89.6834,30.4518],[-89.6837,30.4059],[-89.6572,30.3565],[-89.6297,30.3393],[-89.6262,30.3143],[-89.6474,30.2913],[-89.6171,30.2275],[-89.5702,30.1803],[-89.5281,30.189],[-89.4977,30.1823],[-89.4494,30.204],[-89.4207,30.2294],[-89.4142,30.2578],[-89.387,30.2667],[-89.3299,30.3029],[-89.3223,30.3193],[-89.3459,30.3436],[-89.3494,30.371],[-89.3149,30.3761],[-89.2687,30.3406],[-89.2918,30.3281],[-89.2718,30.3055],[-89.1868,30.3312],[-89.0781,30.37],[-89.0164,30.3846],[-88.922,30.3938],[-88.8618,30.3918],[-88.8701,30.4242],[-88.8102,30.3947],[-88.7469,30.3476],[-88.7006,30.3437],[-88.6638,30.3621],[-88.5798,30.3458],[-88.5269,30.3424],[-88.5041,30.3201],[-88.4538,30.3296],[-88.4499,30.3548],[-88.395,30.3694],[-88.4039,30.5434],[-88.4186,30.8665],[-88.439,31.2469],[-88.4644,31.698],[-88.4732,31.8939],[-88.6224,31.8572],[-88.7634,31.8359],[-88.9434,31.8246],[-88.9432,31.7842],[-89.0111,31.7844],[-89.0114,31.7698],[-89.0841,31.7699],[-89.0851,31.752],[-89.1175,31.726],[-89.1874,31.7504],[-89.1879,31.7698],[-89.2637,31.7722],[-89.2647,31.8052],[-89.4012,31.7969],[-89.3992,31.434],[-89.6542,31.4338],[-89.654,31.0025],[-89.7281,31.0023],[-89.7357,30.9666],[-89.7563,30.9435],[-89.7448,30.9189],[-89.7736,30.8969],[-89.7682,30.8664],[-89.784,30.8274],[-89.8324,30.7645],[-89.8281,30.725],[-89.8418,30.6656]]]},"properties":{"district_code":"MS-04","state_code":"MS","state_name":"Mississippi","district_number":"04","label":"Mississippi — District 4"}},{"type":"Feature","geometry":{"type":"Polygon","coordinates":[[[-104.053,43.0006],[-104.0531,42.5],[-104.0526,42.125],[-104.053,41.8855],[-104.0523,41.4179],[-104.0532,41.0014],[-103.4974,41.0016],[-102.8658,41.002],[-102.5568,41.0022],[-102.0516,41.0024],[-102.0513,40.7496],[-102.0513,40.3384],[-102.0517,40.0031],[-101.41,40.0024],[-100.9374,40.0021],[-100.4688,40.0017],[-100.197,40.0015],[-99.8134,40.0014],[-99.1698,40.0019],[-98.7104,40.0022],[-98.3919,40.0024],[-97.8384,40.0019],[-97.5114,40.0019],[-97.0497,40.0013],[-96.6224,40.0012],[-96.2392,40.0007],[-95.8825,40.0005],[-95.3083,40],[-95.364,40.0315],[-95.4136,40.0384],[-95.4216,40.059],[-95.3987,40.1264],[-95.431,40.1384],[-95.4363,40.1587],[-95.4763,40.182],[-95.4775,40.2427],[-95.5161,40.2492],[-95.5563,40.2708],[-95.5533,40.2912],[-95.6104,40.314],[-95.6615,40.4159],[-95.6582,40.4419],[-95.6931,40.4694],[-95.7,40.5053],[-95.6617,40.5173],[-95.6523,40.5381],[-95.6718,40.5626],[-95.6941,40.5569],[-95.6972,40.5285],[-95.7571,40.526],[-95.7656,40.5852],[-95.7513,40.6091],[-95.7895,40.6594],[-95.8428,40.6775],[-95.8594,40.7081],[-95.8832,40.7176],[-95.8836,40.7478],[-95.8342,40.7838],[-96.3316,40.7835],[-96.4638,40.784],[-96.4636,40.523],[-96.9126,40.5236],[-96.9135,40.6979],[-97.3684,40.6986],[-97.3681,41.163],[-97.5605,41.1629],[-97.5605,41.2354],[-97.5798,41.2354],[-97.5796,41.3341],[-97.5982,41.328],[-97.5985,41.3951],[-97.7038,41.3949],[-97.7036,41.5268],[-97.8298,41.5262],[-97.8322,41.7422],[-97.8343,42.089],[-97.1759,42.0907],[-96.5555,42.09],[-96.5552,41.742],[-96.4442,41.7418],[-96.4439,41.5239],[-96.4252,41.4803],[-96.3673,41.4367],[-96.3289,41.4366],[-96.329,41.3931],[-95.9375,41.3931],[-95.9329,41.4638],[-96.0047,41.4723],[-96.0195,41.4866],[-95.9928,41.512],[-96,41.5395],[-96.0267,41.5404],[-96.0537,41.5089],[-96.092,41.5339],[-96.0834,41.5833],[-96.1094,41.5969],[-96.1141,41.624],[-96.095,41.6474],[-96.121,41.6779],[-96.1178,41.6942],[-96.076,41.7017],[-96.1026,41.728],[-96.0847,41.7533],[-96.0697,41.8035],[-96.1076,41.8207],[-96.1162,41.8549],[-96.1445,41.8719],[-96.1618,41.9018],[-96.1423,41.9154],[-96.1295,41.9717],[-96.1842,41.9767],[-96.1881,42.0063],[-96.2152,42.0067],[-96.2384,42.0411],[-96.2714,42.045],[-96.2791,42.074],[-96.2673,42.1103],[-96.3101,42.1325],[-96.3478,42.1668],[-96.3566,42.2152],[-96.3237,42.2299],[-96.3313,42.2594],[-96.3685,42.2918],[-96.37,42.3109],[-96.408,42.3374],[-96.4118,42.4109],[-96.3807,42.4464],[-96.3961,42.4841],[-96.4455,42.4906],[-96.5013,42.4827],[-96.5251,42.5102],[-96.5578,42.5204],[-96.6035,42.5045],[-96.626,42.5136],[-96.638,42.552],[-96.6857,42.5779],[-96.711,42.6081],[-96.6877,42.6531],[-96.728,42.6669],[-96.7641,42.662],[-96.8022,42.6722],[-96.8062,42.7042],[-96.9068,42.7338],[-96.9376,42.7196],[-96.9822,42.7606],[-97.0718,42.7723],[-97.1313,42.7719],[-97.1508,42.7956],[-97.2101,42.8093],[-97.2188,42.8458],[-97.2899,42.8555],[-97.3067,42.8676],[-97.3596,42.8548],[-97.4171,42.8659],[-97.4423,42.8462],[-97.5048,42.8585],[-97.5619,42.8476],[-97.6038,42.8583],[-97.6865,42.8424],[-97.7745,42.8498],[-97.8453,42.8677],[-97.8753,42.8587],[-97.8886,42.8173],[-97.9501,42.7696],[-98.035,42.7642],[-98.129,42.8212],[-98.2198,42.8532],[-98.2583,42.8744],[-98.3259,42.8865],[-98.3424,42.9008],[-98.4674,42.9476],[-98.4985,42.9986],[-98.8999,42.9981],[-99.4714,42.998],[-99.9184,42.9981],[-100.6317,42.9981],[-101.0004,42.9975],[-101.6254,42.9962],[-101.85,42.9993],[-102.4873,42.9996],[-102.7921,43],[-103.133,43.0008],[-103.6183,43.0007],[-104.053,43.0006]]]},"properties":{"district_code":"NE-03","state_code":"NE","state_name":"Nebraska","district_number":"03","label":"Nebraska — District 3"}},{"type":"Feature","geometry":{"type":"Polygon","coordinates":[[[-120.0013,39.7224],[-120.0017,39.5389],[-120.0062,39.3415],[-120.0057,39.2252],[-120.001,38.9996],[-119.7792,38.8469],[-119.3301,38.5359],[-119.3296,38.5881],[-119.2862,38.5731],[-119.2814,38.6129],[-119.2651,38.6312],[-119.3302,38.7339],[-119.3298,38.7873],[-119.2546,38.8101],[-119.2252,38.8074],[-119.186,38.8338],[-119.1448,38.845],[-119.0462,38.8389],[-119.0145,38.852],[-119.0149,38.9441],[-118.923,39.0694],[-118.9481,39.0839],[-118.9956,39.0839],[-119.0134,39.122],[-119.0563,39.1198],[-119.1167,39.128],[-119.1073,39.1651],[-119.051,39.1668],[-119.041,39.2652],[-118.9816,39.2452],[-118.9631,39.225],[-118.8907,39.2272],[-118.8481,39.1712],[-118.7924,39.1714],[-118.7927,39.1415],[-118.5702,39.1419],[-118.5332,39.1122],[-118.4777,39.1128],[-118.4775,39.0737],[-118.2436,39.0733],[-117.8651,39.0737],[-117.7755,39.0934],[-117.3319,39.1634],[-117.0141,39.1634],[-116.7508,39.1615],[-116.2351,39.1618],[-115.9071,39.1618],[-115.5999,38.9999],[-115.0008,38.6773],[-114.8363,38.6773],[-114.817,38.6458],[-114.7613,38.5888],[-114.6982,38.5978],[-114.6477,38.586],[-114.6295,38.6774],[-114.0499,38.6774],[-114.0491,39.0055],[-114.0479,39.4558],[-114.0473,39.7594],[-114.0466,39.9969],[-114.0462,40.3983],[-114.0432,40.7717],[-114.0421,40.9999],[-114.0402,41.4917],[-114.0396,41.8848],[-114.0415,41.9939],[-114.5983,41.9945],[-114.8064,42.0018],[-115.0382,41.996],[-115.3139,41.9961],[-115.6259,41.9974],[-115.9416,41.9965],[-116.3685,41.9963],[-116.9692,41.999],[-117.0262,41.9999],[-117.1978,42.0004],[-117.626,41.9981],[-118.1974,41.997],[-118.501,41.9954],[-118.6964,41.9918],[-119.001,41.9938],[-119.2083,41.9932],[-119.8761,41.9972],[-119.9992,41.9949],[-119.9983,41.6188],[-119.9999,41.184],[-119.9994,40.8731],[-119.9959,40.4999],[-119.9962,40.2625],[-119.9976,39.9565],[-120.0013,39.7224]]]},"properties":{"district_code":"NV-02","state_code":"NV","state_name":"Nevada","district_number":"02","label":"Nevada — District 2"}},{"type":"Feature","geometry":{"type":"Polygon","coordinates":[[[-80.9549,35.4001],[-80.9629,35.3751],[-80.9425,35.3509],[-80.9815,35.3427],[-80.9869,35.301],[-80.9389,35.2806],[-80.9398,35.2599],[-80.8972,35.2457],[-80.8701,35.2231],[-80.7948,35.2583],[-80.7746,35.2344],[-80.7807,35.2156],[-80.7412,35.2031],[-80.7565,35.1838],[-80.6814,35.1034],[-80.5503,35.2084],[-80.6279,35.2487],[-80.6241,35.2919],[-80.5941,35.3148],[-80.5602,35.3187],[-80.5792,35.3813],[-80.54,35.3912],[-80.5643,35.423],[-80.5809,35.4801],[-80.5706,35.5033],[-80.7372,35.5058],[-80.9067,35.5148],[-80.9473,35.4885],[-80.9425,35.4577],[-80.9587,35.4326],[-80.9549,35.4001]]]},"properties":{"district_code":"NC-12","state_code":"NC","state_name":"North Carolina","district_number":"12","label":"North Carolina — District 12"}},{"type":"Feature","geometry":{"type":"Polygon","coordinates":[[[-79.5417,35.8999],[-79.5424,35.8433],[-79.2373,35.8442],[-79.2495,35.8768],[-79.0819,35.8608],[-78.9061,35.8681],[-78.83,35.867],[-78.8048,35.9276],[-78.7591,35.9184],[-78.717,35.9613],[-78.6998,36.0114],[-78.72,36.0296],[-78.7536,36.0314],[-78.7513,36.0708],[-78.6832,36.0745],[-78.5464,36.0218],[-78.5448,36.0807],[-78.4966,36.1752],[-78.5083,36.183],[-78.5112,36.4548],[-78.4962,36.51],[-78.457,36.5425],[-78.51,36.5411],[-78.7963,36.5417],[-79.1874,36.5416],[-79.1659,36.4869],[-79.201,36.4465],[-79.1432,36.4471],[-79.154,36.2419],[-79.5319,36.2497],[-79.5392,36.0826],[-79.5417,35.8999]]]},"properties":{"district_code":"NC-04","state_code":"NC","state_name":"North Carolina","district_number":"04","label":"North Carolina — District 4"}},{"type":"Feature","geometry":{"type":"Polygon","coordinates":[[[-103.0022,37.0001],[-103.0024,36.5004],[-102.5707,36.5004],[-102.1625,36.5003],[-101.8266,36.4997],[-101.3668,36.4994],[-101.0852,36.4992],[-100.5222,36.4993],[-100.0004,36.4997],[-100.0004,36.0426],[-100.0004,35.7462],[-100.0004,35.3002],[-100.0004,35.0299],[-100.0004,34.5605],[-99.9716,34.5622],[-99.9457,34.5793],[-99.8871,34.549],[-99.8531,34.5116],[-99.8223,34.4981],[-99.8143,34.4762],[-99.7542,34.4213],[-99.7164,34.4028],[-99.695,34.3783],[-99.6481,34.3823],[-99.6,34.3747],[-99.5801,34.4167],[-99.4999,34.4096],[-99.43,34.381],[-99.3968,34.3794],[-99.3877,34.412],[-99.395,34.4421],[-99.381,34.4569],[-99.3287,34.4224],[-99.2946,34.4154],[-99.2069,34.3383],[-99.1927,34.3549],[-99.2289,34.3877],[-99.2381,34.425],[-99.1968,34.5424],[-99.1633,34.588],[-99.0997,34.5941],[-99.0885,34.6152],[-99.1031,34.638],[-99.001,34.6379],[-99.0011,34.5944],[-98.826,34.5944],[-98.826,34.8551],[-98.5098,34.8552],[-98.0931,34.855],[-98.0929,35.0869],[-98.096,35.3778],[-98.0235,35.3778],[-97.9552,35.3461],[-97.9472,35.3749],[-97.9031,35.3454],[-97.8699,35.3625],[-97.8413,35.3345],[-97.7724,35.3456],[-97.7373,35.3238],[-97.6714,35.3359],[-97.6714,35.3772],[-97.4236,35.3773],[-97.4236,35.4207],[-97.4592,35.4208],[-97.459,35.4689],[-97.5301,35.458],[-97.5299,35.4933],[-97.5949,35.4933],[-97.6366,35.4644],[-97.6813,35.4495],[-97.7603,35.4499],[-97.7603,35.4644],[-97.8309,35.4645],[-97.8339,35.5658],[-97.8341,35.7259],[-97.674,35.726],[-97.6744,35.861],[-97.6321,35.8768],[-97.568,35.8888],[-97.521,35.9083],[-97.4744,35.8936],[-97.4341,35.9101],[-97.4078,35.9313],[-97.4206,35.9707],[-97.3974,35.9883],[-97.3552,35.9843],[-97.3236,36.0109],[-97.2946,36.0056],[-97.2776,35.9738],[-97.2212,35.9646],[-97.2036,35.9448],[-97.1406,35.942],[-96.6197,35.9416],[-96.6208,35.639],[-96.1926,35.6391],[-96.1924,35.857],[-96.1372,35.8571],[-96.1395,35.9012],[-96.1188,35.9593],[-96.1369,35.974],[-96.19,35.9738],[-96.1899,35.9884],[-96.2411,36.0209],[-96.2616,36.0208],[-96.2618,36.0754],[-96.2979,36.0758],[-96.2979,36.1623],[-96.0012,36.1613],[-96.0012,36.4237],[-96.0006,36.6762],[-96.0008,36.9989],[-96.5003,36.9986],[-97.0301,36.9989],[-97.6065,36.9987],[-98.112,36.9981],[-98.3541,36.998],[-98.7145,36.9991],[-99.0293,36.9996],[-99.5411,36.9996],[-100.1157,37.0022],[-100.7345,36.9991],[-101.2832,36.9967],[-101.6325,36.995],[-102.0421,36.993],[-102.6981,36.9951],[-102.8125,36.9997],[-103.0022,37.0001]]]},"properties":{"district_code":"OK-03","state_code":"OK","state_name":"Oklahoma","district_number":"03","label":"Oklahoma — District 3"}},{"type":"Feature","geometry":{"type":"Polygon","coordinates":[[[-121.9645,43.8082],[-121.9614,43.7637],[-121.9812,43.743],[-121.9672,43.7043],[-121.9863,43.6617],[-121.9805,43.6397],[-122.011,43.6093],[-122.039,43.6016],[-122.131,43.5573],[-122.1495,43.5207],[-122.1287,43.4969],[-122.132,43.4402],[-122.5084,43.4413],[-122.7417,43.4374],[-122.7419,43.5176],[-122.8933,43.5174],[-122.9337,43.4763],[-122.9327,43.4516],[-122.9885,43.4168],[-122.9986,43.3239],[-122.945,43.2988],[-122.9811,43.2693],[-123.0138,43.2621],[-123.0753,43.2661],[-123.1699,43.2064],[-123.2353,43.2019],[-123.2847,43.2073],[-123.3376,43.1987],[-123.3648,43.181],[-123.3547,43.1113],[-123.3876,43.0793],[-123.4356,43.1034],[-123.4821,43.1018],[-123.5059,43.1138],[-123.5612,43.0977],[-123.5801,43.0788],[-123.651,43.0641],[-123.6813,43.0241],[-123.7479,42.9738],[-123.8211,42.9653],[-123.8204,42.8241],[-123.8116,42.7888],[-123.7833,42.7994],[-123.7222,42.7754],[-123.7573,42.7206],[-123.8313,42.6323],[-123.8303,42.5951],[-123.8496,42.5837],[-123.8548,42.5506],[-123.8904,42.5007],[-123.9281,42.4946],[-123.9988,42.5],[-124.0019,42.4452],[-124.0133,42.4127],[-124.0416,42.3859],[-124.0269,42.3592],[-123.8927,42.3533],[-123.815,42.2626],[-123.7931,42.2211],[-123.8189,42.2036],[-123.8157,42.166],[-123.8585,42.1349],[-123.822,42.0866],[-123.8496,42.0446],[-123.822,41.9956],[-123.6572,41.9951],[-123.624,41.9998],[-123.5179,42.0008],[-123.347,41.9993],[-123.1457,42.0088],[-123.044,42.0031],[-122.7131,42.0042],[-122.3785,42.0095],[-121.9398,42.0038],[-121.3449,41.9962],[-121.1742,41.9972],[-121.0221,41.9933],[-120.6159,41.993],[-120.3264,41.9926],[-119.9992,41.9949],[-119.8761,41.9972],[-119.2083,41.9932],[-119.001,41.9938],[-118.6964,41.9918],[-118.501,41.9954],[-118.1974,41.997],[-117.626,41.9981],[-117.1978,42.0004],[-117.0262,41.9999],[-117.0266,42.3786],[-117.0267,42.6249],[-117.0267,43.0251],[-117.0267,43.3153],[-117.0266,43.8081],[-117.0329,43.83],[-116.9822,43.8712],[-116.9796,43.9153],[-116.9598,43.9638],[-116.9382,43.9846],[-116.9345,44.0212],[-116.9725,44.0488],[-116.9774,44.0854],[-116.9283,44.1073],[-116.8941,44.1602],[-116.9254,44.1915],[-116.9717,44.1973],[-116.9759,44.2428],[-117.0319,44.2486],[-117.0565,44.2309],[-117.1042,44.2799],[-117.1385,44.2594],[-117.1703,44.2589],[-117.217,44.2884],[-117.1898,44.3366],[-117.2351,44.3739],[-117.2427,44.3965],[-117.2151,44.4272],[-117.2259,44.4794],[-117.1816,44.523],[-117.1442,44.5456],[-117.1205,44.6147],[-117.0959,44.6647],[-117.0618,44.7067],[-117.0442,44.7451],[-116.9989,44.7564],[-116.9347,44.7839],[-116.9337,44.7988],[-116.8958,44.8558],[-116.8524,44.8876],[-116.8357,44.9406],[-116.8568,44.9843],[-116.8479,45.0226],[-116.7973,45.0603],[-116.7825,45.0958],[-116.7312,45.1399],[-116.7032,45.2408],[-116.6745,45.2763],[-116.6738,45.3215],[-116.5882,45.4429],[-116.5548,45.4629],[-116.5566,45.5062],[-116.5236,45.5466],[-116.483,45.577],[-116.4635,45.6158],[-116.4879,45.6498],[-116.5354,45.6917],[-116.5357,45.7342],[-116.593,45.7785],[-116.6653,45.782],[-116.6981,45.8209],[-116.7827,45.8254],[-116.7961,45.8585],[-116.8665,45.917],[-116.876,45.9544],[-116.916,45.9954],[-117.3377,45.9987],[-117.4751,45.9979],[-117.7179,45.9999],[-118.1262,46.0003],[-118.497,46.0006],[-118.9872,45.9998],[-119.0086,45.9793],[-119.1261,45.9329],[-119.1955,45.9279],[-119.2571,45.9399],[-119.3644,45.9216],[-119.5246,45.9086],[-119.5716,45.9255],[-119.6234,45.9056],[-119.6699,45.8569],[-119.7729,45.8456],[-119.8027,45.8475],[-119.9075,45.8281],[-119.9657,45.8244],[-120.0701,45.7852],[-120.1705,45.762],[-120.2108,45.726],[-120.2822,45.7213],[-120.404,45.6992],[-120.4824,45.6944],[-120.5059,45.7],[-120.5595,45.7383],[-120.635,45.7458],[-120.6894,45.7158],[-120.7889,45.6862],[-120.8557,45.6715],[-120.8956,45.6429],[-120.944,45.6564],[-121.0849,45.6479],[-121.132,45.6098],[-121.1838,45.6064],[-121.2158,45.6712],[-121.2873,45.687],[-121.3378,45.7049],[-121.4017,45.6929],[-121.4412,45.6973],[-121.4406,45.5194],[-121.4822,45.5196],[-121.4819,45.2581],[-121.6965,45.2579],[-121.6984,45.2264],[-121.7482,45.2051],[-121.7486,45.1654],[-121.7232,45.137],[-121.741,45.0344],[-121.7707,45.0398],[-121.8057,45.0061],[-121.8001,44.9765],[-121.7613,44.911],[-121.7759,44.8198],[-121.8122,44.8116],[-121.8124,44.7828],[-121.785,44.7719],[-121.801,44.7039],[-121.8001,44.6392],[-121.8107,44.6144],[-121.7939,44.5941],[-121.8161,44.5346],[-121.8099,44.5138],[-121.8469,44.4911],[-121.8455,44.4247],[-121.7657,44.4184],[-121.7113,44.4278],[-121.6749,44.3934],[-121.2293,44.393],[-121.1075,44.3906],[-121.1085,44.2185],[-121.1028,44.1692],[-121.1737,44.1596],[-121.2295,44.0947],[-121.2536,44.0875],[-121.2437,44.0078],[-121.2841,44.008],[-121.3291,43.9911],[-121.3477,43.9623],[-121.3528,43.9105],[-121.3951,43.8794],[-121.4289,43.8195],[-121.4627,43.8194],[-121.4666,43.8584],[-121.5082,43.8389],[-121.5203,43.8567],[-121.6002,43.826],[-121.6716,43.8344],[-121.7024,43.8265],[-121.7983,43.8263],[-121.8961,43.7944],[-121.9645,43.8082]]]},"properties":{"district_code":"OR-02","state_code":"OR","state_name":"Oregon","district_number":"02","label":"Oregon — District 2"}},{"type":"Feature","geometry":{"type":"Polygon","coordinates":[[[-79.7651,40.5492],[-79.805,40.5375],[-79.7769,40.4657],[-79.8027,40.4386],[-79.8439,40.4281],[-79.8605,40.409],[-79.8956,40.435],[-79.8846,40.4909],[-79.9554,40.4859],[-79.97,40.4711],[-80.017,40.4998],[-80.0532,40.4822],[-80.0619,40.4478],[-80.0348,40.4284],[-80.0512,40.4019],[-80.0011,40.3709],[-80.0509,40.353],[-80.107,40.3633],[-80.1163,40.3127],[-79.9145,40.2524],[-79.9626,40.2388],[-79.9579,40.2143],[-79.9003,40.1948],[-79.8714,40.1974],[-79.7721,40.2319],[-79.709,40.2214],[-79.6825,40.1993],[-79.6186,40.2487],[-79.6125,40.3064],[-79.5753,40.372],[-79.5923,40.3982],[-79.5889,40.4291],[-79.6366,40.4881],[-79.6716,40.4981],[-79.7357,40.549],[-79.7651,40.5492]]]},"properties":{"district_code":"PA-12","state_code":"PA","state_name":"Pennsylvania","district_number":"12","label":"Pennsylvania — District 12"}},{"type":"Feature","geometry":{"type":"Polygon","coordinates":[[[-78.8017,40.7246],[-78.8089,40.721],[-78.8506,40.6265],[-78.9216,40.4842],[-79.0099,40.3405],[-79.0566,40.2786],[-79.0235,40.2533],[-79.0096,40.2267],[-78.9675,40.2423],[-78.9225,40.2779],[-78.9021,40.2748],[-78.8847,40.2446],[-78.6583,40.2432],[-78.677,40.2112],[-78.7398,40.0696],[-78.7632,40.057],[-78.7572,39.8235],[-78.767,39.7954],[-78.8084,39.7229],[-78.5377,39.7225],[-78.0991,39.7223],[-77.7241,39.7209],[-77.217,39.72],[-76.9993,39.7198],[-77.0003,39.8312],[-76.9551,39.857],[-76.9838,39.9021],[-76.9662,39.9352],[-77.0186,40.0139],[-77.0703,40.0302],[-77.092,40.0536],[-77.1374,40.0699],[-77.1856,40.0295],[-77.3537,40.0033],[-77.4252,40.074],[-77.4353,40.099],[-77.411,40.1137],[-77.4182,40.1379],[-77.4581,40.1751],[-77.4217,40.1922],[-77.3726,40.192],[-77.3378,40.2246],[-77.3228,40.2707],[-77.1504,40.2913],[-77.0964,40.3004],[-76.9769,40.3099],[-76.915,40.3285],[-76.9375,40.3575],[-76.998,40.3567],[-77.0292,40.3869],[-77.0032,40.4268],[-76.9528,40.4625],[-76.953,40.4906],[-76.9851,40.5163],[-76.9924,40.5679],[-76.9653,40.587],[-76.9491,40.6282],[-76.9399,40.6381],[-76.9463,40.6501],[-77.0031,40.6387],[-77.0355,40.6769],[-77.0939,40.6762],[-77.1096,40.6916],[-77.1505,40.6771],[-77.3541,40.7017],[-77.3571,40.8445],[-77.4388,40.8239],[-77.5934,40.7612],[-77.6526,40.7449],[-77.7105,40.7146],[-77.7187,40.7274],[-77.7685,40.7195],[-77.8249,40.7435],[-77.9442,40.6916],[-78.1318,40.743],[-78.34,40.7335],[-78.3487,40.7234],[-78.569,40.7256],[-78.6355,40.7231],[-78.8017,40.7246]]]},"properties":{"district_code":"PA-13","state_code":"PA","state_name":"Pennsylvania","district_number":"13","label":"Pennsylvania — District 13"}},{"type":"Feature","geometry":{"type":"Polygon","coordinates":[[[-80.519,40.6388],[-80.519,40.4774],[-80.3608,40.4776],[-80.1846,40.3331],[-80.1163,40.3127],[-80.107,40.3633],[-80.0509,40.353],[-80.0011,40.3709],[-80.0512,40.4019],[-80.0348,40.4284],[-80.0619,40.4478],[-80.0532,40.4822],[-80.017,40.4998],[-79.97,40.4711],[-79.9554,40.4859],[-79.8846,40.4909],[-79.8956,40.435],[-79.8605,40.409],[-79.8439,40.4281],[-79.8027,40.4386],[-79.7769,40.4657],[-79.805,40.5375],[-79.7651,40.5492],[-79.7734,40.5821],[-79.7232,40.607],[-79.689,40.6454],[-79.6929,40.6696],[-79.9146,40.6733],[-80.1487,40.6738],[-80.1585,40.8551],[-80.519,40.8513],[-80.519,40.6388]]]},"properties":{"district_code":"PA-17","state_code":"PA","state_name":"Pennsylvania","district_number":"17","label":"Pennsylvania — District 17"}},{"type":"Feature","geometry":{"type":"Polygon","coordinates":[[[-75.4831,41.9993],[-75.4622,41.6416],[-75.7199,41.6423],[-75.7743,41.574],[-75.8032,41.5242],[-75.7716,41.5058],[-75.8346,41.4269],[-76.0051,41.3846],[-76.0633,41.3824],[-76.069,41.3583],[-76.0257,41.3391],[-75.9545,41.3294],[-75.9711,41.3087],[-76.0769,41.2502],[-76.0399,41.2123],[-76.0636,41.1994],[-76.0393,41.153],[-75.9938,41.1666],[-75.9564,41.1102],[-75.9278,41.0885],[-76.0155,41.0592],[-76.0097,41.0117],[-76.0324,41.0018],[-76.0367,40.9731],[-76.1185,40.9599],[-76.108,40.9232],[-76.028,40.9023],[-75.9976,40.9133],[-75.7322,41.0081],[-75.7703,41.0501],[-75.772,41.0768],[-75.6919,41.1312],[-75.6675,41.134],[-75.5772,41.0682],[-75.4974,40.9884],[-75.4271,40.8971],[-75.4122,40.8898],[-75.3154,40.8896],[-75.2948,40.8622],[-75.2325,40.8998],[-75.2182,40.9279],[-75.1292,40.9589],[-75.1202,40.9687],[-75.1306,40.9911],[-75.0271,41.0395],[-75.0131,41.0665],[-74.971,41.0853],[-74.9822,41.1082],[-74.9232,41.1381],[-74.8722,41.2013],[-74.8674,41.2278],[-74.8384,41.2773],[-74.7716,41.3251],[-74.7532,41.3461],[-74.6949,41.3574],[-74.7134,41.3898],[-74.7547,41.425],[-74.8887,41.4383],[-74.9092,41.4724],[-74.9326,41.4823],[-74.9817,41.4799],[-74.9844,41.5066],[-75.0248,41.5398],[-75.0185,41.5518],[-75.0746,41.6057],[-75.0442,41.618],[-75.0527,41.6884],[-75.0534,41.7525],[-75.1046,41.7742],[-75.0858,41.8116],[-75.1144,41.8436],[-75.1615,41.8498],[-75.1978,41.8688],[-75.2237,41.8575],[-75.2638,41.8708],[-75.2791,41.9389],[-75.3104,41.949],[-75.3596,41.9994],[-75.4831,41.9993]]]},"properties":{"district_code":"PA-08","state_code":"PA","state_name":"Pennsylvania","district_number":"08","label":"Pennsylvania — District 8"}},{"type":"Feature","geometry":{"type":"MultiPolygon","coordinates":[[[[-71.6131,41.1603],[-71.6,41.1469],[-71.5471,41.1537],[-71.5664,41.1882],[-71.6131,41.1603]]],[[[-71.8605,41.3202],[-71.8574,41.3063],[-71.7737,41.328],[-71.716,41.3311],[-71.6165,41.363],[-71.5315,41.3765],[-71.4842,41.3718],[-71.453,41.4097],[-71.4558,41.433],[-71.4184,41.4727],[-71.4177,41.5363],[-71.4422,41.5638],[-71.4038,41.5893],[-71.4086,41.6632],[-71.4462,41.6663],[-71.4502,41.6865],[-71.3906,41.6841],[-71.3644,41.7047],[-71.381,41.7273],[-71.3825,41.7851],[-71.434,41.7863],[-71.44,41.8113],[-71.4109,41.8284],[-71.4333,41.8469],[-71.4687,41.8393],[-71.4955,41.869],[-71.5746,41.8587],[-71.6067,42.0134],[-71.7992,42.0081],[-71.787,41.656],[-71.7977,41.4167],[-71.8435,41.4058],[-71.8294,41.3424],[-71.8605,41.3202]]]]},"properties":{"district_code":"RI-02","state_code":"RI","state_name":"Rhode Island","district_number":"02","label":"Rhode Island — District 2"}},{"type":"Feature","geometry":{"type":"Polygon","coordinates":[[[-82.1061,35.1915],[-82.0948,35.177],[-82.1139,35.1504],[-82.046,35.0496],[-82.0183,35.0609],[-81.9872,35.0468],[-81.9609,35.0168],[-81.9281,35.0116],[-81.8919,34.9808],[-81.8529,35.009],[-81.7831,34.9706],[-81.7552,34.9306],[-81.7141,34.9129],[-81.7828,34.8372],[-81.8196,34.689],[-81.8519,34.5948],[-81.7162,34.5514],[-81.6609,34.5487],[-81.6483,34.5328],[-81.5529,34.4768],[-81.5404,34.445],[-81.4846,34.49],[-81.4232,34.4944],[-81.4212,34.4538],[-81.3665,34.3258],[-81.3397,34.29],[-81.3423,34.2669],[-81.3169,34.2395],[-81.2796,34.2306],[-81.2513,34.2029],[-81.2264,34.2057],[-81.1783,34.1746],[-81.1689,34.1944],[-81.1812,34.2203],[-81.0959,34.2139],[-81.0833,34.2248],[-80.9619,34.252],[-80.8259,34.2688],[-80.868,34.1848],[-80.7193,34.069],[-80.6356,34.0977],[-80.6139,34.0573],[-80.601,34.0394],[-80.641,33.9994],[-80.6233,33.9683],[-80.6341,33.9173],[-80.6196,33.8787],[-80.6328,33.8503],[-80.6009,33.7999],[-80.5977,33.7775],[-80.6288,33.7402],[-80.5903,33.6848],[-80.5341,33.6439],[-80.4976,33.6743],[-80.4787,33.7143],[-80.392,33.7156],[-80.4054,33.773],[-80.3749,33.8056],[-80.3675,33.8566],[-80.3504,33.8869],[-80.3645,33.935],[-80.3301,33.9444],[-80.2815,33.9164],[-80.2445,33.9351],[-80.2203,33.9708],[-80.2283,33.9952],[-80.1883,34.0049],[-80.1804,33.952],[-80.0704,34.0079],[-80.0268,34.0085],[-80.0006,34.0479],[-80.0399,34.0785],[-80.0767,34.0861],[-80.1304,34.1259],[-80.1586,34.1616],[-80.1127,34.197],[-80.1117,34.2286],[-80.1354,34.2846],[-80.175,34.3263],[-80.2063,34.3391],[-80.2432,34.3245],[-80.2875,34.3617],[-80.2855,34.3937],[-80.3263,34.4374],[-80.3276,34.4978],[-80.3723,34.5468],[-80.3834,34.5922],[-80.435,34.6421],[-80.4318,34.66],[-80.4887,34.706],[-80.5162,34.7589],[-80.5585,34.8015],[-80.5617,34.8175],[-80.7975,34.8198],[-80.782,34.9358],[-80.8404,35.0016],[-80.9349,35.1074],[-81.0415,35.0447],[-81.0572,35.0861],[-81.033,35.1137],[-81.0436,35.1499],[-81.328,35.1634],[-81.7163,35.1789],[-81.9693,35.1872],[-82.1061,35.1915]]]},"properties":{"district_code":"SC-05","state_code":"SC","state_name":"South Carolina","district_number":"05","label":"South Carolina — District 5"}},{"type":"Feature","geometry":{"type":"Polygon","coordinates":[[[-80.5617,34.8175],[-80.5585,34.8015],[-80.5162,34.7589],[-80.4887,34.706],[-80.4318,34.66],[-80.435,34.6421],[-80.3834,34.5922],[-80.3723,34.5468],[-80.3276,34.4978],[-80.3263,34.4374],[-80.2855,34.3937],[-80.2875,34.3617],[-80.2432,34.3245],[-80.2063,34.3391],[-80.175,34.3263],[-80.1354,34.2846],[-80.1117,34.2286],[-80.1127,34.197],[-80.1586,34.1616],[-80.1304,34.1259],[-80.0767,34.0861],[-80.0399,34.0785],[-80.0006,34.0479],[-79.9628,34.0229],[-79.9135,34.0071],[-79.8935,33.988],[-79.9746,33.9465],[-79.9459,33.886],[-79.8664,33.8843],[-79.7476,33.8936],[-79.7443,33.9137],[-79.7032,33.9202],[-79.6968,33.9475],[-79.6655,33.9296],[-79.6253,33.8827],[-79.58,33.8561],[-79.5827,33.836],[-79.6349,33.8084],[-79.4965,33.7754],[-79.4415,33.7844],[-79.3993,33.8006],[-79.3826,33.8186],[-79.3243,33.7991],[-79.3466,33.7553],[-79.41,33.6879],[-79.4425,33.596],[-79.4359,33.5725],[-79.4931,33.5208],[-79.5381,33.4969],[-79.5901,33.4435],[-79.596,33.4215],[-79.6344,33.3721],[-79.6772,33.3368],[-79.677,33.3049],[-79.5623,33.2725],[-79.5354,33.2496],[-79.494,33.236],[-79.4826,33.2459],[-79.447,33.2134],[-79.3496,33.1533],[-79.2912,33.1466],[-79.2756,33.1168],[-79.2464,33.126],[-79.1945,33.1698],[-79.1757,33.2111],[-79.1803,33.2541],[-79.1475,33.3782],[-79.1154,33.4391],[-79.0846,33.4837],[-79.0305,33.532],[-79.0074,33.5666],[-78.9384,33.64],[-78.8666,33.703],[-78.7958,33.7551],[-78.7362,33.7896],[-78.6679,33.8194],[-78.5473,33.8565],[-78.8747,34.1344],[-79.2498,34.4498],[-79.3583,34.5454],[-79.4616,34.6303],[-79.6753,34.8047],[-79.6929,34.805],[-79.8707,34.8054],[-80.234,34.8129],[-80.5617,34.8175]]]},"properties":{"district_code":"SC-07","state_code":"SC","state_name":"South Carolina","district_number":"07","label":"South Carolina — District 7"}},{"type":"Feature","geometry":{"type":"Polygon","coordinates":[[[-84.54,35.6705],[-84.5844,35.6516],[-84.5843,35.6331],[-84.5137,35.644],[-84.4572,35.6658],[-84.4065,35.6656],[-84.3981,35.6402],[-84.3623,35.6472],[-84.3576,35.6652],[-84.2995,35.6577],[-84.2613,35.6353],[-84.2499,35.6172],[-84.1926,35.6182],[-84.1819,35.5989],[-84.1487,35.5838],[-84.0962,35.5755],[-84.0816,35.5412],[-83.9938,35.55],[-84.0109,35.5161],[-83.9438,35.4807],[-83.9611,35.4638],[-83.9118,35.476],[-83.8826,35.5172],[-83.8256,35.5238],[-83.7717,35.5621],[-83.663,35.5691],[-83.6628,35.6906],[-83.7053,35.7116],[-83.7943,35.8871],[-83.7672,35.9119],[-83.7385,35.917],[-83.6546,35.9719],[-83.6749,36.0296],[-83.6376,36.0555],[-83.6279,36.0799],[-83.6546,36.1057],[-83.6018,36.1509],[-83.5573,36.1793],[-83.4835,36.1671],[-83.4266,36.2115],[-83.4095,36.2488],[-83.3552,36.2826],[-83.32,36.2837],[-83.3051,36.2682],[-83.2553,36.2891],[-83.2737,36.3191],[-83.2645,36.3448],[-83.2806,36.3947],[-83.3042,36.3882],[-83.3716,36.4339],[-83.3694,36.4592],[-83.3983,36.5349],[-83.4326,36.5731],[-83.4721,36.5973],[-83.6754,36.6008],[-83.6907,36.5826],[-83.9878,36.5896],[-84.2613,36.592],[-84.2492,36.5647],[-84.2596,36.514],[-84.2865,36.5039],[-84.3253,36.5094],[-84.3529,36.4646],[-84.3455,36.4296],[-84.3127,36.3966],[-84.2542,36.3914],[-84.2238,36.3605],[-84.195,36.3736],[-84.1696,36.3685],[-84.1265,36.3951],[-84.1224,36.3357],[-84.1067,36.3202],[-84.1178,36.2928],[-84.08,36.2777],[-84.0772,36.2536],[-84.0259,36.2793],[-84.0109,36.2722],[-83.9691,36.2101],[-83.9444,36.1864],[-83.9989,36.1408],[-84.094,36.0689],[-84.0586,36.0363],[-84.0851,36.0167],[-84.1504,35.9872],[-84.1923,35.9955],[-84.2134,35.9758],[-84.2214,35.9458],[-84.2564,35.9284],[-84.2858,35.8943],[-84.3274,35.8894],[-84.3379,35.8399],[-84.3797,35.8174],[-84.3886,35.7684],[-84.4164,35.7765],[-84.4486,35.7594],[-84.4945,35.7164],[-84.5216,35.7051],[-84.54,35.6705]]]},"properties":{"district_code":"TN-02","state_code":"TN","state_name":"Tennessee","district_number":"02","label":"Tennessee — District 2"}},{"type":"Feature","geometry":{"type":"Polygon","coordinates":[[[-89.7331,36.0008],[-89.714,35.9598],[-89.6503,35.9277],[-89.6456,35.8858],[-89.6764,35.8767],[-89.7149,35.9062],[-89.7431,35.9112],[-89.7672,35.8909],[-89.7685,35.8605],[-89.6974,35.8367],[-89.6965,35.8206],[-89.7282,35.8027],[-89.7584,35.8104],[-89.7996,35.7883],[-89.8007,35.7572],[-89.839,35.7421],[-89.8631,35.7571],[-89.9062,35.7589],[-89.9583,35.7266],[-89.9567,35.6943],[-89.9345,35.6649],[-89.9061,35.6511],[-89.8764,35.6667],[-89.8512,35.6574],[-89.8566,35.6344],[-89.9113,35.6176],[-89.9511,35.5975],[-89.942,35.5569],[-89.9097,35.538],[-89.8739,35.5856],[-89.8241,35.6031],[-89.8179,35.6189],[-89.7501,35.6464],[-89.7227,35.6381],[-89.6716,35.6388],[-89.6254,35.651],[-89.6096,35.6371],[-89.6593,35.5476],[-89.7083,35.5134],[-89.7251,35.4929],[-89.8386,35.406],[-89.8588,35.3803],[-89.823,35.3679],[-89.8471,35.3357],[-89.8544,35.2764],[-89.7608,35.2813],[-89.8251,35.2311],[-89.8588,35.223],[-89.8727,35.2042],[-89.7129,35.2052],[-89.6812,35.2106],[-89.6757,35.1881],[-89.683,35.1134],[-89.7081,35.1204],[-89.7627,35.103],[-89.7964,35.1159],[-89.8438,35.1213],[-89.8785,35.1504],[-89.9224,35.146],[-89.9313,35.1176],[-89.8592,35.1003],[-89.8507,35.0774],[-89.7901,35.0629],[-89.7597,35.0333],[-89.7066,35.0289],[-89.7066,34.9952],[-89.435,34.9938],[-89.1568,34.9939],[-88.6844,34.9955],[-88.2001,34.9956],[-88.203,35.008],[-87.9849,35.0059],[-87.9816,35.2957],[-88.0175,35.3166],[-88.0049,35.3509],[-88.0247,35.3923],[-88.062,35.4171],[-88.125,35.3839],[-88.1652,35.3923],[-88.1897,35.3843],[-88.2101,35.4073],[-88.248,35.4235],[-88.2431,35.5286],[-88.1905,35.6091],[-88.1779,35.8458],[-88.2174,35.8466],[-88.2144,35.9828],[-88.1624,36.0073],[-88.1593,36.0454],[-88.1119,36.0581],[-88.0812,36.0566],[-88.0881,36.1353],[-88.0642,36.153],[-88.0951,36.1825],[-88.0878,36.1988],[-88.1134,36.2233],[-88.0829,36.2601],[-88.1027,36.3109],[-88.0877,36.3592],[-87.992,36.359],[-88.036,36.4203],[-88.0585,36.4392],[-88.0533,36.4971],[-88.3308,36.5005],[-88.8346,36.5029],[-89.1175,36.5036],[-89.3003,36.5071],[-89.4173,36.499],[-89.4642,36.4572],[-89.4862,36.4616],[-89.4854,36.4975],[-89.5392,36.4979],[-89.5227,36.4813],[-89.5423,36.4201],[-89.5097,36.3736],[-89.5318,36.3392],[-89.6107,36.3404],[-89.6118,36.3091],[-89.5355,36.2705],[-89.5347,36.2526],[-89.5873,36.2395],[-89.6952,36.2528],[-89.6926,36.225],[-89.607,36.1712],[-89.594,36.1272],[-89.68,36.0825],[-89.6873,36.034],[-89.7069,36.001],[-89.7331,36.0008]]]},"properties":{"district_code":"TN-08","state_code":"TN","state_name":"Tennessee","district_number":"08","label":"Tennessee — District 8"}},{"type":"Feature","geometry":{"type":"Polygon","coordinates":[[[-124.0983,46.7941],[-124.0965,46.7462],[-123.9989,46.706],[-123.9797,46.7247],[-123.8767,46.7307],[-123.8335,46.7183],[-123.9156,46.6786],[-123.9219,46.6503],[-123.9527,46.6363],[-123.9592,46.6136],[-123.8962,46.5503],[-123.8955,46.5141],[-123.9942,46.4689],[-123.9701,46.4392],[-123.9537,46.3788],[-124.0153,46.3787],[-124.0317,46.4964],[-124.0237,46.5121],[-124.0236,46.5826],[-124.0696,46.6307],[-124.057,46.4933],[-124.0584,46.3865],[-124.078,46.2759],[-124.0206,46.3157],[-123.9852,46.309],[-123.9487,46.2712],[-123.9093,46.2455],[-123.8755,46.2398],[-123.7956,46.2845],[-123.7007,46.3046],[-123.6695,46.2668],[-123.5477,46.2591],[-123.4796,46.2691],[-123.4276,46.2293],[-123.431,46.1816],[-123.3714,46.1464],[-123.2802,46.1448],[-123.1664,46.189],[-123.1159,46.1853],[-123.0042,46.1338],[-122.9627,46.1048],[-122.9041,46.0837],[-122.8781,46.0313],[-122.814,45.961],[-122.8115,45.9127],[-122.785,45.8677],[-122.7956,45.81],[-122.7695,45.7806],[-122.7601,45.7344],[-122.7745,45.6804],[-122.7624,45.6564],[-122.675,45.618],[-122.6026,45.6076],[-122.4747,45.5783],[-122.4387,45.5636],[-122.3803,45.5759],[-122.3315,45.5482],[-122.249,45.5477],[-122.1837,45.5777],[-122.1017,45.5835],[-122.0444,45.6095],[-122.0037,45.6159],[-121.9083,45.6544],[-121.8672,45.6933],[-121.8113,45.7068],[-121.7351,45.694],[-121.6312,45.7047],[-121.5237,45.7249],[-121.5381,45.7709],[-121.6092,45.7825],[-121.6125,45.8704],[-121.6122,46.0441],[-121.5223,46.044],[-121.5223,46.3882],[-121.3966,46.3882],[-121.3866,46.4106],[-121.451,46.5339],[-121.4198,46.5447],[-121.4246,46.57],[-121.3864,46.636],[-121.4137,46.6487],[-121.4132,46.6759],[-121.3767,46.6865],[-121.3688,46.7262],[-121.4312,46.7419],[-121.4552,46.7838],[-121.7588,46.7836],[-121.8333,46.7296],[-121.8714,46.7302],[-122.0081,46.7526],[-122.0233,46.7423],[-122.0823,46.7522],[-122.1779,46.7552],[-122.2361,46.7729],[-122.2696,46.7668],[-122.3125,46.796],[-122.3186,46.8284],[-122.3712,46.8454],[-122.4517,46.8526],[-122.4909,46.8675],[-122.4978,46.9088],[-122.5604,46.9335],[-122.5637,46.9272],[-122.6716,46.9233],[-122.6977,46.8834],[-122.7755,46.8609],[-122.8531,46.8636],[-122.8934,46.8426],[-122.9891,46.8224],[-123.0486,46.8291],[-123.0833,46.8547],[-123.1263,46.8313],[-123.1605,46.8375],[-123.1606,46.7934],[-123.5323,46.794],[-123.8565,46.7916],[-124.0983,46.7941]]]},"properties":{"district_code":"WA-03","state_code":"WA","state_name":"Washington","district_number":"03","label":"Washington — District 3"}},{"type":"Feature","geometry":{"type":"Polygon","coordinates":[[[-118.8366,49.0003],[-118.837,48.6539],[-118.8696,48.6538],[-118.8695,48.4819],[-118.8439,48.4817],[-118.8456,48.1839],[-118.8458,47.9635],[-118.974,47.9328],[-118.9769,47.6454],[-118.9798,47.2617],[-118.9827,46.9113],[-119.1361,46.9122],[-119.1342,46.7659],[-119.0808,46.7378],[-119.3694,46.7377],[-119.3692,46.6782],[-119.4532,46.6792],[-119.413,46.6526],[-119.4068,46.6197],[-119.3674,46.5827],[-119.3267,46.5632],[-119.2703,46.5213],[-119.2599,46.4966],[-119.2592,46.4357],[-119.2694,46.3703],[-119.2307,46.3858],[-119.1564,46.3871],[-119.1145,46.3726],[-119.1247,46.3174],[-119.1156,46.2927],[-119.0528,46.2853],[-119.0511,46.3002],[-118.9883,46.3001],[-118.9519,46.3142],[-118.9452,46.2844],[-118.8213,46.286],[-118.8607,46.2525],[-118.9728,46.2387],[-119.0235,46.2166],[-119.0415,46.1927],[-118.968,46.1308],[-118.9423,46.0744],[-118.9417,46.027],[-118.9872,45.9998],[-118.497,46.0006],[-118.1262,46.0003],[-117.7179,45.9999],[-117.4751,45.9979],[-117.3377,45.9987],[-116.916,45.9954],[-116.9595,46.0991],[-116.9226,46.1607],[-116.963,46.1997],[-116.956,46.226],[-116.9846,46.2927],[-117.0207,46.3148],[-117.0238,46.336],[-117.056,46.3455],[-117.0398,46.4254],[-117.0394,46.7002],[-117.0398,47.0489],[-117.0399,47.4778],[-117.0425,47.839],[-117.0411,48.1249],[-117.0352,48.3709],[-117.0354,48.4999],[-117.0321,48.8749],[-117.0324,48.9992],[-117.6073,49.0008],[-118.1974,49.0004],[-118.8366,49.0003]]]},"properties":{"district_code":"WA-05","state_code":"WA","state_name":"Washington","district_number":"05","label":"Washington — District 5"}},{"type":"Feature","geometry":{"type":"Polygon","coordinates":[[[-77.3283,39.0578],[-77.4968,38.8872],[-77.4725,38.8754],[-77.4557,38.8117],[-77.4214,38.8021],[-77.3934,38.8413],[-77.3585,38.7864],[-77.3125,38.7852],[-77.3172,38.7513],[-77.3588,38.7279],[-77.3323,38.7165],[-77.2582,38.6841],[-77.2395,38.6665],[-77.1739,38.722],[-77.1361,38.7841],[-77.2036,38.7935],[-77.2221,38.8204],[-77.2212,38.8831],[-77.2102,38.9315],[-77.1796,38.9684],[-77.2215,38.9713],[-77.2557,39.0024],[-77.2446,39.0201],[-77.3283,39.0578]]]},"properties":{"district_code":"VA-11","state_code":"VA","state_name":"Virginia","district_number":"11","label":"Virginia — District 11"}},{"type":"Feature","geometry":{"type":"Polygon","coordinates":[[[-79.4369,37.6171],[-79.3803,37.5906],[-79.3673,37.5511],[-79.3418,37.5173],[-79.3057,37.506],[-79.3364,37.4751],[-79.3648,37.4828],[-79.393,37.4701],[-79.3562,37.3945],[-79.3201,37.3691],[-79.3477,37.3443],[-79.3888,37.3336],[-79.4078,37.278],[-79.3593,37.246],[-79.3305,37.2384],[-79.4429,37.0559],[-79.4778,37.0642],[-79.4844,37.0075],[-79.5118,37.0324],[-79.544,37.0438],[-79.5941,37.0422],[-79.6062,37.0001],[-79.7148,36.542],[-79.5106,36.5407],[-79.1874,36.5416],[-78.7963,36.5417],[-78.51,36.5411],[-78.457,36.5425],[-78.0462,36.5442],[-78.0334,36.7085],[-78.0036,37.0228],[-77.9681,36.9873],[-77.9205,36.9827],[-77.8913,37.0001],[-77.9003,37.1439],[-77.8554,37.1642],[-77.8064,37.1757],[-77.7952,37.1951],[-77.7477,37.1927],[-77.6852,37.2358],[-77.6613,37.2407],[-77.6506,37.2651],[-77.6675,37.2925],[-77.7162,37.2969],[-77.7586,37.2687],[-77.8067,37.3045],[-77.7986,37.3343],[-77.8373,37.3384],[-77.8776,37.3662],[-77.8755,37.416],[-77.8092,37.4261],[-77.7978,37.4589],[-77.6653,37.5545],[-77.6164,37.5776],[-77.6402,37.6027],[-77.6545,37.6407],[-77.6308,37.7057],[-77.6527,37.7452],[-77.6123,37.7599],[-77.5698,37.8027],[-77.5524,37.7782],[-77.4765,37.7771],[-77.446,37.8033],[-77.4078,37.8033],[-77.4292,37.8419],[-77.422,37.8649],[-77.4451,37.8947],[-77.4842,37.8834],[-77.5479,37.9262],[-77.5767,37.9581],[-77.6141,37.9593],[-77.6713,38.0039],[-77.7129,38.0146],[-77.7478,38.0479],[-77.7785,38.0587],[-77.8362,38.1011],[-77.9167,38.1183],[-77.9803,38.1195],[-78.0019,38.1376],[-78.0389,38.1348],[-78.1017,38.1526],[-78.1714,38.1297],[-78.2094,38.1311],[-78.3443,38.1778],[-78.5937,38.2535],[-78.5963,38.2374],[-78.6544,38.245],[-78.6616,38.234],[-78.7264,38.23],[-78.7452,38.2144],[-78.7881,38.1264],[-78.7789,38.0844],[-78.8581,38.0294],[-78.8921,37.9945],[-78.9005,37.9494],[-78.9421,37.9402],[-79.0058,37.8816],[-79.0443,37.8909],[-79.0522,37.9101],[-79.0912,37.9109],[-79.1466,37.8888],[-79.1444,37.8561],[-79.1708,37.8006],[-79.1986,37.788],[-79.2316,37.8132],[-79.2647,37.7947],[-79.2983,37.7502],[-79.3224,37.6928],[-79.3452,37.6606],[-79.4018,37.626],[-79.4369,37.6171]]]},"properties":{"district_code":"VA-05","state_code":"VA","state_name":"Virginia","district_number":"05","label":"Virginia — District 5"}},{"type":"Feature","geometry":{"type":"Polygon","coordinates":[[[-79.0573,38.7614],[-79.0928,38.7023],[-79.093,38.6595],[-79.1311,38.6532],[-79.1635,38.5831],[-79.2059,38.5245],[-79.2106,38.4929],[-79.2797,38.4242],[-79.3123,38.4119],[-79.4766,38.4572],[-79.5369,38.5509],[-79.6491,38.5915],[-79.6629,38.5704],[-79.6804,38.5106],[-79.699,38.4751],[-79.6897,38.4314],[-79.7066,38.4157],[-79.7441,38.354],[-79.8101,38.305],[-79.7875,38.2733],[-79.8464,38.24],[-79.8984,38.193],[-79.9448,38.1316],[-79.9263,38.1072],[-79.9598,38.0637],[-80.0025,37.9928],[-80.0745,37.9422],[-80.1419,37.8826],[-80.1622,37.8751],[-80.1864,37.8377],[-80.2186,37.8098],[-80.2305,37.7783],[-80.2628,37.7383],[-80.252,37.7298],[-80.2961,37.6918],[-80.2675,37.6461],[-80.221,37.6278],[-80.1684,37.6154],[-80.1444,37.5966],[-80.0327,37.6603],[-80.0276,37.6242],[-79.9691,37.5444],[-80.0095,37.5108],[-80.0476,37.4431],[-80.0789,37.4194],[-80.1476,37.3825],[-80.2003,37.3784],[-80.2622,37.3415],[-80.2583,37.3084],[-80.1925,37.2344],[-80.1679,37.2599],[-80.0885,37.2823],[-80.0817,37.2649],[-80.0288,37.2437],[-80.0041,37.2487],[-79.9561,37.2103],[-79.9917,37.1921],[-80.0052,37.1598],[-79.9628,37.1373],[-79.8951,37.1818],[-79.8826,37.2097],[-79.8425,37.2303],[-79.8584,37.2672],[-79.8442,37.3177],[-79.7887,37.3494],[-79.7922,37.3808],[-79.8142,37.4037],[-79.7562,37.4254],[-79.6901,37.4764],[-79.6588,37.485],[-79.5937,37.4489],[-79.5674,37.4877],[-79.5456,37.4895],[-79.5049,37.5293],[-79.4411,37.5634],[-79.458,37.6058],[-79.4369,37.6171],[-79.4018,37.626],[-79.3452,37.6606],[-79.3224,37.6928],[-79.2983,37.7502],[-79.2647,37.7947],[-79.2316,37.8132],[-79.1986,37.788],[-79.1708,37.8006],[-79.1444,37.8561],[-79.1466,37.8888],[-79.0912,37.9109],[-79.0522,37.9101],[-79.0443,37.8909],[-79.0058,37.8816],[-78.9421,37.9402],[-78.9005,37.9494],[-78.8921,37.9945],[-78.8581,38.0294],[-78.7789,38.0844],[-78.7881,38.1264],[-78.7452,38.2144],[-78.7264,38.23],[-78.681,38.2549],[-78.6512,38.2935],[-78.6027,38.3069],[-78.4932,38.4063],[-78.4422,38.4944],[-78.4331,38.5266],[-78.3808,38.5615],[-78.3857,38.5827],[-78.3382,38.6273],[-78.3156,38.6516],[-78.3144,38.6825],[-78.3317,38.7026],[-78.3188,38.7379],[-78.2793,38.7622],[-78.2533,38.757],[-78.2067,38.7742],[-78.1847,38.7928],[-78.1686,38.8337],[-78.1264,38.8729],[-78.0737,38.8866],[-78.0753,38.9119],[-78.0145,38.9716],[-77.9564,39.0209],[-77.9412,39.0235],[-77.8628,39.081],[-77.8283,39.1324],[-78.1582,39.3434],[-78.2628,39.4143],[-78.3471,39.466],[-78.3405,39.3535],[-78.36,39.3178],[-78.4194,39.2575],[-78.3998,39.2441],[-78.4387,39.198],[-78.4037,39.1675],[-78.4273,39.1527],[-78.4599,39.1134],[-78.4784,39.1098],[-78.5719,39.032],[-78.5505,39.0181],[-78.6017,38.9646],[-78.6205,38.9826],[-78.6466,38.9681],[-78.6805,38.9253],[-78.7162,38.9048],[-78.7389,38.9273],[-78.7591,38.9005],[-78.788,38.8851],[-78.8693,38.763],[-78.994,38.8501],[-79.0273,38.7921],[-79.055,38.7857],[-79.0573,38.7614]]]},"properties":{"district_code":"VA-06","state_code":"VA","state_name":"Virginia","district_number":"06","label":"Virginia — District 6"}},{"type":"Feature","geometry":{"type":"Polygon","coordinates":[[[-88.0634,43.1921],[-88.067,43.0309],[-88.0318,43.0238],[-88.0377,42.9736],[-87.9485,42.9739],[-87.9494,42.9304],[-87.8903,42.93],[-87.8689,42.9866],[-87.8916,43.007],[-87.895,43.0425],[-87.8638,43.0706],[-87.9014,43.1332],[-87.8811,43.1706],[-87.8921,43.192],[-88.0634,43.1921]]]},"properties":{"district_code":"WI-04","state_code":"WI","state_name":"Wisconsin","district_number":"04","label":"Wisconsin — District 4"}},{"type":"Feature","geometry":{"type":"Polygon","coordinates":[[[-89.2248,44.2434],[-89.598,44.2457],[-89.5973,43.8833],[-89.5995,43.6426],[-89.7858,43.641],[-89.7633,43.6039],[-89.7179,43.5952],[-89.7278,43.5695],[-89.6732,43.5694],[-89.5994,43.5579],[-89.6007,43.3807],[-89.6488,43.361],[-89.6776,43.3612],[-89.7197,43.3197],[-89.7205,43.2931],[-89.3632,43.294],[-89.3631,43.2813],[-89.0091,43.2848],[-89.0061,43.4588],[-88.8885,43.4591],[-88.832,43.4366],[-88.8047,43.4589],[-88.8052,43.5027],[-88.7654,43.5024],[-88.7648,43.4588],[-88.4503,43.4569],[-88.4502,43.5147],[-88.4768,43.5004],[-88.5213,43.5439],[-88.0405,43.5424],[-88.04,43.3679],[-88.0624,43.3673],[-88.0634,43.1921],[-87.8921,43.192],[-87.9118,43.2504],[-87.8892,43.3077],[-87.8696,43.3872],[-87.804,43.4634],[-87.7917,43.4922],[-87.7901,43.5631],[-87.7027,43.6876],[-87.7102,43.7371],[-87.6961,43.7631],[-87.7264,43.8104],[-87.7363,43.881],[-87.7179,43.9417],[-87.6994,43.9664],[-87.6837,44.0202],[-87.6561,44.0518],[-87.6481,44.1037],[-87.5632,44.1442],[-87.5197,44.1799],[-87.5084,44.2297],[-87.5412,44.2931],[-87.543,44.3275],[-87.8875,44.3276],[-87.8881,44.2405],[-88.0432,44.241],[-88.0421,43.9792],[-88.1508,43.9789],[-88.1512,44.0002],[-88.4035,44.0013],[-88.4041,44.2441],[-88.565,44.2437],[-88.5647,44.1996],[-88.6053,44.1991],[-88.6046,44.17],[-88.6344,44.1553],[-88.6653,44.1696],[-88.7047,44.1696],[-88.7391,44.1872],[-88.7652,44.1695],[-88.7662,44.2434],[-89.2248,44.2434]]]},"properties":{"district_code":"WI-06","state_code":"WI","state_name":"Wisconsin","district_number":"06","label":"Wisconsin — District 6"}},{"type":"Feature","geometry":{"type":"Polygon","coordinates":[[[-122.4954,37.6643],[-122.5014,37.5996],[-122.5172,37.5906],[-122.5167,37.5213],[-122.4938,37.4923],[-122.4596,37.4927],[-122.4437,37.4359],[-122.4008,37.3592],[-122.4117,37.2658],[-122.4185,37.2485],[-122.4051,37.1958],[-122.3671,37.1728],[-122.3389,37.1209],[-122.293,37.1073],[-122.3118,37.1475],[-122.3177,37.1869],[-122.2427,37.19],[-122.2426,37.2151],[-122.1528,37.2154],[-122.1441,37.2702],[-122.1042,37.2343],[-122.0475,37.2049],[-122.0262,37.1669],[-121.9727,37.1481],[-121.959,37.1673],[-121.9132,37.1757],[-121.9282,37.1947],[-121.8979,37.231],[-121.8731,37.2363],[-121.8781,37.2726],[-121.8247,37.2781],[-121.8032,37.2996],[-121.8155,37.3345],[-121.8486,37.3358],[-121.8866,37.3092],[-121.9402,37.3174],[-121.9556,37.2978],[-122.0474,37.2937],[-122.0918,37.3007],[-122.0693,37.33],[-122.0569,37.3855],[-122.0353,37.4265],[-122.0599,37.4473],[-122.1152,37.4663],[-122.1279,37.4527],[-122.1868,37.4768],[-122.231,37.4483],[-122.2743,37.4562],[-122.2986,37.4955],[-122.3472,37.5125],[-122.3668,37.5422],[-122.4641,37.6388],[-122.4954,37.6643]]]},"properties":{"district_code":"CA-16","state_code":"CA","state_name":"California","district_number":"16","label":"California — District 16"}},{"type":"Feature","geometry":{"type":"Polygon","coordinates":[[[-119.906,36.8501],[-119.9705,36.8316],[-119.97,36.735],[-119.9254,36.7353],[-119.9344,36.6916],[-119.9073,36.6628],[-119.9082,36.6285],[-119.8808,36.6194],[-119.7728,36.6196],[-119.773,36.5474],[-119.6917,36.5471],[-119.683,36.4892],[-119.5732,36.4888],[-119.5283,36.4875],[-119.5288,36.4015],[-119.4749,36.401],[-119.4751,36.3709],[-119.4484,36.3553],[-119.4484,36.3277],[-119.3945,36.3278],[-119.3503,36.3421],[-119.2747,36.3264],[-119.2429,36.3055],[-119.2331,36.269],[-119.1452,36.2682],[-119.1314,36.2843],[-119.0712,36.3131],[-118.9922,36.3174],[-118.9911,36.3643],[-119.0177,36.3755],[-119.0293,36.4266],[-119.0611,36.4548],[-119.0813,36.4427],[-119.1258,36.45],[-119.1551,36.4314],[-119.1699,36.4653],[-119.1631,36.4929],[-119.1859,36.5055],[-119.2269,36.5005],[-119.2404,36.517],[-119.2149,36.5451],[-119.2218,36.5701],[-119.2015,36.6337],[-119.1748,36.6589],[-119.3317,36.661],[-119.3733,36.6865],[-119.3888,36.7089],[-119.4495,36.7186],[-119.4574,36.7058],[-119.511,36.7009],[-119.5293,36.7358],[-119.5831,36.7357],[-119.5925,36.6777],[-119.6638,36.6781],[-119.6639,36.7503],[-119.6911,36.7539],[-119.7027,36.7867],[-119.7447,36.7897],[-119.7723,36.823],[-119.7904,36.8085],[-119.8321,36.8044],[-119.8624,36.8372],[-119.906,36.8501]]]},"properties":{"district_code":"CA-21","state_code":"CA","state_name":"California","district_number":"21","label":"California — District 21"}},{"type":"Feature","geometry":{"type":"Polygon","coordinates":[[[-119.4437,34.9012],[-119.4422,34.4559],[-119.4514,34.3981],[-119.3775,34.3918],[-119.3702,34.4172],[-119.3445,34.4388],[-119.2661,34.476],[-119.2317,34.466],[-119.2432,34.3957],[-119.2866,34.3728],[-119.293,34.3177],[-119.2567,34.3214],[-119.2157,34.3402],[-119.1925,34.3724],[-119.1733,34.3659],[-119.1459,34.3137],[-119.1485,34.2822],[-119.2123,34.2369],[-119.2499,34.2589],[-119.2661,34.2361],[-119.2164,34.1461],[-119.1886,34.139],[-119.1293,34.1008],[-119.086,34.0993],[-118.9446,34.0458],[-118.941,34.0748],[-118.8565,34.1268],[-118.8476,34.1103],[-118.8004,34.1394],[-118.7566,34.1408],[-118.7241,34.1253],[-118.6502,34.1181],[-118.6106,34.1253],[-118.6106,34.1472],[-118.6385,34.1576],[-118.6648,34.1497],[-118.668,34.1992],[-118.7049,34.1972],[-118.7113,34.2131],[-118.6678,34.2223],[-118.6325,34.2404],[-118.6335,34.2695],[-118.6368,34.2918],[-118.8209,34.6659],[-118.8804,34.7887],[-118.978,34.7898],[-118.9779,34.8117],[-119.2425,34.8143],[-119.2426,34.8576],[-119.2764,34.8725],[-119.3819,34.874],[-119.3837,34.9008],[-119.4437,34.9012]]]},"properties":{"district_code":"CA-26","state_code":"CA","state_name":"California","district_number":"26","label":"California — District 26"}},{"type":"Feature","geometry":{"type":"Polygon","coordinates":[[[-117.9167,34.8226],[-118.1702,34.8205],[-118.547,34.8184],[-118.854,34.8177],[-118.8804,34.7887],[-118.8209,34.6659],[-118.6368,34.2918],[-118.6335,34.2695],[-118.6073,34.2777],[-118.4721,34.2573],[-118.468,34.2916],[-118.4927,34.3306],[-118.4052,34.3298],[-118.3972,34.3378],[-118.3976,34.4242],[-118.3421,34.4286],[-118.3254,34.4055],[-118.2897,34.3948],[-118.2726,34.4376],[-118.2536,34.423],[-118.2144,34.4233],[-118.1897,34.3807],[-118.143,34.3748],[-118.1022,34.3996],[-118.0755,34.3984],[-118.0901,34.4366],[-118.1082,34.4512],[-118.0677,34.471],[-118.0436,34.4992],[-117.9922,34.4992],[-117.9759,34.4702],[-117.9757,34.4388],[-117.9347,34.4317],[-117.9249,34.4372],[-117.9141,34.501],[-117.8878,34.5064],[-117.8806,34.5579],[-117.8807,34.7195],[-117.9163,34.7195],[-117.9167,34.8226]]]},"properties":{"district_code":"CA-27","state_code":"CA","state_name":"California","district_number":"27","label":"California — District 27"}},{"type":"Feature","geometry":{"type":"Polygon","coordinates":[[[-117.7506,34.1096],[-117.7477,34.1399],[-117.7809,34.1652],[-117.8463,34.1452],[-117.8894,34.1469],[-117.8922,34.1706],[-117.8558,34.1793],[-117.8174,34.2066],[-117.8122,34.2232],[-117.7506,34.2229],[-117.749,34.2811],[-117.7751,34.3385],[-117.8288,34.3384],[-117.8443,34.2643],[-117.8697,34.2433],[-117.9784,34.2384],[-117.9775,34.1651],[-118.0209,34.1548],[-118.0185,34.1079],[-118.0551,34.0893],[-118.0703,34.0572],[-118.0076,34.0151],[-117.9736,34.0184],[-117.9134,33.9898],[-117.8822,33.9953],[-117.8889,34.0435],[-117.8261,34.0624],[-117.7894,34.0729],[-117.7506,34.1096]]]},"properties":{"district_code":"CA-31","state_code":"CA","state_name":"California","district_number":"31","label":"California — District 31"}},{"type":"Feature","geometry":{"type":"Polygon","coordinates":[[[-118.323,34.0547],[-118.2741,34.0381],[-118.2386,34.035],[-118.2397,34.0147],[-118.1276,34.008],[-118.1442,34.0335],[-118.1696,34.0442],[-118.1607,34.0934],[-118.178,34.0986],[-118.1806,34.1412],[-118.2286,34.1459],[-118.2533,34.1244],[-118.2415,34.081],[-118.2562,34.0678],[-118.3091,34.0835],[-118.323,34.0547]]]},"properties":{"district_code":"CA-34","state_code":"CA","state_name":"California","district_number":"34","label":"California — District 34"}},{"type":"Feature","geometry":{"type":"Polygon","coordinates":[[[-117.5489,33.9572],[-117.5009,33.9433],[-117.5004,33.8898],[-117.3845,33.8871],[-117.3836,33.9016],[-117.3312,33.9019],[-117.3533,33.8726],[-117.3139,33.8297],[-117.3013,33.7722],[-117.3099,33.7131],[-117.2406,33.7141],[-117.2235,33.743],[-117.1933,33.743],[-117.1694,33.7722],[-117.167,33.8012],[-117.1356,33.8405],[-117.1814,33.8327],[-117.2039,33.8591],[-117.17,33.8743],[-117.1746,33.8925],[-117.1198,33.9031],[-117.1151,33.9195],[-117.1476,33.9611],[-117.2178,33.9613],[-117.2254,34.0053],[-117.2255,34.018],[-117.2961,34.0183],[-117.3754,34.0194],[-117.4015,34.034],[-117.5502,34.0335],[-117.5489,33.9572]]]},"properties":{"district_code":"CA-39","state_code":"CA","state_name":"California","district_number":"39","label":"California — District 39"}},{"type":"Feature","geometry":{"type":"MultiPolygon","coordinates":[[[[-118.2397,34.0147],[-118.2564,33.9895],[-118.2559,33.9547],[-118.2286,33.9483],[-118.2257,33.9654],[-118.1563,33.951],[-118.1704,33.9236],[-118.1492,33.9137],[-118.1426,33.8829],[-118.1251,33.869],[-118.125,33.8324],[-118.1845,33.8186],[-118.1894,33.7899],[-118.2154,33.7917],[-118.2454,33.7639],[-118.2433,33.7425],[-118.1958,33.7329],[-118.1808,33.7651],[-118.1154,33.7433],[-118.092,33.7585],[-118.093,33.7861],[-118.0728,33.8149],[-118.0788,33.8387],[-118.1083,33.8584],[-118.1082,33.8869],[-118.1116,33.9221],[-118.0988,33.9442],[-118.1327,33.9709],[-118.1276,34.008],[-118.2397,34.0147]]],[[[-118.6044,33.4786],[-118.5634,33.4344],[-118.4887,33.4198],[-118.481,33.389],[-118.4875,33.3509],[-118.4654,33.3261],[-118.4411,33.3186],[-118.3748,33.3201],[-118.3252,33.2991],[-118.3051,33.3103],[-118.3102,33.3348],[-118.382,33.4099],[-118.4458,33.4289],[-118.5445,33.4741],[-118.6044,33.4786]]],[[[-118.6105,33.0329],[-118.5804,32.9743],[-118.5564,32.947],[-118.5471,32.9119],[-118.5123,32.8792],[-118.5062,32.853],[-118.4777,32.8404],[-118.4318,32.8015],[-118.3735,32.839],[-118.4883,32.9237],[-118.5499,32.9895],[-118.5799,33.0345],[-118.6105,33.0329]]]]},"properties":{"district_code":"CA-42","state_code":"CA","state_name":"California","district_number":"42","label":"California — District 42"}},{"type":"Feature","geometry":{"type":"Polygon","coordinates":[[[-86.9069,31.8306],[-86.9059,31.753],[-86.9893,31.7186],[-87.061,31.7048],[-87.056,31.6774],[-87.0914,31.6523],[-87.1351,31.6424],[-87.1451,31.5872],[-87.1608,31.5594],[-87.1655,31.5212],[-87.2086,31.4573],[-87.2295,31.4537],[-87.2967,31.4013],[-87.36,31.3175],[-87.3932,31.3009],[-87.4275,31.2604],[-87,31.261],[-86.8459,31.262],[-86.8382,31.2299],[-86.8652,31.1993],[-86.8731,31.1745],[-86.8992,31.1533],[-86.9181,31.1151],[-86.8907,31.0999],[-86.8515,31.1388],[-86.8043,31.0672],[-86.8296,31.0217],[-86.81,30.9972],[-86.5199,30.9932],[-86.3693,30.9945],[-86.1327,30.9932],[-85.9986,30.9929],[-85.4983,30.9969],[-85.2436,31.0009],[-85.0025,31.0007],[-85.0114,31.0535],[-85.0286,31.0746],[-85.0356,31.1082],[-85.0547,31.1208],[-85.0766,31.1569],[-85.1002,31.1655],[-85.107,31.2027],[-85.0968,31.2257],[-85.1133,31.2643],[-85.0898,31.295],[-85.0842,31.3283],[-85.0922,31.3646],[-85.0755,31.4248],[-85.0716,31.4684],[-85.0413,31.541],[-85.058,31.5708],[-85.0575,31.6186],[-85.1255,31.695],[-85.1189,31.7327],[-85.1419,31.782],[-85.1329,31.7924],[-85.1401,31.8588],[-85.0982,31.9263],[-85.0551,32.0107],[-85.056,32.0631],[-85.1851,32.0617],[-85.1957,32.0818],[-85.2455,32.1191],[-85.2577,32.1483],[-85.4274,32.1466],[-85.4335,32.2346],[-85.854,32.2321],[-85.8764,32.2466],[-85.8779,32.2915],[-85.9193,32.2744],[-85.9543,32.3022],[-85.959,32.324],[-85.9886,32.3346],[-86.0145,32.3858],[-86.0074,32.4287],[-85.964,32.4496],[-85.8944,32.4476],[-85.8703,32.4815],[-85.8884,32.4952],[-85.8856,32.548],[-85.8946,32.6031],[-85.8877,32.6476],[-85.9117,32.6778],[-85.8799,32.7545],[-86.3368,32.7538],[-86.4133,32.7506],[-86.4131,32.7074],[-86.5247,32.7071],[-86.7142,32.7057],[-86.7134,32.6617],[-86.8166,32.6601],[-86.9176,32.6642],[-86.9188,32.6443],[-86.8983,32.5677],[-86.9067,32.537],[-86.8499,32.4383],[-86.8438,32.4004],[-86.8074,32.3544],[-86.8203,32.315],[-86.7911,32.3146],[-86.7732,32.3407],[-86.7814,32.3925],[-86.75,32.3891],[-86.7179,32.4028],[-86.7113,32.3608],[-86.6788,32.3554],[-86.654,32.3963],[-86.618,32.4057],[-86.6148,32.3743],[-86.5425,32.3635],[-86.5325,32.3388],[-86.4934,32.345],[-86.4928,32.3616],[-86.4625,32.3781],[-86.4591,32.3958],[-86.358,32.4232],[-86.2815,32.3579],[-86.281,32.3343],[-86.2291,32.3157],[-86.239,32.296],[-86.3071,32.2851],[-86.2954,32.2417],[-86.3008,32.2195],[-86.3489,32.2108],[-86.3898,32.2272],[-86.4083,32.21],[-86.405,31.9638],[-86.6136,31.9639],[-86.9089,31.9617],[-86.9069,31.8306]]]},"properties":{"district_code":"AL-02","state_code":"AL","state_name":"Alabama","district_number":"02","label":"Alabama — District 2"}},{"type":"Feature","geometry":{"type":"Polygon","coordinates":[[[-86.3256,33.9401],[-86.3462,33.9156],[-86.3393,33.8948],[-86.406,33.8359],[-86.5127,33.8106],[-86.5218,33.8019],[-86.5775,33.802],[-86.5778,33.7653],[-86.5428,33.7652],[-86.5426,33.7356],[-86.5251,33.7212],[-86.5251,33.6487],[-86.5513,33.62],[-86.552,33.561],[-86.5168,33.546],[-86.4815,33.5461],[-86.4819,33.5025],[-86.3782,33.5024],[-86.3785,33.3872],[-86.3529,33.3725],[-86.3674,33.3205],[-86.3576,33.2985],[-86.458,33.2414],[-86.461,33.2029],[-86.4861,33.2019],[-86.5031,33.1791],[-86.4599,33.1251],[-86.5121,33.0859],[-86.5173,33.0206],[-86.5962,33.0043],[-86.6141,32.9912],[-86.5905,32.9683],[-86.6121,32.9347],[-86.6217,32.8921],[-86.6593,32.9025],[-86.671,32.8908],[-86.6335,32.8427],[-86.6224,32.7938],[-86.5787,32.7942],[-86.5247,32.7071],[-86.4131,32.7074],[-86.4133,32.7506],[-86.3368,32.7538],[-85.8799,32.7545],[-85.9117,32.6778],[-85.8877,32.6476],[-85.8946,32.6031],[-85.8856,32.548],[-85.8884,32.4952],[-85.8703,32.4815],[-85.8944,32.4476],[-85.964,32.4496],[-86.0074,32.4287],[-86.0145,32.3858],[-85.9886,32.3346],[-85.959,32.324],[-85.9543,32.3022],[-85.9193,32.2744],[-85.8779,32.2915],[-85.8764,32.2466],[-85.854,32.2321],[-85.4335,32.2346],[-85.4274,32.1466],[-85.2577,32.1483],[-85.2455,32.1191],[-85.1957,32.0818],[-85.1851,32.0617],[-85.056,32.0631],[-85.0455,32.0869],[-85.0621,32.1325],[-85.0085,32.1819],[-84.9646,32.1952],[-84.9721,32.2183],[-84.9301,32.2191],[-84.9015,32.2574],[-84.9338,32.2983],[-85.0019,32.322],[-84.9868,32.3591],[-84.9718,32.4428],[-84.9935,32.4507],[-85.0003,32.5071],[-85.0225,32.5429],[-85.0675,32.5795],[-85.1053,32.6448],[-85.0885,32.6578],[-85.117,32.692],[-85.1208,32.7229],[-85.1426,32.7607],[-85.1222,32.7734],[-85.1679,32.8116],[-85.1543,32.8475],[-85.1847,32.8705],[-85.2324,33.1081],[-85.3044,33.4829],[-85.3865,33.9017],[-85.4295,34.1251],[-85.4704,34.3282],[-85.5137,34.5242],[-85.5768,34.4844],[-85.5795,34.4402],[-85.6361,34.3669],[-85.6753,34.3434],[-85.7742,34.2591],[-85.809,34.2589],[-85.8438,34.2446],[-85.8414,34.1107],[-85.812,34.1251],[-85.7371,33.9892],[-85.741,33.9353],[-85.8114,33.9471],[-85.8818,33.9503],[-85.8997,33.943],[-85.8996,33.9064],[-85.9692,33.9146],[-85.9952,33.8649],[-86.0213,33.8515],[-86.0629,33.8632],[-86.0974,33.8614],[-86.1125,33.904],[-86.1427,33.8994],[-86.1667,33.9282],[-86.1681,33.9652],[-86.2123,33.9877],[-86.2467,33.9715],[-86.29,33.9837],[-86.3256,33.9401]]]},"properties":{"district_code":"AL-03","state_code":"AL","state_name":"Alabama","district_number":"03","label":"Alabama — District 3"}},{"type":"Feature","geometry":{"type":"Polygon","coordinates":[[[-88.2001,34.9956],[-88.1546,34.9224],[-88.0979,34.8922],[-88.1184,34.7243],[-88.1343,34.6227],[-88.1656,34.3831],[-88.2107,34.0292],[-88.2523,33.7196],[-88.2746,33.534],[-87.9465,33.5241],[-87.8407,33.5248],[-87.838,33.2841],[-87.7785,33.2788],[-87.7092,33.2637],[-87.6541,33.2368],[-87.6391,33.2696],[-87.6026,33.2654],[-87.5518,33.2802],[-87.5109,33.2353],[-87.4923,33.2498],[-87.4323,33.2535],[-87.4222,33.2787],[-87.3927,33.2892],[-87.4165,33.3325],[-87.412,33.3799],[-87.3864,33.4268],[-87.3372,33.4754],[-87.3312,33.4909],[-87.285,33.4858],[-87.2326,33.5394],[-87.1865,33.557],[-87.2046,33.5788],[-87.1794,33.6138],[-87.1445,33.6282],[-87.0927,33.6279],[-87.0927,33.6569],[-87.0578,33.6564],[-87.0398,33.6854],[-87.0406,33.729],[-87.0234,33.7436],[-87.0233,33.7727],[-87.006,33.7872],[-86.9709,33.7865],[-86.9537,33.8008],[-86.9543,33.8449],[-86.9198,33.8846],[-86.9244,33.9092],[-86.8866,33.9169],[-86.8861,33.9335],[-86.764,33.9742],[-86.7613,33.9954],[-86.7097,34.029],[-86.6877,34.0807],[-86.6534,34.1072],[-86.5891,34.1362],[-86.5196,34.2518],[-86.4871,34.2602],[-86.4448,34.2501],[-86.409,34.205],[-86.3035,34.0991],[-86.3324,34.0465],[-86.3327,33.9861],[-86.3495,33.9573],[-86.3256,33.9401],[-86.29,33.9837],[-86.2467,33.9715],[-86.2123,33.9877],[-86.1681,33.9652],[-86.1667,33.9282],[-86.1427,33.8994],[-86.1125,33.904],[-86.0974,33.8614],[-86.0629,33.8632],[-86.0213,33.8515],[-85.9952,33.8649],[-85.9692,33.9146],[-85.8996,33.9064],[-85.8997,33.943],[-85.8818,33.9503],[-85.8114,33.9471],[-85.741,33.9353],[-85.7371,33.9892],[-85.812,34.1251],[-85.8414,34.1107],[-85.8438,34.2446],[-85.809,34.2589],[-85.7742,34.2591],[-85.6753,34.3434],[-85.6361,34.3669],[-85.5795,34.4402],[-85.5768,34.4844],[-85.5137,34.5242],[-85.5831,34.8604],[-85.6271,34.8319],[-85.6343,34.799],[-85.6602,34.755],[-85.693,34.7443],[-85.7855,34.6246],[-85.9385,34.5254],[-85.9623,34.4998],[-86.0038,34.48],[-86.0597,34.4754],[-86.0828,34.4645],[-86.1044,34.5066],[-86.1498,34.5336],[-86.1485,34.5991],[-86.3031,34.5926],[-86.3112,34.5393],[-86.3343,34.5096],[-86.3831,34.5209],[-86.389,34.4997],[-86.4239,34.4796],[-86.4688,34.4757],[-86.5281,34.4983],[-86.5528,34.54],[-86.5813,34.3711],[-86.5819,34.3047],[-86.8387,34.3082],[-87.1101,34.3138],[-87.1051,34.686],[-87.1389,34.7241],[-87.2297,34.764],[-87.2979,34.7508],[-87.3442,34.7965],[-87.3702,34.805],[-87.4265,34.8],[-87.4953,34.819],[-87.4873,34.8594],[-87.5688,34.8512],[-87.5954,34.8621],[-87.6278,34.8301],[-87.6786,34.84],[-87.7187,34.832],[-87.7124,34.8982],[-87.6866,34.9337],[-87.7017,34.9655],[-87.6887,35.0038],[-87.9849,35.0059],[-88.203,35.008],[-88.2001,34.9956]]]},"properties":{"district_code":"AL-04","state_code":"AL","state_name":"Alabama","district_number":"04","label":"Alabama — District 4"}},{"type":"Feature","geometry":{"type":"Polygon","coordinates":[[[-87.5242,41.7083],[-87.5267,41.2982],[-87.5266,41.1661],[-87.4418,41.1732],[-87.4143,41.1622],[-87.3246,41.1862],[-87.2857,41.2152],[-87.2264,41.2355],[-87.1925,41.2652],[-87.1313,41.2862],[-87.0597,41.2695],[-86.9681,41.2197],[-86.9301,41.2368],[-86.9298,41.519],[-86.7263,41.5175],[-86.7008,41.5469],[-86.6997,41.7598],[-86.8248,41.7602],[-86.9091,41.7269],[-86.9227,41.7127],[-87.099,41.6518],[-87.2207,41.6244],[-87.2888,41.6208],[-87.3689,41.63],[-87.4115,41.6437],[-87.4249,41.6901],[-87.4763,41.6752],[-87.5242,41.7083]]]},"properties":{"district_code":"IN-01","state_code":"IN","state_name":"Indiana","district_number":"01","label":"Indiana — District 1"}},{"type":"Feature","geometry":{"type":"Polygon","coordinates":[[[-87.5266,41.1661],[-87.5258,40.8069],[-87.5263,40.494],[-87.5315,40.1481],[-87.4905,40.1484],[-87.4904,40.1274],[-87.4067,40.1275],[-87.4173,40.1592],[-87.394,40.1805],[-87.3389,40.1864],[-87.2051,40.1857],[-87.2054,40.128],[-87.2239,40.1121],[-87.2054,40.0538],[-87.1582,40.0395],[-87.0915,40.039],[-87.0915,39.8673],[-87.0095,39.8667],[-87.0145,39.4736],[-86.6322,39.4702],[-86.6308,39.3469],[-86.6308,39.3408],[-86.4651,39.3383],[-86.2517,39.3417],[-86.2499,39.6336],[-86.3263,39.6322],[-86.3266,39.7198],[-86.3263,39.924],[-86.2407,39.9261],[-86.2428,40.4029],[-86.2713,40.4318],[-86.3758,40.4319],[-86.3744,40.5614],[-86.3467,40.5613],[-86.3368,40.5832],[-86.3354,40.6491],[-86.2785,40.6639],[-86.2789,40.7548],[-86.3287,40.767],[-86.3541,40.7611],[-86.3546,40.8155],[-86.3646,40.8229],[-86.468,40.8226],[-86.4682,40.9099],[-86.9308,40.9124],[-86.9301,41.2368],[-86.9681,41.2197],[-87.0597,41.2695],[-87.1313,41.2862],[-87.1925,41.2652],[-87.2264,41.2355],[-87.2857,41.2152],[-87.3246,41.1862],[-87.4143,41.1622],[-87.4418,41.1732],[-87.5266,41.1661]]]},"properties":{"district_code":"IN-04","state_code":"IN","state_name":"Indiana","district_number":"04","label":"Indiana — District 4"}},{"type":"Feature","geometry":{"type":"Polygon","coordinates":[[[-93.3479,41.8631],[-93.62,41.8632],[-94.1644,41.8632],[-94.1647,42.2099],[-94.6286,42.2096],[-94.6287,41.8628],[-94.7449,41.8624],[-94.7442,41.6022],[-94.7007,41.6022],[-94.7006,41.5041],[-95.1547,41.5052],[-95.1559,41.1592],[-95.3843,41.16],[-95.3853,40.7284],[-95.3706,40.7282],[-95.3739,40.5805],[-94.9917,40.5757],[-94.632,40.5712],[-94.4893,40.5707],[-94.0802,40.5729],[-93.5483,40.5804],[-93.2606,40.5808],[-92.9416,40.5877],[-92.7574,40.5889],[-92.1798,40.6005],[-92.1783,40.8297],[-92.18,41.1627],[-92.5255,41.1615],[-92.9844,41.1608],[-93.4663,41.1607],[-93.7892,41.162],[-93.7906,41.5119],[-93.5482,41.5113],[-93.4138,41.5074],[-93.3393,41.4827],[-93.3284,41.4908],[-93.3287,41.6011],[-93.3487,41.601],[-93.3479,41.8631]]]},"properties":{"district_code":"IA-03","state_code":"IA","state_name":"Iowa","district_number":"03","label":"Iowa — District 3"}},{"type":"Feature","geometry":{"type":"MultiPolygon","coordinates":[[[[-85.2225,29.6793],[-85.1872,29.6657],[-85.141,29.634],[-85.0968,29.6331],[-85.0805,29.6749],[-85.1143,29.6887],[-85.1564,29.6796],[-85.2225,29.6793]]],[[[-86.1327,30.9932],[-86.137,30.9246],[-86.1155,30.8624],[-86.1234,30.8145],[-86.143,30.7904],[-86.1564,30.7284],[-86.1444,30.6943],[-86.1143,30.6509],[-86.1174,30.6201],[-86.1073,30.5601],[-86.1082,30.4865],[-86.1533,30.433],[-86.1785,30.3791],[-86.1797,30.3314],[-86.09,30.3036],[-85.9476,30.2491],[-85.8781,30.2156],[-85.7754,30.1563],[-85.6997,30.0987],[-85.5956,30.0506],[-85.5086,29.972],[-85.4051,29.9385],[-85.3637,29.8989],[-85.3428,29.8579],[-85.3145,29.8327],[-85.3008,29.799],[-85.304,29.7206],[-85.3137,29.6865],[-85.2509,29.6872],[-85.1215,29.7159],[-85.0721,29.719],[-85.0139,29.7095],[-84.977,29.7212],[-84.9276,29.7612],[-84.9151,29.7833],[-84.8711,29.7813],[-84.9021,29.7353],[-84.8818,29.7339],[-84.7618,29.7887],[-84.7018,29.8243],[-84.6527,29.8435],[-84.6033,29.8761],[-84.5359,29.9101],[-84.492,29.9099],[-84.4517,29.9291],[-84.4233,29.9033],[-84.3809,29.8937],[-84.3445,29.899],[-84.3365,29.9425],[-84.4188,29.9833],[-84.362,29.9877],[-84.3343,30.0371],[-84.2708,30.0681],[-84.2725,30.0924],[-84.237,30.0856],[-84.1738,30.091],[-84.1573,30.0727],[-84.063,30.1014],[-84.0243,30.1033],[-83.9597,30.0649],[-83.9254,30.0346],[-83.8454,29.9981],[-83.8287,29.9832],[-83.7887,29.977],[-83.7279,29.941],[-83.6808,29.9216],[-83.638,29.8861],[-83.6186,29.8423],[-83.5868,29.8189],[-83.5892,29.7833],[-83.5425,29.7282],[-83.493,29.7127],[-83.4837,29.6882],[-83.4096,29.6684],[-83.3734,29.666],[-83.3507,29.6953],[-83.3457,29.7435],[-83.3195,29.7783],[-83.3189,29.8226],[-83.3529,29.8222],[-83.353,29.8879],[-83.3709,29.8879],[-83.3684,30.1287],[-83.2926,30.1292],[-83.2911,30.2022],[-83.2831,30.2529],[-83.2394,30.2604],[-83.233,30.292],[-83.2099,30.3119],[-83.2128,30.3443],[-83.1922,30.3752],[-83.171,30.3852],[-83.18,30.4102],[-83.2171,30.4187],[-83.2259,30.468],[-83.2436,30.473],[-83.2389,30.518],[-83.2756,30.6287],[-83.3092,30.6344],[-83.7437,30.6584],[-84.0572,30.6747],[-84.5394,30.6968],[-84.8647,30.7115],[-84.918,30.7781],[-84.9374,30.8209],[-84.927,30.8392],[-84.9343,30.8819],[-84.9836,30.937],[-84.9825,30.9656],[-85.004,30.9735],[-85.0025,31.0007],[-85.2436,31.0009],[-85.4983,30.9969],[-85.9986,30.9929],[-86.1327,30.9932]]]]},"properties":{"district_code":"FL-02","state_code":"FL","state_name":"Florida","district_number":"02","label":"Florida — District 2"}},{"type":"Feature","geometry":{"type":"Polygon","coordinates":[[[-80.2788,25.971],[-80.2767,25.9251],[-80.2919,25.8963],[-80.2426,25.8714],[-80.2486,25.8149],[-80.1854,25.8115],[-80.2038,25.7891],[-80.1787,25.7876],[-80.1396,25.7555],[-80.121,25.8132],[-80.1179,25.9752],[-80.165,25.9739],[-80.1655,25.9962],[-80.2792,25.9938],[-80.2788,25.971]]]},"properties":{"district_code":"FL-24","state_code":"FL","state_name":"Florida","district_number":"24","label":"Florida — District 24"}},{"type":"Feature","geometry":{"type":"Polygon","coordinates":[[[-82.3113,28.9604],[-82.2736,28.8972],[-82.2425,28.8768],[-82.232,28.8566],[-82.1826,28.8218],[-82.1708,28.7902],[-82.1894,28.759],[-82.2062,28.7572],[-82.2492,28.7174],[-82.2616,28.6693],[-82.2748,28.6562],[-82.2082,28.5721],[-82.138,28.5655],[-82.0919,28.5233],[-82.0545,28.5214],[-82.0555,28.2589],[-82.0555,28.248],[-82.0086,28.2058],[-81.9739,28.1623],[-81.9737,28.1281],[-81.9141,28.1574],[-81.9058,28.172],[-81.8543,28.1522],[-81.8224,28.172],[-81.7607,28.1754],[-81.6774,28.2123],[-81.6206,28.2543],[-81.6586,28.2541],[-81.6738,28.347],[-81.5319,28.3473],[-81.474,28.4161],[-81.4742,28.4501],[-81.5083,28.4772],[-81.5087,28.5197],[-81.4897,28.552],[-81.4994,28.6179],[-81.458,28.6402],[-81.4595,28.7133],[-81.4238,28.7353],[-81.4152,28.7637],[-81.4196,28.8152],[-81.4748,28.8181],[-81.56,28.8077],[-81.593,28.786],[-81.6874,28.7879],[-81.6936,28.8363],[-81.7498,28.8354],[-81.7579,28.8524],[-81.7988,28.8811],[-81.8392,28.8947],[-81.8643,28.8871],[-81.9535,28.887],[-81.9542,28.9601],[-82.1236,28.9602],[-82.3113,28.9604]]]},"properties":{"district_code":"FL-11","state_code":"FL","state_name":"Florida","district_number":"11","label":"Florida — District 11"}},{"type":"Feature","geometry":{"type":"Polygon","coordinates":[[[-82.7928,28.173],[-82.7783,28.1216],[-82.793,28.0065],[-82.8049,27.966],[-82.8315,27.9645],[-82.8522,27.886],[-82.8286,27.8223],[-82.7905,27.791],[-82.7466,27.7302],[-82.738,27.7068],[-82.7453,27.6538],[-82.737,27.6126],[-82.705,27.6253],[-82.7237,27.6624],[-82.7115,27.7054],[-82.6801,27.7005],[-82.6797,27.8375],[-82.6642,27.8466],[-82.6623,27.8909],[-82.6767,27.9138],[-82.7206,27.9362],[-82.6961,27.9633],[-82.6756,28.0054],[-82.6485,28.0181],[-82.6512,28.1733],[-82.7928,28.173]]]},"properties":{"district_code":"FL-13","state_code":"FL","state_name":"Florida","district_number":"13","label":"Florida — District 13"}},{"type":"Feature","geometry":{"type":"Polygon","coordinates":[[[-82.0565,27.2078],[-82.0575,27.0321],[-81.9832,27.0353],[-81.5626,27.0338],[-81.5665,26.7095],[-81.5642,26.5425],[-81.5638,26.5133],[-81.5444,26.5135],[-81.4347,26.4855],[-81.4335,26.4184],[-81.2719,26.4226],[-81.2682,26.2531],[-80.8797,26.2593],[-80.88,26.3461],[-80.8858,26.6092],[-80.8856,26.9589],[-80.6774,27.1216],[-80.6797,27.5587],[-80.7772,27.5587],[-80.778,27.6432],[-80.8731,27.6423],[-81.1422,27.6432],[-81.1526,27.7183],[-81.1687,27.726],[-81.1782,27.7705],[-81.2144,27.8286],[-81.2465,27.8488],[-81.2971,27.8596],[-81.3149,27.9012],[-81.3086,27.9216],[-81.3765,27.9783],[-81.387,28.0036],[-81.42,28.0018],[-81.4403,28.0339],[-81.5135,28.0268],[-81.5151,28.058],[-81.5392,28.1098],[-81.5242,28.1428],[-81.5241,28.201],[-81.5395,28.2282],[-81.6206,28.2543],[-81.6774,28.2123],[-81.7607,28.1754],[-81.8224,28.172],[-81.8543,28.1522],[-81.9058,28.172],[-81.9141,28.1574],[-81.9737,28.1281],[-81.9736,28.0899],[-81.9574,28.0698],[-81.9569,27.982],[-82.0018,27.9385],[-82.0302,27.9236],[-82.0553,27.9273],[-82.0545,27.5952],[-82.0565,27.2078]]]},"properties":{"district_code":"FL-18","state_code":"FL","state_name":"Florida","district_number":"18","label":"Florida — District 18"}},{"type":"Feature","geometry":{"type":"Polygon","coordinates":[[[-111.9962,34.0299],[-111.9957,33.9009],[-112.0308,33.9011],[-112.0305,33.8281],[-111.9955,33.772],[-111.9954,33.7477],[-112.0257,33.6994],[-112.1146,33.6999],[-112.0998,33.6692],[-112.0996,33.5314],[-112.0998,33.5169],[-112.0475,33.5165],[-112.0476,33.4947],[-112.013,33.4952],[-112.0129,33.4657],[-111.9814,33.4511],[-111.9096,33.4368],[-111.8562,33.4367],[-111.8268,33.4665],[-111.7873,33.4809],[-111.7404,33.4819],[-111.7127,33.4979],[-111.6839,33.4808],[-111.6499,33.4952],[-111.6038,33.4958],[-111.6031,33.4672],[-111.4768,33.4659],[-111.0479,33.4657],[-111.0464,33.4786],[-111.1534,33.6776],[-111.2094,33.6335],[-111.2384,33.6184],[-111.2628,33.6232],[-111.3177,33.6828],[-111.3375,33.7212],[-111.3868,33.75],[-111.3894,33.7767],[-111.3723,33.8239],[-111.3958,33.8443],[-111.3881,33.8634],[-111.4122,33.8846],[-111.4051,33.9192],[-111.4472,33.9348],[-111.4527,33.9624],[-111.4331,33.9844],[-111.4665,34.0059],[-111.5007,34],[-111.7263,34],[-111.9962,34.0299]]]},"properties":{"district_code":"AZ-01","state_code":"AZ","state_name":"Arizona","district_number":"01","label":"Arizona — District 1"}},{"type":"Feature","geometry":{"type":"Polygon","coordinates":[[[-112.8295,37.0004],[-112.8274,36.832],[-112.6004,36.8319],[-112.5998,36.8082],[-112.6197,36.7827],[-112.6122,36.7369],[-112.6385,36.6741],[-112.6209,36.5959],[-112.6536,36.5579],[-112.6589,36.529],[-112.623,36.4747],[-112.6451,36.4573],[-112.6241,36.41],[-112.6295,36.3916],[-112.6816,36.3417],[-112.724,36.346],[-112.7617,36.31],[-112.8462,36.277],[-112.865,36.2824],[-112.9029,36.2538],[-112.9812,36.2318],[-113.0063,36.2388],[-113.0528,36.2094],[-113.0955,36.1936],[-113.1371,36.1664],[-113.1548,36.1745],[-113.1968,36.1529],[-113.2017,36.119],[-113.2249,36.0911],[-113.2572,36.0885],[-113.3134,36.1],[-113.3542,36.0404],[-113.3346,35.9795],[-113.3171,35.9614],[-113.3348,35.9139],[-113.3112,35.8933],[-113.3104,35.8632],[-113.3269,35.8407],[-113.3416,35.7879],[-113.3839,35.7546],[-113.4355,35.7526],[-113.4692,35.7649],[-113.511,35.7663],[-113.6059,35.8495],[-113.6282,35.8224],[-113.6828,35.8756],[-113.708,35.8796],[-113.7147,35.9297],[-113.7397,35.9406],[-113.7497,35.9686],[-113.7797,35.9912],[-113.7824,36.0253],[-113.8089,36.0474],[-113.8695,36.0547],[-113.9035,36.0928],[-113.9048,35.8199],[-113.9388,35.8036],[-113.93,35.7832],[-113.9533,35.7676],[-113.9767,35.7768],[-113.9957,35.7547],[-114.0429,35.7247],[-113.9865,35.7086],[-113.9352,35.6436],[-113.8891,35.6272],[-113.8656,35.5886],[-113.8311,35.6069],[-113.8298,35.6696],[-113.7843,35.6546],[-113.6204,35.4945],[-113.3545,35.4944],[-113.333,35.5],[-113.3329,35.1127],[-113.333,34.7886],[-113.3344,34.5613],[-113.3334,34.3179],[-113.3333,34],[-112.7438,33.9999],[-112.4279,33.9207],[-112.2762,33.8825],[-112.2351,33.9164],[-112.2414,33.9405],[-112.1611,34.0177],[-112.1648,34.0482],[-111.9962,34.0299],[-111.7263,34],[-111.5007,34],[-111.4665,34.0059],[-111.4331,33.9844],[-111.4527,33.9624],[-111.4472,33.9348],[-111.4051,33.9192],[-111.4122,33.8846],[-111.3881,33.8634],[-111.3958,33.8443],[-111.3723,33.8239],[-111.3894,33.7767],[-111.3868,33.75],[-111.3375,33.7212],[-111.3177,33.6828],[-111.2628,33.6232],[-111.2384,33.6184],[-111.2094,33.6335],[-111.1534,33.6776],[-111.0464,33.4786],[-111.0479,33.4657],[-111.4768,33.4659],[-111.4769,33.3654],[-111.412,33.3075],[-111.4595,33.3071],[-111.4595,33.2927],[-111.5181,33.2927],[-111.5064,33.2322],[-111.4746,33.1766],[-111.4739,33.1332],[-111.4861,33.1184],[-111.686,33.1177],[-111.6859,33.2046],[-111.8926,33.2033],[-111.8936,33.2911],[-112.1338,33.2903],[-112.1479,33.3046],[-112.2349,33.389],[-112.2725,33.3813],[-112.3061,33.3806],[-112.3062,33.2469],[-112.2021,33.2469],[-112.203,32.9928],[-112.1968,32.9784],[-112.1345,32.971],[-112.1327,32.9855],[-112.048,32.9856],[-112.0493,32.8793],[-112.0665,32.8504],[-112.0319,32.8502],[-112.032,32.8793],[-111.9469,32.8794],[-111.8776,32.8722],[-111.8559,32.8902],[-111.8089,32.8898],[-111.8047,32.9085],[-111.7573,32.9088],[-111.74,32.8941],[-111.6536,32.8943],[-111.6453,32.8651],[-111.5761,32.8517],[-111.5677,32.8358],[-111.5153,32.8359],[-111.5154,32.7915],[-111.4939,32.7924],[-111.498,32.8504],[-111.3615,32.8497],[-111.3613,32.7629],[-111.2596,32.7626],[-111.2598,32.787],[-111.2235,32.782],[-111.1707,32.7864],[-111.161,32.7735],[-111.0767,32.7692],[-111.0469,32.7732],[-110.9451,32.7716],[-110.4485,32.7712],[-110.4494,32.9874],[-110.4174,32.9813],[-110.3951,33.0066],[-110.3132,32.9977],[-110.2815,32.9888],[-110.2304,32.9895],[-110.1909,32.9717],[-110.1367,32.9584],[-110.093,32.8956],[-110.0548,32.8751],[-110.0565,33],[-110.0568,33.3043],[-110.0426,33.2739],[-109.9579,33.2322],[-109.9259,33.1702],[-109.8811,33.154],[-109.8496,33.1619],[-109.8122,33.1168],[-109.7712,33.1262],[-109.7751,33.1008],[-109.7603,33.0712],[-109.7019,33.0444],[-109.6657,33.0149],[-109.6203,33.0282],[-109.5937,33.0165],[-109.5612,33.0514],[-109.5211,33.0514],[-109.4957,33.0784],[-109.4954,33.6527],[-109.4811,33.6902],[-109.4418,33.7131],[-109.3973,33.7129],[-109.3689,33.7224],[-109.3486,33.7781],[-109.0469,33.7774],[-109.047,34.0001],[-109.0464,34.3873],[-109.0462,34.5793],[-109.0459,34.9597],[-109.046,35.1755],[-109.0468,35.3636],[-109.0462,35.6952],[-109.0457,36.117],[-109.0454,36.5299],[-109.0452,36.9991],[-109.4953,36.9991],[-109.8757,36.9985],[-110.4702,36.998],[-110.5007,37.0043],[-111.0665,37.0024],[-111.1337,37.0008],[-111.413,37.0015],[-111.8654,37.0013],[-112.3577,37.001],[-112.8295,37.0004]]]},"properties":{"district_code":"AZ-02","state_code":"AZ","state_name":"Arizona","district_number":"02","label":"Arizona — District 2"}},{"type":"Feature","geometry":{"type":"Polygon","coordinates":[[[-114.0506,37.0004],[-114.0494,36.6889],[-114.0432,36.3794],[-114.0439,36.1934],[-114.0682,36.1777],[-114.1514,36.0231],[-114.1733,36.0268],[-114.2334,36.0128],[-114.2709,36.0455],[-114.3124,36.0661],[-114.3069,36.0825],[-114.3702,36.1426],[-114.4153,36.1451],[-114.4437,36.1256],[-114.4687,36.1389],[-114.4988,36.1266],[-114.5081,36.1497],[-114.5711,36.1511],[-114.6106,36.1316],[-114.6305,36.1422],[-114.6827,36.1091],[-114.7362,36.1044],[-114.7548,36.0847],[-114.7406,36.0658],[-114.7406,35.9757],[-114.7003,35.9018],[-114.6632,35.8737],[-114.7065,35.849],[-114.6952,35.8323],[-114.7121,35.8062],[-114.6989,35.7902],[-114.6973,35.7337],[-114.7054,35.7118],[-114.6827,35.6886],[-114.689,35.6503],[-114.6534,35.6108],[-114.6588,35.5883],[-114.6572,35.5323],[-114.6787,35.4988],[-114.6528,35.4308],[-114.6268,35.4096],[-114.5952,35.3242],[-114.5695,35.1623],[-114.5783,35.1288],[-114.6323,35.1171],[-114.6468,35.1019],[-114.6047,35.0748],[-114.6369,35.0284],[-114.6335,35.0019],[-114.6298,34.9448],[-114.6368,34.8857],[-114.6307,34.8664],[-114.5868,34.8357],[-114.5527,34.7669],[-114.5166,34.7367],[-114.4737,34.714],[-114.451,34.6649],[-114.4364,34.5968],[-114.4052,34.5696],[-114.3808,34.5297],[-114.3867,34.4579],[-114.3426,34.4514],[-114.2643,34.4013],[-114.2261,34.3659],[-114.1769,34.3493],[-114.1383,34.3032],[-114.1312,34.2627],[-114.1665,34.2496],[-114.2541,34.1738],[-114.2873,34.1705],[-114.3246,34.1368],[-114.3665,34.1186],[-114.4159,34.1076],[-114.4342,34.0874],[-114.4383,34.0226],[-114.4999,33.9618],[-114.522,33.9556],[-114.5346,33.9254],[-114.5236,33.8936],[-114.5043,33.8769],[-114.5306,33.8554],[-114.528,33.815],[-114.5071,33.7679],[-114.5123,33.7342],[-114.4965,33.6969],[-114.524,33.6859],[-114.5332,33.6484],[-114.5221,33.6113],[-114.5406,33.5914],[-114.5246,33.5522],[-114.5589,33.5318],[-114.6229,33.4566],[-114.6296,33.4281],[-114.6584,33.413],[-114.688,33.4179],[-114.7229,33.3988],[-114.6991,33.3611],[-114.7009,33.337],[-114.7312,33.3024],[-114.7233,33.2881],[-114.677,33.2702],[-114.6894,33.2453],[-114.6745,33.2255],[-114.6787,33.1629],[-114.7079,33.0974],[-114.689,33.084],[-114.6708,33.038],[-114.6396,33.0453],[-114.601,33.0254],[-114.5717,33.0366],[-114.5201,33.03],[-114.5061,33.017],[-114.4901,32.9699],[-114.4677,32.9563],[-114.4809,32.9353],[-114.4644,32.9131],[-114.469,32.8452],[-114.5102,32.8164],[-114.5317,32.7912],[-114.5274,32.7604],[-114.5516,32.7203],[-114.6085,32.7172],[-114.5988,32.6801],[-114.6674,32.6693],[-114.6842,32.6256],[-114.6327,32.6258],[-114.632,32.5528],[-114.5629,32.553],[-114.5628,32.5817],[-114.5422,32.6264],[-114.3583,32.6269],[-114.358,32.6198],[-114.1162,32.6198],[-114.0906,32.6347],[-114.0389,32.6348],[-114.0221,32.6497],[-113.9701,32.6498],[-113.9703,32.6644],[-113.884,32.6649],[-113.8844,32.6791],[-113.8154,32.6792],[-113.8154,32.694],[-113.7471,32.6943],[-113.7473,32.7257],[-113.7213,32.7274],[-113.6169,32.767],[-113.3337,32.7679],[-113.3338,33.0235],[-113.1959,33.0879],[-113.1465,33.0969],[-113.0266,33.2044],[-112.8284,33.2035],[-112.8283,33.1165],[-112.634,33.1159],[-112.634,33.1309],[-112.4959,33.131],[-112.496,33.2179],[-112.461,33.2179],[-112.4612,33.1888],[-112.3579,33.1887],[-112.3579,33.4247],[-112.3411,33.4499],[-112.3409,33.4934],[-112.3127,33.4933],[-112.2944,33.5221],[-112.2725,33.5082],[-112.2032,33.5092],[-112.2031,33.5383],[-112.2203,33.5523],[-112.3068,33.5507],[-112.2987,33.6052],[-112.3077,33.6388],[-112.4603,33.6384],[-112.4105,33.6856],[-112.3166,33.7016],[-112.3285,33.7249],[-112.3946,33.753],[-112.3948,33.7821],[-112.4468,33.7821],[-112.4471,33.8322],[-112.4297,33.829],[-112.4279,33.9207],[-112.7438,33.9999],[-113.3333,34],[-113.3334,34.3179],[-113.3344,34.5613],[-113.333,34.7886],[-113.3329,35.1127],[-113.333,35.5],[-113.3545,35.4944],[-113.6204,35.4945],[-113.7843,35.6546],[-113.8298,35.6696],[-113.8311,35.6069],[-113.8656,35.5886],[-113.8891,35.6272],[-113.9352,35.6436],[-113.9865,35.7086],[-114.0429,35.7247],[-113.9957,35.7547],[-113.9767,35.7768],[-113.9533,35.7676],[-113.93,35.7832],[-113.9388,35.8036],[-113.9048,35.8199],[-113.9035,36.0928],[-113.8695,36.0547],[-113.8089,36.0474],[-113.7824,36.0253],[-113.7797,35.9912],[-113.7497,35.9686],[-113.7397,35.9406],[-113.7147,35.9297],[-113.708,35.8796],[-113.6828,35.8756],[-113.6282,35.8224],[-113.6059,35.8495],[-113.511,35.7663],[-113.4692,35.7649],[-113.4355,35.7526],[-113.3839,35.7546],[-113.3416,35.7879],[-113.3269,35.8407],[-113.3104,35.8632],[-113.3112,35.8933],[-113.3348,35.9139],[-113.3171,35.9614],[-113.3346,35.9795],[-113.3542,36.0404],[-113.3134,36.1],[-113.2572,36.0885],[-113.2249,36.0911],[-113.2017,36.119],[-113.1968,36.1529],[-113.1548,36.1745],[-113.1371,36.1664],[-113.0955,36.1936],[-113.0528,36.2094],[-113.0063,36.2388],[-112.9812,36.2318],[-112.9029,36.2538],[-112.865,36.2824],[-112.8462,36.277],[-112.7617,36.31],[-112.724,36.346],[-112.6816,36.3417],[-112.6295,36.3916],[-112.6241,36.41],[-112.6451,36.4573],[-112.623,36.4747],[-112.6589,36.529],[-112.6536,36.5579],[-112.6209,36.5959],[-112.6385,36.6741],[-112.6122,36.7369],[-112.6197,36.7827],[-112.5998,36.8082],[-112.6004,36.8319],[-112.8274,36.832],[-112.8295,37.0004],[-113.2745,37.0001],[-113.6243,37.0001],[-114.0506,37.0004]]]},"properties":{"district_code":"AZ-09","state_code":"AZ","state_name":"Arizona","district_number":"09","label":"Arizona — District 9"}},{"type":"Feature","geometry":{"type":"Polygon","coordinates":[[[-90.2795,30.0068],[-90.2795,29.968],[-90.3057,29.9684],[-90.3367,29.9467],[-90.3726,29.9416],[-90.3974,29.9783],[-90.4213,29.994],[-90.4752,30.0089],[-90.466,30.0376],[-90.4814,30.0672],[-90.5007,30.0735],[-90.5056,30.1077],[-90.5468,30.1115],[-90.5495,30.1691],[-90.588,30.1858],[-90.5976,30.2156],[-90.6319,30.2212],[-90.6421,30.1664],[-90.9156,30.1133],[-90.9247,30.1374],[-90.9548,30.1577],[-90.9466,30.1768],[-90.9065,30.1988],[-90.9207,30.2328],[-90.9655,30.2399],[-91.0237,30.2396],[-91.0401,30.2086],[-91.0591,30.2131],[-91.0193,30.3186],[-91.1423,30.3199],[-91.1541,30.3392],[-91.1945,30.347],[-91.2226,30.3406],[-91.2415,30.3576],[-91.1998,30.4191],[-91.1684,30.4341],[-91.1645,30.4532],[-91.0958,30.4529],[-91.0853,30.5044],[-91.1375,30.5252],[-91.1638,30.6116],[-91.202,30.6129],[-91.2138,30.5819],[-91.2045,30.5633],[-91.2093,30.523],[-91.1972,30.5069],[-91.2117,30.4632],[-91.2108,30.4323],[-91.2449,30.3865],[-91.2835,30.3749],[-91.2863,30.3526],[-91.3113,30.3225],[-91.3213,30.2641],[-91.2879,30.2482],[-91.2275,30.2759],[-91.1879,30.2729],[-91.2038,30.2361],[-91.2287,30.2353],[-91.2438,30.2049],[-91.2786,30.193],[-91.2845,30.1469],[-91.2037,30.1306],[-91.1742,30.177],[-91.1405,30.1682],[-91.0901,30.1411],[-91.1066,30.1085],[-91.106,30.0627],[-91.0891,30.0628],[-91.0925,30.0037],[-91.1261,30.0154],[-91.1497,29.9989],[-91.124,29.9622],[-91.0788,29.9507],[-91.0623,29.9636],[-91.0299,29.9537],[-90.9829,29.9586],[-90.9473,29.9223],[-90.9769,29.9003],[-90.9641,29.8502],[-90.925,29.8304],[-90.9098,29.8772],[-90.8855,29.8776],[-90.8857,29.9053],[-90.7854,29.9076],[-90.7858,29.9217],[-90.7173,29.8967],[-90.6807,29.8926],[-90.5354,29.8911],[-90.5157,29.8647],[-90.4799,29.8474],[-90.4763,29.8249],[-90.4758,29.8129],[-90.4299,29.7764],[-90.372,29.7592],[-90.3618,29.7094],[-90.3462,29.6933],[-90.2282,29.692],[-90.1725,29.8042],[-90.1678,29.8405],[-90.1209,29.8546],[-90.0979,29.8166],[-90.1002,29.7786],[-90.0603,29.7849],[-90.0686,29.8288],[-90.0275,29.8528],[-90.0081,29.8955],[-89.9873,29.905],[-89.9033,29.8874],[-89.921,29.9157],[-89.9698,29.9247],[-90.0121,29.946],[-89.9899,29.9895],[-89.953,29.9812],[-89.8945,30.0023],[-89.8599,30.0017],[-89.8183,30.0457],[-89.7679,30.0457],[-89.7333,30.0221],[-89.7209,30.0684],[-89.6849,30.0752],[-89.6807,30.1046],[-89.6285,30.15],[-89.6869,30.1733],[-89.716,30.1546],[-89.7437,30.1552],[-89.7913,30.1045],[-89.8315,30.0965],[-89.8613,30.141],[-89.8802,30.1485],[-89.9359,30.0833],[-89.9668,30.0596],[-90.0123,30.0381],[-90.073,30.0325],[-90.0973,29.9775],[-90.1258,29.9722],[-90.1973,29.9248],[-90.2148,29.9265],[-90.2494,29.9859],[-90.2466,30.0137],[-90.2795,30.0068]]]},"properties":{"district_code":"LA-02","state_code":"LA","state_name":"Louisiana","district_number":"02","label":"Louisiana — District 2"}},{"type":"Feature","geometry":{"type":"Polygon","coordinates":[[[-92.0689,33.0082],[-92.0803,32.9574],[-92.0784,32.8649],[-92.056,32.8375],[-92.066,32.8214],[-92.0527,32.7947],[-92.0631,32.7622],[-92.0529,32.744],[-92.0914,32.6866],[-92.2187,32.6118],[-92.2228,32.5939],[-92.2718,32.5811],[-92.4152,32.5829],[-92.4152,32.6703],[-92.519,32.6708],[-92.519,32.7163],[-92.5476,32.7187],[-92.5713,32.7486],[-92.637,32.7593],[-92.828,32.7594],[-92.8284,32.7112],[-92.8685,32.6778],[-92.8603,32.6414],[-92.8807,32.6008],[-92.8795,32.454],[-92.777,32.4536],[-92.7739,32.2344],[-92.801,32.2107],[-92.8153,32.1474],[-92.9391,32.1479],[-92.9049,32.0902],[-92.8847,32.0121],[-92.8846,31.9395],[-92.9011,31.8939],[-92.9056,31.8523],[-92.946,31.8571],[-92.9526,31.7837],[-92.9671,31.7762],[-92.9735,31.7089],[-92.6677,31.7094],[-92.6616,31.6883],[-92.6287,31.6541],[-92.5665,31.6675],[-92.5344,31.5926],[-92.5689,31.5592],[-92.5642,31.5264],[-92.5441,31.4961],[-92.6042,31.4985],[-92.6093,31.4704],[-92.6417,31.4701],[-92.6359,31.3933],[-92.6586,31.3881],[-92.6947,31.4072],[-92.6843,31.4479],[-92.7062,31.4507],[-92.6987,31.4919],[-92.7189,31.5175],[-92.7617,31.4764],[-92.8131,31.4409],[-92.8468,31.4335],[-92.9135,31.3897],[-92.9133,31.3682],[-92.9473,31.3677],[-92.9304,31.3244],[-92.8797,31.3174],[-92.8796,31.2885],[-92.8464,31.2741],[-92.8295,31.2521],[-92.8278,31.011],[-92.8239,30.8921],[-92.721,30.8914],[-92.7209,30.8987],[-92.5977,30.8989],[-92.5517,30.9028],[-92.5264,30.8935],[-92.4872,30.9091],[-92.4803,30.9523],[-92.4136,30.9792],[-92.3882,31.0016],[-92.3418,30.9815],[-92.3308,30.9633],[-92.2807,30.9651],[-92.2807,30.936],[-92.2383,30.8922],[-92.2378,30.8483],[-92.1005,30.85],[-91.8153,30.8481],[-91.8073,30.8111],[-91.7688,30.7854],[-91.7579,30.741],[-91.734,30.7034],[-91.7328,30.668],[-91.757,30.5626],[-91.7328,30.5203],[-91.7562,30.4981],[-91.7013,30.4977],[-91.5834,30.497],[-91.5835,30.4826],[-91.4817,30.511],[-91.4148,30.5115],[-91.4151,30.5402],[-91.3985,30.5688],[-91.3652,30.5884],[-91.2936,30.655],[-91.2523,30.7051],[-90.8488,30.7195],[-90.9107,30.6494],[-90.5671,30.65],[-90.5669,30.4871],[-90.55,30.4677],[-90.5469,30.4316],[-90.4962,30.4398],[-90.429,30.4788],[-90.3586,30.4788],[-90.3439,30.506],[-90.3454,30.5549],[-90.3119,30.5924],[-90.3117,30.6213],[-90.2615,30.621],[-90.2437,30.6469],[-90.2557,30.7124],[-89.9958,30.6654],[-89.8418,30.6656],[-89.8281,30.725],[-89.8324,30.7645],[-89.784,30.8274],[-89.7682,30.8664],[-89.7736,30.8969],[-89.7448,30.9189],[-89.7563,30.9435],[-89.7357,30.9666],[-89.7281,31.0023],[-90.1643,31.001],[-90.5476,30.9997],[-91.0683,30.9989],[-91.6251,30.9992],[-91.5644,31.039],[-91.5676,31.0702],[-91.626,31.1169],[-91.5971,31.1635],[-91.5901,31.1937],[-91.6444,31.2344],[-91.6377,31.2677],[-91.5745,31.2613],[-91.5186,31.2753],[-91.51,31.3168],[-91.549,31.3473],[-91.5499,31.3763],[-91.5783,31.3991],[-91.5485,31.4327],[-91.516,31.3703],[-91.4789,31.365],[-91.4721,31.3959],[-91.5134,31.4444],[-91.5158,31.5309],[-91.45,31.5397],[-91.4079,31.5694],[-91.4227,31.5971],[-91.4852,31.5862],[-91.5166,31.6118],[-91.4977,31.6454],[-91.4638,31.6204],[-91.4211,31.6116],[-91.3957,31.6442],[-91.3971,31.7114],[-91.365,31.7482],[-91.2755,31.7455],[-91.286,31.7721],[-91.326,31.7615],[-91.3655,31.7616],[-91.3457,31.8429],[-91.2934,31.8602],[-91.2894,31.8287],[-91.262,31.8094],[-91.2456,31.8332],[-91.2677,31.8627],[-91.2349,31.8769],[-91.201,31.9092],[-91.1883,31.961],[-91.1644,31.9826],[-91.1174,31.9871],[-91.0759,32.0168],[-91.0955,32.0375],[-91.1451,32.0466],[-91.1616,32.0678],[-91.1286,32.0766],[-91.0987,32.0484],[-91.08,32.0792],[-91.0386,32.0983],[-91.0118,32.1312],[-91.0029,32.1621],[-91.0497,32.1574],[-91.0532,32.1242],[-91.0816,32.134],[-91.1113,32.125],[-91.1628,32.1327],[-91.1746,32.155],[-91.1642,32.1969],[-91.1173,32.2067],[-91.0837,32.2265],[-91.0614,32.2186],[-91.0343,32.2415],[-90.9838,32.2106],[-90.9762,32.2965],[-90.9478,32.2835],[-90.9162,32.3036],[-90.9124,32.3395],[-90.9867,32.3518],[-91.0045,32.3681],[-90.9941,32.4039],[-90.9665,32.4339],[-90.9939,32.4509],[-91.0296,32.4335],[-91.0953,32.4587],[-91.1167,32.5001],[-91.0937,32.5491],[-91.0381,32.4904],[-91.0042,32.4821],[-90.9949,32.5086],[-91.0512,32.5309],[-91.0804,32.5564],[-91.0362,32.5796],[-91.0046,32.6098],[-91.0258,32.6466],[-91.0498,32.6072],[-91.1186,32.5851],[-91.1462,32.6041],[-91.1527,32.6408],[-91.1183,32.6741],[-91.0639,32.7029],[-91.0608,32.7275],[-91.1653,32.7513],[-91.1617,32.8125],[-91.145,32.8429],[-91.1056,32.8584],[-91.0706,32.8887],[-91.0648,32.9265],[-91.0868,32.9763],[-91.1066,32.9889],[-91.1355,32.9797],[-91.1313,32.93],[-91.16,32.8999],[-91.1968,32.9068],[-91.2128,32.9221],[-91.2018,32.9612],[-91.1661,33.0043],[-91.4604,33.0059],[-92.0689,33.0082]]]},"properties":{"district_code":"LA-05","state_code":"LA","state_name":"Louisiana","district_number":"05","label":"Louisiana — District 5"}},{"type":"Feature","geometry":{"type":"Polygon","coordinates":[[[-77.1342,39.4317],[-77.1582,39.3735],[-77.1868,39.3382],[-77.1447,39.2947],[-77.1306,39.2684],[-77.0821,39.26],[-77.0094,39.2067],[-76.9973,39.1665],[-76.963,39.1458],[-76.9486,39.1296],[-76.8844,39.127],[-76.8404,39.1031],[-76.8227,39.1187],[-76.7593,39.1326],[-76.7207,39.1231],[-76.6864,39.1016],[-76.6508,39.0648],[-76.6695,39.0435],[-76.5937,38.962],[-76.5443,38.9473],[-76.5062,38.9212],[-76.4695,38.9115],[-76.4503,38.9411],[-76.4762,38.9815],[-76.3945,39.0127],[-76.4051,39.0332],[-76.4389,39.0528],[-76.4219,39.077],[-76.431,39.1321],[-76.5258,39.1779],[-76.5331,39.2076],[-76.5833,39.2074],[-76.6186,39.2374],[-76.681,39.22],[-76.7284,39.2294],[-76.7945,39.2666],[-76.7791,39.2971],[-76.7947,39.3143],[-76.8539,39.3177],[-76.884,39.3521],[-76.9894,39.3613],[-76.9762,39.4215],[-77.0477,39.4437],[-77.0753,39.4051],[-77.1342,39.4317]]]},"properties":{"district_code":"MD-03","state_code":"MD","state_name":"Maryland","district_number":"03","label":"Maryland — District 3"}},{"type":"Feature","geometry":{"type":"Polygon","coordinates":[[[-77.1302,38.635],[-77.1487,38.6056],[-77.1697,38.6069],[-77.2211,38.5552],[-77.2377,38.5519],[-77.2742,38.4818],[-77.2567,38.4304],[-77.2651,38.4135],[-77.2502,38.3828],[-77.2073,38.3599],[-77.1367,38.3918],[-77.1233,38.4106],[-77.0911,38.4075],[-77.0406,38.4446],[-77.0164,38.4456],[-76.9672,38.3416],[-76.9303,38.3231],[-76.9074,38.2885],[-76.8471,38.2562],[-76.8254,38.303],[-76.8021,38.2767],[-76.8052,38.2536],[-76.7523,38.2221],[-76.7321,38.246],[-76.5906,38.2142],[-76.553,38.1872],[-76.5404,38.153],[-76.5021,38.1389],[-76.481,38.1159],[-76.4376,38.1361],[-76.4212,38.106],[-76.3923,38.1029],[-76.3527,38.0532],[-76.3218,38.0497],[-76.3408,38.1164],[-76.3201,38.1383],[-76.3852,38.2178],[-76.3993,38.2593],[-76.375,38.2994],[-76.3957,38.3086],[-76.4592,38.2944],[-76.4682,38.3289],[-76.4192,38.3229],[-76.387,38.3613],[-76.3819,38.3864],[-76.4927,38.4828],[-76.5157,38.529],[-76.5113,38.6157],[-76.5324,38.6784],[-76.5262,38.7243],[-76.5575,38.7447],[-76.5394,38.7747],[-76.4979,38.8148],[-76.4899,38.8387],[-76.5149,38.8522],[-76.4907,38.8848],[-76.5062,38.9212],[-76.5443,38.9473],[-76.5937,38.962],[-76.6695,39.0435],[-76.6508,39.0648],[-76.6864,39.1016],[-76.7207,39.1231],[-76.7593,39.1326],[-76.8227,39.1187],[-76.8404,39.1031],[-76.8315,39.0692],[-76.7613,39.0354],[-76.8015,38.9969],[-76.7736,38.9723],[-76.7702,38.9454],[-76.8391,38.9469],[-76.8447,38.8689],[-76.8779,38.8264],[-76.9058,38.805],[-76.879,38.7571],[-76.8815,38.7312],[-76.9415,38.7083],[-77.0041,38.6964],[-77.0434,38.7036],[-77.0421,38.7467],[-77.0532,38.7099],[-77.0799,38.709],[-77.1325,38.6738],[-77.1302,38.635]]]},"properties":{"district_code":"MD-05","state_code":"MD","state_name":"Maryland","district_number":"05","label":"Maryland — District 5"}},{"type":"Feature","geometry":{"type":"Polygon","coordinates":[[[-122.2015,48.1879],[-122.2032,48.1483],[-122.1843,48.1229],[-122.1841,48.0492],[-122.145,48.0218],[-122.1583,47.9855],[-122.1838,47.9782],[-122.2046,47.9219],[-122.198,47.8927],[-122.2584,47.8894],[-122.2746,47.8642],[-122.2631,47.8323],[-122.2923,47.8064],[-122.3287,47.802],[-122.3272,47.7777],[-122.271,47.7771],[-122.2761,47.7397],[-122.2607,47.7023],[-122.2297,47.6687],[-122.2591,47.6426],[-122.2637,47.6131],[-122.1324,47.617],[-122.0965,47.6023],[-122.08,47.6321],[-122.0886,47.7155],[-122.1275,47.7363],[-122.1129,47.7759],[-122.0004,47.7754],[-121.9952,47.8294],[-121.9596,47.8513],[-121.9375,47.8811],[-121.9522,47.9563],[-122.0002,47.9634],[-122.0104,47.999],[-122.0129,48.0831],[-122.0456,48.0812],[-122.0773,48.1365],[-122.1085,48.1443],[-122.1134,48.1699],[-122.1895,48.1721],[-122.2015,48.1879]]]},"properties":{"district_code":"WA-01","state_code":"WA","state_name":"Washington","district_number":"01","label":"Washington — District 1"}},{"type":"Feature","geometry":{"type":"Polygon","coordinates":[[[-97.6871,30.5131],[-97.6656,30.4562],[-97.6172,30.4436],[-97.5969,30.4641],[-97.523,30.4409],[-97.5058,30.4055],[-97.4599,30.3816],[-97.4344,30.3908],[-97.3982,30.374],[-97.3695,30.4196],[-97.3345,30.4028],[-97.1552,30.4573],[-96.9636,30.5572],[-96.6214,30.7308],[-96.567,30.6957],[-96.4576,30.7445],[-96.4234,30.7927],[-96.3874,30.864],[-96.3374,30.921],[-96.2632,30.9641],[-96.1716,30.9943],[-96.0489,31.0681],[-96.0081,31.0731],[-95.9738,31.0922],[-95.7644,31.0942],[-95.7234,31.0798],[-95.6571,31.0798],[-95.6347,31.0373],[-95.6789,30.9904],[-95.6387,30.9267],[-95.6296,30.9001],[-95.6568,30.8963],[-95.7131,30.9103],[-95.7585,30.8993],[-95.7845,30.8793],[-95.8267,30.8655],[-95.8631,30.8641],[-95.8342,30.658],[-95.7497,30.6842],[-95.7039,30.6845],[-95.6141,30.7016],[-95.5773,30.7183],[-95.5618,30.6863],[-95.5364,30.6765],[-95.5011,30.6804],[-95.5131,30.7056],[-95.4311,30.7072],[-95.4026,30.728],[-95.3386,30.7378],[-95.3275,30.8595],[-95.3129,30.8979],[-95.2524,30.9067],[-95.2308,30.887],[-95.2431,30.8669],[-95.231,30.8411],[-95.2002,30.8246],[-94.9392,31.042],[-94.8417,31.1432],[-94.7386,31.1037],[-94.7186,31.107],[-94.6585,31.0849],[-94.6223,31.0873],[-94.5989,31.0686],[-94.5619,31.059],[-94.4578,31.0333],[-94.1296,31.0993],[-94.1929,31.1362],[-94.2242,31.1757],[-94.2879,31.2013],[-94.3382,31.2459],[-94.3396,31.2633],[-94.3151,31.3084],[-94.3269,31.354],[-94.3269,31.4],[-94.3081,31.4145],[-94.3209,31.4449],[-94.319,31.4784],[-94.3023,31.5119],[-94.3066,31.572],[-94.3682,31.6343],[-94.3926,31.6395],[-94.4168,31.7059],[-94.4134,31.7436],[-94.4311,31.7721],[-94.4333,31.8229],[-94.4525,31.8441],[-94.8003,31.844],[-94.9375,31.8456],[-94.9541,31.7969],[-94.9386,31.7722],[-94.9718,31.74],[-94.9583,31.7241],[-94.9573,31.6869],[-94.9414,31.627],[-94.9151,31.5696],[-94.8659,31.5269],[-95.003,31.4262],[-95.0517,31.4531],[-95.0603,31.4679],[-95.1001,31.469],[-95.1097,31.4889],[-95.1,31.5189],[-95.1434,31.5396],[-95.1492,31.5689],[-95.1764,31.5848],[-95.2085,31.5702],[-95.2564,31.5762],[-95.2732,31.5929],[-95.4932,31.5649],[-95.6518,31.5418],[-95.6472,31.527],[-95.7393,31.5041],[-95.7565,31.5311],[-95.7517,31.5516],[-95.7185,31.5537],[-95.7203,31.592],[-95.7101,31.6156],[-95.7353,31.6534],[-95.7573,31.6435],[-95.7534,31.6068],[-95.7776,31.6023],[-95.7956,31.6289],[-95.7897,31.6488],[-95.8467,31.6473],[-95.9553,31.671],[-95.9546,31.6526],[-96.0145,31.6226],[-96.0541,31.6439],[-96.2469,31.6538],[-96.281,31.6413],[-96.3248,31.688],[-96.3327,31.7408],[-96.3729,31.7419],[-96.374,31.7658],[-96.419,31.7822],[-96.4783,31.7695],[-96.4967,31.7962],[-96.7191,31.8149],[-96.9322,31.7089],[-97.0373,31.8631],[-97.2773,31.7455],[-97.6052,31.5878],[-97.4186,31.3202],[-97.3434,31.2442],[-97.2781,31.2798],[-97.0701,30.986],[-97.259,30.8896],[-97.3155,30.7524],[-97.2699,30.7354],[-97.2187,30.6101],[-97.363,30.5787],[-97.3806,30.5502],[-97.4242,30.5308],[-97.4696,30.5372],[-97.483,30.5535],[-97.526,30.5465],[-97.5366,30.5172],[-97.5901,30.5085],[-97.6369,30.5087],[-97.6646,30.5461],[-97.6927,30.5582],[-97.6871,30.5131]]]},"properties":{"district_code":"TX-17","state_code":"TX","state_name":"Texas","district_number":"17","label":"Texas — District 17"}},{"type":"Feature","geometry":{"type":"Polygon","coordinates":[[[-111.6839,33.4808],[-111.6751,33.4571],[-111.6405,33.4321],[-111.6879,33.3794],[-111.8411,33.3788],[-111.8243,33.3389],[-111.8244,33.2826],[-111.8936,33.2911],[-111.8926,33.2033],[-111.6859,33.2046],[-111.686,33.1177],[-111.4861,33.1184],[-111.4739,33.1332],[-111.4746,33.1766],[-111.5064,33.2322],[-111.5181,33.2927],[-111.4595,33.2927],[-111.4595,33.3071],[-111.412,33.3075],[-111.4769,33.3654],[-111.4768,33.4659],[-111.6031,33.4672],[-111.6038,33.4958],[-111.6499,33.4952],[-111.6839,33.4808]]]},"properties":{"district_code":"AZ-05","state_code":"AZ","state_name":"Arizona","district_number":"05","label":"Arizona — District 5"}},{"type":"Feature","geometry":{"type":"Polygon","coordinates":[[[-95.3199,48.9988],[-95.3228,48.9354],[-95.288,48.8978],[-95.2356,48.8815],[-95.1381,48.8948],[-95.0915,48.9206],[-95.0899,48.7131],[-95.3427,48.713],[-95.3425,48.5402],[-95.6023,48.5389],[-95.6029,48.395],[-95.5931,48.3654],[-95.5925,48.0207],[-95.5829,48.0207],[-95.5788,47.6737],[-95.5534,47.6736],[-95.5542,47.4999],[-96.0676,47.4991],[-96.066,46.9773],[-95.5571,46.9764],[-94.9167,46.9778],[-94.9175,47.0653],[-94.7913,47.0641],[-94.7909,46.9864],[-94.743,47.0009],[-94.6639,47.0355],[-94.6584,46.9769],[-94.6599,46.8037],[-94.7871,46.8039],[-94.7859,46.6302],[-94.7805,46.6297],[-94.7791,46.3942],[-94.7228,46.3523],[-94.6662,46.3591],[-94.6253,46.3304],[-94.5856,46.3244],[-94.5347,46.3028],[-94.4303,46.3324],[-94.3607,46.3],[-94.3413,46.2692],[-94.3889,46.2382],[-94.3957,46.2119],[-94.3662,46.1801],[-94.3746,46.1571],[-93.8104,46.1566],[-93.8103,45.9831],[-93.7689,45.9825],[-93.7639,45.8221],[-93.7595,45.5596],[-93.5107,45.5588],[-93.5101,45.4148],[-93.1629,45.4142],[-93.0196,45.4118],[-93.0205,45.1239],[-92.8637,45.1236],[-92.8632,45.0796],[-92.7922,45.0789],[-92.7449,45.1083],[-92.7587,45.291],[-92.699,45.3364],[-92.7041,45.3537],[-92.6504,45.3985],[-92.6466,45.4416],[-92.6802,45.4643],[-92.7267,45.5145],[-92.7261,45.5411],[-92.7702,45.5669],[-92.8233,45.5609],[-92.8837,45.5755],[-92.8879,45.639],[-92.8692,45.7176],[-92.8098,45.7442],[-92.7846,45.7642],[-92.7077,45.8949],[-92.6401,45.9325],[-92.5519,45.9517],[-92.522,45.9842],[-92.4645,45.9763],[-92.4423,46.0162],[-92.4207,46.0268],[-92.3621,46.0131],[-92.3279,46.0662],[-92.294,46.0744],[-92.2929,46.4172],[-92.2922,46.666],[-92.266,46.651],[-92.2124,46.6499],[-92.1765,46.6902],[-92.1891,46.7175],[-92.1463,46.7159],[-92.1379,46.7395],[-92.0895,46.7492],[-92.034,46.7089],[-92.0153,46.7065],[-92.0769,46.759],[-92.0943,46.7884],[-92.0455,46.8192],[-91.9145,46.8834],[-91.8413,46.9252],[-91.7807,46.9433],[-91.7046,47.0052],[-91.6429,47.0352],[-91.5738,47.0899],[-91.4811,47.1245],[-91.4365,47.1596],[-91.3667,47.2001],[-91.3256,47.2392],[-91.2492,47.2842],[-91.1624,47.3738],[-91.0329,47.4582],[-90.8626,47.5603],[-90.7287,47.6279],[-90.6713,47.6464],[-90.5371,47.7031],[-90.3447,47.7451],[-90.2566,47.7711],[-90.1883,47.7771],[-90.1648,47.7922],[-90.1176,47.7947],[-90.072,47.8111],[-89.9745,47.8311],[-89.9191,47.864],[-89.7942,47.892],[-89.738,47.9172],[-89.6761,47.9654],[-89.6245,47.9947],[-89.6251,48.0115],[-89.6889,48.0108],[-89.734,48.0219],[-89.8049,48.0138],[-89.8712,47.9859],[-89.8974,47.9876],[-89.993,48.0284],[-89.9938,48.049],[-90.0236,48.0847],[-90.1326,48.1118],[-90.3056,48.1051],[-90.3823,48.0932],[-90.4384,48.0987],[-90.5568,48.096],[-90.5759,48.1209],[-90.6416,48.1035],[-90.7415,48.0946],[-90.7616,48.0983],[-90.7968,48.1395],[-90.8042,48.1778],[-90.8326,48.1738],[-90.8392,48.2395],[-90.8855,48.2458],[-90.977,48.2195],[-91.0316,48.1885],[-91.0827,48.1808],[-91.2501,48.0841],[-91.2902,48.0739],[-91.3709,48.0694],[-91.4296,48.0486],[-91.4503,48.0688],[-91.4886,48.0681],[-91.5673,48.0437],[-91.5697,48.0933],[-91.6402,48.0969],[-91.6536,48.1096],[-91.712,48.1147],[-91.6982,48.1416],[-91.7149,48.1991],[-91.8644,48.207],[-91.8935,48.2377],[-91.9578,48.233],[-91.9544,48.2517],[-92.0066,48.2654],[-92.013,48.2974],[-92.0001,48.3214],[-92.0835,48.3539],[-92.1622,48.3633],[-92.2068,48.3456],[-92.2623,48.3549],[-92.289,48.343],[-92.3015,48.2886],[-92.2807,48.2443],[-92.3692,48.2203],[-92.4163,48.2955],[-92.4699,48.3518],[-92.4767,48.3718],[-92.4564,48.4011],[-92.5073,48.4479],[-92.656,48.4367],[-92.7126,48.463],[-92.6988,48.4949],[-92.6367,48.4994],[-92.6349,48.5429],[-92.728,48.5393],[-92.9296,48.6069],[-92.9501,48.6304],[-92.985,48.6237],[-93.0884,48.6276],[-93.1781,48.6233],[-93.2074,48.6425],[-93.2549,48.6428],[-93.3475,48.6266],[-93.3554,48.6116],[-93.4643,48.5918],[-93.4675,48.5457],[-93.5472,48.5287],[-93.6264,48.531],[-93.6454,48.5173],[-93.7945,48.516],[-93.8183,48.53],[-93.8053,48.5703],[-93.8214,48.6092],[-93.8444,48.6302],[-93.953,48.6341],[-94.0069,48.6432],[-94.1574,48.6458],[-94.2444,48.6534],[-94.2645,48.6989],[-94.3084,48.7102],[-94.3428,48.7034],[-94.4162,48.7109],[-94.4387,48.6949],[-94.5386,48.7026],[-94.5896,48.7179],[-94.6943,48.7822],[-94.7043,48.8243],[-94.6843,48.884],[-94.7503,49.0993],[-94.7732,49.1207],[-94.7972,49.2143],[-94.8256,49.2944],[-94.8162,49.321],[-94.8542,49.3242],[-94.9575,49.3702],[-95.0584,49.3532],[-95.1265,49.3694],[-95.1533,49.3844],[-95.1537,48.9989],[-95.3199,48.9988]]]},"properties":{"district_code":"MN-08","state_code":"MN","state_name":"Minnesota","district_number":"08","label":"Minnesota — District 8"}},{"type":"Feature","geometry":{"type":"Polygon","coordinates":[[[-76.9271,42.0017],[-76.8986,41.7945],[-76.8747,41.5969],[-76.8137,41.59],[-76.7724,41.4717],[-76.8267,41.47],[-76.8273,41.3946],[-76.8554,41.3701],[-76.9235,41.3434],[-76.9935,41.3486],[-76.9965,41.2973],[-77.0547,41.2972],[-77.0631,41.2784],[-77.0467,41.2461],[-77.0157,41.2296],[-76.9702,41.2453],[-76.9145,41.2173],[-76.9669,41.2011],[-76.9074,41.1583],[-76.8844,41.0938],[-76.8579,41.0721],[-76.8676,40.9985],[-76.8824,40.9714],[-76.8541,40.9154],[-76.8002,40.882],[-76.813,40.8471],[-76.8493,40.8097],[-76.8593,40.777],[-76.8565,40.7226],[-76.8798,40.6872],[-76.9399,40.6381],[-76.9491,40.6282],[-76.9255,40.6089],[-76.8643,40.6276],[-76.7016,40.6581],[-76.5354,40.5552],[-76.678,40.4747],[-76.6255,40.3393],[-76.6126,40.3082],[-76.5922,40.2543],[-76.5694,40.1955],[-76.5663,40.1966],[-76.4354,40.2382],[-76.3077,40.255],[-76.1515,40.3157],[-76.0918,40.2777],[-76.0347,40.3264],[-76.0701,40.3474],[-76.0815,40.3677],[-76.0212,40.4107],[-76.0279,40.4327],[-75.9802,40.4428],[-75.9682,40.4916],[-75.9466,40.5334],[-75.8776,40.5384],[-75.8798,40.5549],[-75.9372,40.5915],[-75.7667,40.597],[-75.8915,40.6773],[-75.8083,40.7073],[-75.7578,40.7354],[-75.886,40.8163],[-75.9976,40.9133],[-76.028,40.9023],[-76.108,40.9232],[-76.1185,40.9599],[-76.0367,40.9731],[-76.0324,41.0018],[-76.0097,41.0117],[-76.0155,41.0592],[-75.9278,41.0885],[-75.9564,41.1102],[-75.9938,41.1666],[-76.0393,41.153],[-76.0636,41.1994],[-76.0399,41.2123],[-76.0769,41.2502],[-75.9711,41.3087],[-75.9545,41.3294],[-76.0257,41.3391],[-76.069,41.3583],[-76.0633,41.3824],[-76.0051,41.3846],[-75.8346,41.4269],[-75.7716,41.5058],[-75.8032,41.5242],[-75.7743,41.574],[-75.7199,41.6423],[-75.4622,41.6416],[-75.4831,41.9993],[-75.7422,41.9979],[-76.3437,41.9983],[-76.5577,42.0001],[-76.9271,42.0017]]]},"properties":{"district_code":"PA-09","state_code":"PA","state_name":"Pennsylvania","district_number":"09","label":"Pennsylvania — District 9"}},{"type":"Feature","geometry":{"type":"Polygon","coordinates":[[[-106.514,32.0009],[-106.6185,32.0005],[-106.6395,31.9803],[-106.6243,31.9611],[-106.6239,31.9253],[-106.6453,31.8949],[-106.6359,31.8662],[-106.5772,31.8104],[-106.5471,31.8073],[-106.5282,31.7831],[-106.4895,31.7484],[-106.4511,31.7643],[-106.381,31.7321],[-106.338,31.6712],[-106.3128,31.6803],[-106.2643,31.624],[-106.2469,31.6131],[-106.1807,31.6394],[-106.1798,31.6803],[-106.1645,31.6974],[-106.1988,31.7118],[-106.2001,31.8156],[-106.2342,31.8267],[-106.3225,31.8369],[-106.3398,31.8664],[-106.3682,31.8315],[-106.4186,31.8288],[-106.4173,31.8514],[-106.3706,31.9272],[-106.4417,31.9361],[-106.4992,31.9193],[-106.4972,31.9521],[-106.514,32.0009]]]},"properties":{"district_code":"TX-16","state_code":"TX","state_name":"Texas","district_number":"16","label":"Texas — District 16"}},{"type":"Feature","geometry":{"type":"Polygon","coordinates":[[[-75.7667,40.597],[-75.9372,40.5915],[-75.8798,40.5549],[-75.8776,40.5384],[-75.9466,40.5334],[-75.9682,40.4916],[-75.9802,40.4428],[-76.0279,40.4327],[-76.0212,40.4107],[-76.0815,40.3677],[-76.0701,40.3474],[-76.0347,40.3264],[-75.9754,40.3692],[-75.8198,40.3614],[-75.8013,40.3262],[-75.8232,40.2922],[-75.7714,40.2584],[-75.7365,40.2611],[-75.6856,40.2366],[-75.6712,40.2446],[-75.6196,40.2301],[-75.597,40.2368],[-75.5577,40.208],[-75.5268,40.1496],[-75.4692,40.1074],[-75.4562,40.0878],[-75.415,40.0901],[-75.3935,40.1172],[-75.3651,40.121],[-75.3445,40.1418],[-75.3167,40.1248],[-75.3201,40.0817],[-75.3381,40.0605],[-75.3212,40.0393],[-75.2924,40.0354],[-75.2731,40.0133],[-75.2373,39.9961],[-75.2058,40.0116],[-75.2644,40.0541],[-75.2236,40.0929],[-75.1764,40.0846],[-75.1394,40.0634],[-75.1094,40.0459],[-75.0967,40.069],[-75.0151,40.138],[-75.1069,40.1923],[-75.1428,40.1705],[-75.2055,40.1943],[-75.2987,40.2504],[-75.3557,40.2746],[-75.4297,40.3148],[-75.4432,40.3313],[-75.4968,40.3444],[-75.5459,40.3707],[-75.5693,40.3979],[-75.5297,40.447],[-75.7667,40.597]]]},"properties":{"district_code":"PA-04","state_code":"PA","state_name":"Pennsylvania","district_number":"04","label":"Pennsylvania — District 4"}},{"type":"Feature","geometry":{"type":"Polygon","coordinates":[[[-82.4315,31.9662],[-82.4314,31.838],[-82.5203,31.8384],[-82.5214,31.6725],[-82.6273,31.6727],[-82.6283,31.5583],[-82.5963,31.5579],[-82.5975,31.4693],[-82.6282,31.4693],[-82.6296,31.2747],[-82.667,31.2878],[-82.6992,31.2781],[-82.6908,31.2234],[-82.5921,31.0185],[-82.5503,31.0004],[-82.5201,30.9631],[-82.4906,30.9632],[-82.4922,30.8326],[-82.4359,30.8201],[-82.4351,30.7166],[-82.4289,30.6903],[-82.4309,30.6128],[-82.4189,30.5817],[-82.2148,30.5686],[-82.2404,30.5378],[-82.2014,30.4852],[-82.2103,30.4246],[-82.2042,30.4013],[-82.1701,30.3589],[-82.1048,30.3683],[-82.05,30.3624],[-82.0359,30.3853],[-82.0372,30.4345],[-82.0178,30.4751],[-82.0189,30.5238],[-82.0055,30.5635],[-82.0121,30.5938],[-82.0495,30.6555],[-82.0364,30.7066],[-82.0368,30.7544],[-82.0114,30.7626],[-82.0048,30.7914],[-81.9734,30.7788],[-81.9639,30.8181],[-81.891,30.8225],[-81.8815,30.7999],[-81.8392,30.7866],[-81.8074,30.7901],[-81.7837,30.7729],[-81.7404,30.7636],[-81.7199,30.7446],[-81.6515,30.7407],[-81.6058,30.7197],[-81.5607,30.7117],[-81.5312,30.7242],[-81.4895,30.7261],[-81.4441,30.7097],[-81.4595,30.742],[-81.4469,30.8104],[-81.4286,30.8363],[-81.4041,30.9037],[-81.4034,30.9579],[-81.4269,30.9566],[-81.4906,30.985],[-81.4514,31.0155],[-81.4205,31.0167],[-81.4013,31.0728],[-81.4095,31.1206],[-81.3658,31.1479],[-81.3311,31.197],[-81.2905,31.2177],[-81.2712,31.2659],[-81.2876,31.3105],[-81.2943,31.3686],[-81.2686,31.383],[-81.2469,31.4228],[-81.2049,31.4731],[-81.1793,31.5163],[-81.1983,31.537],[-81.2367,31.5292],[-81.2629,31.4958],[-81.2952,31.5215],[-81.2765,31.5485],[-81.2161,31.5584],[-81.1956,31.5804],[-81.1604,31.5704],[-81.1288,31.6314],[-81.1356,31.6835],[-81.1863,31.7015],[-81.1928,31.7332],[-81.1306,31.7227],[-81.0704,31.7714],[-81.0359,31.8104],[-81.0758,31.829],[-81.0415,31.8762],[-80.9927,31.8576],[-80.9301,31.9081],[-80.9685,31.9158],[-80.9836,31.9317],[-80.9325,31.9619],[-80.9214,31.9387],[-80.8819,31.9567],[-80.8473,31.9875],[-80.8409,32.0116],[-80.876,32.0168],[-80.9077,32.0382],[-80.9539,32.0701],[-80.9835,32.0795],[-81.0043,32.1024],[-81.0381,32.0837],[-81.1154,32.1147],[-81.1143,32.152],[-81.1281,32.1691],[-81.1231,32.2013],[-81.1566,32.2439],[-81.1257,32.2837],[-81.1223,32.3054],[-81.1415,32.3503],[-81.1616,32.3504],[-81.181,32.379],[-81.2183,32.352],[-81.2676,32.3459],[-81.3369,32.3567],[-81.3428,32.3301],[-81.3926,32.3303],[-81.3894,32.2937],[-81.4217,32.3044],[-81.4503,32.2974],[-81.4358,32.2413],[-81.6247,32.1898],[-81.7809,32.1529],[-81.757,32.1051],[-81.7187,32.0894],[-81.7617,32.0479],[-81.8244,32.0149],[-81.8759,31.9685],[-81.8892,31.9471],[-81.882,31.9183],[-81.9125,31.8867],[-81.9223,31.8515],[-81.9453,31.8353],[-81.9564,31.8087],[-82.0068,31.8],[-82.0146,31.8218],[-82.0415,31.8204],[-82.1072,31.8638],[-82.1085,31.8857],[-82.1658,31.9036],[-82.2296,31.9118],[-82.2914,31.9425],[-82.3233,31.9345],[-82.3724,31.9415],[-82.3832,31.9595],[-82.4315,31.9662]]]},"properties":{"district_code":"GA-01","state_code":"GA","state_name":"Georgia","district_number":"01","label":"Georgia — District 1"}},{"type":"Feature","geometry":{"type":"Polygon","coordinates":[[[-71.1195,42.3227],[-71.1647,42.3038],[-71.1967,42.2692],[-71.2292,42.2641],[-71.2514,42.2026],[-71.2696,42.2005],[-71.275,42.1486],[-71.2959,42.1166],[-71.2717,42.0984],[-71.2388,42.1064],[-71.226,42.1354],[-71.1758,42.1556],[-71.1492,42.1386],[-71.1313,42.1007],[-71.1386,42.0728],[-71.1687,42.0612],[-71.1565,42.001],[-71.0703,41.9878],[-71.0542,41.9827],[-70.9788,42.0074],[-70.9254,42.0089],[-70.8997,42.0253],[-70.9126,42.0845],[-70.9408,42.1514],[-70.827,42.2008],[-70.8534,42.2396],[-70.8247,42.2659],[-70.8511,42.2683],[-70.8843,42.2455],[-70.9182,42.2719],[-70.9595,42.2453],[-71.039,42.3001],[-71.0474,42.3234],[-71.0139,42.3417],[-71.0526,42.3707],[-71.0687,42.3186],[-71.0535,42.3105],[-71.0934,42.2391],[-71.0193,42.1869],[-71.0401,42.1372],[-71.1308,42.2279],[-71.1511,42.2667],[-71.1184,42.2934],[-71.1195,42.3227]]]},"properties":{"district_code":"MA-08","state_code":"MA","state_name":"Massachusetts","district_number":"08","label":"Massachusetts — District 8"}},{"type":"Feature","geometry":{"type":"Polygon","coordinates":[[[-94.6133,38.3887],[-94.6127,38.2176],[-94.6146,37.9444],[-94.6177,37.773],[-94.6175,37.3642],[-94.456,37.3583],[-94.0821,37.3493],[-94.0838,37.2909],[-93.6258,37.282],[-93.6212,37.4274],[-93.0734,37.415],[-93.0768,37.2707],[-93.0017,37.2626],[-92.9711,37.2682],[-92.9719,37.2335],[-92.9349,37.2471],[-92.6797,37.2424],[-92.6923,37.2635],[-92.6867,37.4815],[-92.4682,37.4757],[-92.2523,37.4729],[-92.2495,37.6045],[-92.0293,37.6025],[-92.0225,37.8807],[-92.0212,38.0106],[-92.1854,38.0163],[-92.516,38.0223],[-92.5336,38.0518],[-92.5703,38.0666],[-92.5697,38.0959],[-92.5968,38.1108],[-92.5964,38.1398],[-92.6232,38.1421],[-92.7046,38.1088],[-92.7374,38.1418],[-92.7728,38.1423],[-92.7754,38.1899],[-92.756,38.2125],[-92.6959,38.222],[-92.6898,38.3485],[-92.6338,38.3481],[-92.6302,38.431],[-92.8419,38.5968],[-92.8398,38.684],[-92.9505,38.686],[-93.06,38.6931],[-93.0482,38.9726],[-92.9346,39.0645],[-92.9145,39.0212],[-92.8416,38.9798],[-92.7918,38.972],[-92.7194,38.9843],[-92.5875,38.9678],[-92.5564,38.9879],[-92.467,38.9885],[-92.3916,38.9558],[-92.3022,38.9471],[-92.279,38.9613],[-92.1498,38.9543],[-92.1306,39.0253],[-92.1315,39.0645],[-92.1104,39.0642],[-92.1044,39.2398],[-92.4302,39.2488],[-92.7904,39.3436],[-92.8418,39.24],[-92.9061,39.2223],[-92.9155,39.2534],[-92.959,39.283],[-92.9598,39.3125],[-93.0238,39.3131],[-93.0729,39.3355],[-93.0878,39.3789],[-93.1396,39.3786],[-93.1643,39.405],[-93.2007,39.4018],[-93.192,39.3657],[-93.2217,39.3313],[-93.2559,39.3378],[-93.2777,39.3115],[-93.3323,39.3096],[-93.3438,39.2871],[-93.3333,39.25],[-93.4019,39.2269],[-93.4029,39.2601],[-93.4442,39.2685],[-93.465,39.2924],[-93.4962,39.2649],[-93.4879,39.2289],[-93.5002,39.218],[-93.5632,39.22],[-93.585,39.2404],[-93.6505,39.2482],[-93.7001,39.2097],[-93.7844,39.2002],[-93.8401,39.2155],[-93.8994,39.1845],[-93.9323,39.1838],[-93.9612,39.1436],[-93.9889,39.1528],[-93.9624,39.1834],[-93.9774,39.2055],[-94.0288,39.1916],[-94.0242,39.1545],[-94.0625,39.1343],[-94.1048,39.1435],[-94.1068,39.0917],[-94.1998,39.0946],[-94.2012,39.065],[-94.2695,39.0673],[-94.3093,39.0919],[-94.3197,39.0738],[-94.3044,39.0263],[-94.2722,39.0214],[-94.2757,38.9401],[-94.2631,38.9156],[-94.2667,38.8568],[-94.2782,38.8351],[-94.5091,38.8423],[-94.608,38.8472],[-94.6119,38.6205],[-94.6133,38.3887]]]},"properties":{"district_code":"MO-04","state_code":"MO","state_name":"Missouri","district_number":"04","label":"Missouri — District 4"}},{"type":"Feature","geometry":{"type":"Polygon","coordinates":[[[-81.968,37.538],[-82.1249,37.4273],[-82.316,37.2949],[-82.3509,37.2671],[-82.4492,37.2439],[-82.4989,37.227],[-82.6516,37.1519],[-82.7221,37.1202],[-82.7223,37.0579],[-82.7821,37.0082],[-82.8227,37.0041],[-82.8692,36.9742],[-82.8561,36.9525],[-82.8795,36.8891],[-82.9703,36.8577],[-83.0726,36.8546],[-83.1018,36.8291],[-83.0985,36.8143],[-83.1332,36.7832],[-83.1364,36.7431],[-83.1946,36.7395],[-83.3071,36.7114],[-83.3861,36.6866],[-83.4237,36.6674],[-83.4939,36.6701],[-83.5319,36.665],[-83.5773,36.6418],[-83.6145,36.634],[-83.6754,36.6008],[-83.4721,36.5973],[-83.2763,36.5982],[-83.2611,36.5939],[-82.888,36.5935],[-82.4666,36.5945],[-82.2105,36.5958],[-81.9341,36.5942],[-81.9226,36.6162],[-81.6469,36.6119],[-81.6775,36.5881],[-81.3748,36.5747],[-81.3075,36.575],[-80.8376,36.5591],[-80.7048,36.5623],[-80.2952,36.544],[-80.0273,36.5425],[-79.7148,36.542],[-79.6062,37.0001],[-79.5941,37.0422],[-79.544,37.0438],[-79.5118,37.0324],[-79.4844,37.0075],[-79.4778,37.0642],[-79.4429,37.0559],[-79.3305,37.2384],[-79.3593,37.246],[-79.4078,37.278],[-79.3888,37.3336],[-79.3477,37.3443],[-79.3201,37.3691],[-79.3562,37.3945],[-79.393,37.4701],[-79.3648,37.4828],[-79.3364,37.4751],[-79.3057,37.506],[-79.3418,37.5173],[-79.3673,37.5511],[-79.3803,37.5906],[-79.4369,37.6171],[-79.458,37.6058],[-79.4411,37.5634],[-79.5049,37.5293],[-79.5456,37.4895],[-79.5674,37.4877],[-79.5937,37.4489],[-79.6588,37.485],[-79.6901,37.4764],[-79.7562,37.4254],[-79.8142,37.4037],[-79.7922,37.3808],[-79.7887,37.3494],[-79.8442,37.3177],[-79.8584,37.2672],[-79.8425,37.2303],[-79.8826,37.2097],[-79.8951,37.1818],[-79.9628,37.1373],[-80.0052,37.1598],[-79.9917,37.1921],[-79.9561,37.2103],[-80.0041,37.2487],[-80.0288,37.2437],[-80.0817,37.2649],[-80.0885,37.2823],[-80.1679,37.2599],[-80.1925,37.2344],[-80.2583,37.3084],[-80.2622,37.3415],[-80.2003,37.3784],[-80.1476,37.3825],[-80.0789,37.4194],[-80.0476,37.4431],[-80.0095,37.5108],[-79.9691,37.5444],[-80.0276,37.6242],[-80.0327,37.6603],[-80.1444,37.5966],[-80.1684,37.6154],[-80.221,37.6278],[-80.2589,37.5955],[-80.3285,37.5643],[-80.2998,37.5083],[-80.4257,37.4499],[-80.4756,37.4229],[-80.5114,37.4817],[-80.552,37.4736],[-80.7052,37.3946],[-80.7701,37.3724],[-80.7842,37.3946],[-80.8364,37.4244],[-80.857,37.4271],[-80.8832,37.3839],[-80.8495,37.3469],[-80.9005,37.315],[-80.9479,37.2959],[-80.9796,37.3023],[-81.1126,37.2785],[-81.167,37.2629],[-81.2251,37.2349],[-81.3201,37.2993],[-81.3622,37.3377],[-81.3985,37.3106],[-81.4167,37.2732],[-81.4372,37.2741],[-81.5606,37.2067],[-81.6782,37.2015],[-81.7385,37.2383],[-81.7618,37.2757],[-81.8033,37.2859],[-81.8536,37.2877],[-81.8545,37.3066],[-81.9167,37.3493],[-81.9359,37.3786],[-81.9325,37.4152],[-81.9494,37.4457],[-81.9923,37.4609],[-81.9966,37.4767],[-81.943,37.5086],[-81.968,37.538]]]},"properties":{"district_code":"VA-09","state_code":"VA","state_name":"Virginia","district_number":"09","label":"Virginia — District 9"}},{"type":"Feature","geometry":{"type":"Polygon","coordinates":[[[-118.1897,34.3807],[-118.188,34.2936],[-118.2385,34.2671],[-118.2488,34.2222],[-118.1964,34.1799],[-118.1596,34.179],[-118.1556,34.1494],[-118.1806,34.1412],[-118.178,34.0986],[-118.1607,34.0934],[-118.1696,34.0442],[-118.1442,34.0335],[-118.1151,34.0337],[-118.0703,34.0572],[-118.0551,34.0893],[-118.0185,34.1079],[-118.0209,34.1548],[-117.9775,34.1651],[-117.9784,34.2384],[-117.8697,34.2433],[-117.8443,34.2643],[-117.8288,34.3384],[-117.7751,34.3385],[-117.749,34.2811],[-117.7506,34.2229],[-117.8122,34.2232],[-117.8174,34.2066],[-117.8558,34.1793],[-117.8922,34.1706],[-117.8894,34.1469],[-117.8463,34.1452],[-117.7809,34.1652],[-117.7477,34.1399],[-117.7506,34.1096],[-117.728,34.0795],[-117.7112,34.0795],[-117.6936,34.1216],[-117.6511,34.1216],[-117.6111,34.109],[-117.6162,34.1326],[-117.5412,34.1383],[-117.5409,34.165],[-117.4926,34.1648],[-117.4413,34.1783],[-117.4105,34.2188],[-117.4263,34.2346],[-117.464,34.2561],[-117.4532,34.2929],[-117.4811,34.3201],[-117.476,34.3397],[-117.4444,34.3456],[-117.4512,34.3685],[-117.4854,34.3834],[-117.6246,34.3828],[-117.6761,34.4261],[-117.8702,34.4247],[-117.9347,34.4317],[-117.9757,34.4388],[-117.9759,34.4702],[-117.9922,34.4992],[-118.0436,34.4992],[-118.0677,34.471],[-118.1082,34.4512],[-118.0901,34.4366],[-118.0755,34.3984],[-118.1022,34.3996],[-118.143,34.3748],[-118.1897,34.3807]]]},"properties":{"district_code":"CA-28","state_code":"CA","state_name":"California","district_number":"28","label":"California — District 28"}},{"type":"Feature","geometry":{"type":"Polygon","coordinates":[[[-73.1273,42.042],[-73.2018,41.79],[-73.143,41.8081],[-73.0977,41.814],[-73.0825,41.7984],[-73.0169,41.7982],[-72.949,41.8064],[-72.9365,41.8403],[-72.9536,41.8539],[-72.9406,41.8952],[-72.9059,41.9217],[-72.7682,41.9177],[-72.7704,41.8808],[-72.7986,41.8249],[-72.795,41.7475],[-72.7625,41.7377],[-72.7504,41.6502],[-72.8192,41.645],[-72.8834,41.6495],[-72.8983,41.7232],[-72.9985,41.7125],[-72.9831,41.6395],[-72.9385,41.6443],[-72.9336,41.6078],[-72.9463,41.5568],[-72.7522,41.5789],[-72.7489,41.5443],[-72.6559,41.5606],[-72.6099,41.5628],[-72.5608,41.554],[-72.5435,41.5955],[-72.5442,41.6427],[-72.6305,41.6333],[-72.6248,41.6681],[-72.5507,41.6807],[-72.5647,41.7],[-72.6136,41.7282],[-72.4639,41.7456],[-72.476,41.813],[-72.5075,41.8097],[-72.4968,41.8606],[-72.5183,41.8569],[-72.5133,41.9454],[-72.6139,41.9435],[-72.7162,41.9498],[-72.7076,41.9734],[-72.7784,41.9894],[-72.7748,42.0021],[-72.8167,41.9976],[-72.8135,42.0365],[-73.1273,42.042]]]},"properties":{"district_code":"CT-01","state_code":"CT","state_name":"Connecticut","district_number":"01","label":"Connecticut — District 1"}},{"type":"Feature","geometry":{"type":"Polygon","coordinates":[[[-83.4337,42.4389],[-83.4274,42.2875],[-83.3489,42.2892],[-83.3481,42.2675],[-83.309,42.2682],[-83.2852,42.2814],[-83.2291,42.2826],[-83.1996,42.301],[-83.1697,42.2896],[-83.1404,42.2991],[-83.1641,42.3587],[-83.1509,42.446],[-83.2005,42.4448],[-83.2044,42.5319],[-83.3208,42.529],[-83.3168,42.442],[-83.4337,42.4389]]]},"properties":{"district_code":"MI-12","state_code":"MI","state_name":"Michigan","district_number":"12","label":"Michigan — District 12"}},{"type":"Feature","geometry":{"type":"Polygon","coordinates":[[[-93.2658,45.1246],[-93.2811,45.0872],[-93.3511,45.0872],[-93.3498,45.0657],[-93.4007,45.0657],[-93.4006,44.9351],[-93.3498,44.9001],[-93.3188,44.8908],[-93.3188,44.862],[-93.1979,44.862],[-93.1785,44.8883],[-93.2004,44.9096],[-93.2078,44.9532],[-93.2081,45.043],[-93.2271,45.0499],[-93.2277,45.1245],[-93.2658,45.1246]]]},"properties":{"district_code":"MN-05","state_code":"MN","state_name":"Minnesota","district_number":"05","label":"Minnesota — District 5"}},{"type":"Feature","geometry":{"type":"Polygon","coordinates":[[[-73.4821,40.6668],[-73.4849,40.5974],[-73.3263,40.6331],[-73.3064,40.6208],[-73.2084,40.6309],[-73.0855,40.6587],[-73.0125,40.6797],[-72.9232,40.7133],[-72.7281,40.7715],[-72.7267,40.8338],[-72.7012,40.914],[-72.7221,40.914],[-72.8152,40.8773],[-72.8657,40.8488],[-72.9172,40.8342],[-72.9972,40.8471],[-73.0516,40.8207],[-73.12,40.8069],[-73.1168,40.8298],[-73.2294,40.8237],[-73.231,40.8088],[-73.2947,40.804],[-73.295,40.7843],[-73.4386,40.7513],[-73.4252,40.6799],[-73.4821,40.6668]]]},"properties":{"district_code":"NY-02","state_code":"NY","state_name":"New York","district_number":"02","label":"New York — District 2"}},{"type":"Feature","geometry":{"type":"Polygon","coordinates":[[[-119.5732,36.4888],[-119.6663,36.419],[-119.6813,36.4296],[-119.747,36.4164],[-119.7539,36.402],[-119.9592,36.401],[-119.9589,36.2555],[-119.8344,36.2552],[-119.8343,36.2406],[-119.7267,36.2402],[-119.7269,36.3317],[-119.6999,36.3426],[-119.603,36.3474],[-119.6036,36.328],[-119.4754,36.3277],[-119.4566,36.2833],[-119.4032,36.2835],[-119.3848,36.2982],[-119.349,36.2402],[-119.3492,36.2076],[-119.2334,36.2108],[-119.2329,36.1674],[-119.117,36.1672],[-119.1185,36.2244],[-119.0644,36.2243],[-119.0373,36.1963],[-119.0275,36.1673],[-119.0007,36.1672],[-118.9999,36.1118],[-119.0087,36.0852],[-118.9778,36.0803],[-118.9456,36.0514],[-118.9034,36.0538],[-118.9181,35.9849],[-118.9162,35.9099],[-118.9197,35.6165],[-118.8884,35.6107],[-118.8878,35.5134],[-118.8936,35.4967],[-118.8699,35.4701],[-118.8915,35.4377],[-118.9202,35.4416],[-118.9132,35.3969],[-118.8964,35.3617],[-118.8625,35.3619],[-118.8432,35.3382],[-118.7992,35.3256],[-118.7527,35.2924],[-118.7526,35.2094],[-118.8063,35.2092],[-118.824,35.191],[-118.8234,35.1511],[-118.8508,35.151],[-118.8466,35.0454],[-118.9176,35.0454],[-118.9361,35.0161],[-118.9558,35.0191],[-119.0036,35.1701],[-119.0151,35.2376],[-119.039,35.2669],[-119.0921,35.2671],[-119.0745,35.296],[-119.0745,35.3347],[-119.0508,35.367],[-119.0188,35.3685],[-119.0192,35.4564],[-119.0747,35.4557],[-119.0804,35.4413],[-119.2518,35.4417],[-119.2522,35.3496],[-119.285,35.3448],[-119.3239,35.3548],[-119.3945,35.3546],[-119.4263,35.3402],[-119.5016,35.3543],[-119.5741,35.3541],[-119.6052,35.3401],[-119.7233,35.3338],[-119.7269,35.3171],[-119.8092,35.3454],[-119.8094,35.2637],[-119.6666,35.2626],[-119.6673,35.175],[-119.5538,35.1801],[-119.5618,35.0878],[-119.4904,35.0916],[-119.4726,35.0767],[-119.4725,34.9014],[-119.4437,34.9012],[-119.3837,34.9008],[-119.3819,34.874],[-119.2764,34.8725],[-119.2426,34.8576],[-119.2425,34.8143],[-118.9779,34.8117],[-118.978,34.7898],[-118.8804,34.7887],[-118.854,34.8177],[-118.547,34.8184],[-118.1702,34.8205],[-117.9167,34.8226],[-117.6322,34.8223],[-117.6322,34.9909],[-117.7032,35],[-117.778,35.0024],[-117.9523,35.0148],[-118.0425,35.0147],[-118.063,35.0254],[-118.0628,35.0713],[-118.1318,35.0697],[-118.1576,35.0765],[-118.1856,35.0558],[-118.236,35.0412],[-118.2567,35.0532],[-118.2541,35.1055],[-118.2221,35.1182],[-118.1768,35.1527],[-118.1457,35.1652],[-118.0737,35.2193],[-118.0705,35.2374],[-118.0138,35.2933],[-117.9505,35.3345],[-117.8728,35.375],[-117.797,35.3932],[-117.784,35.411],[-117.7208,35.4267],[-117.6511,35.4267],[-117.6297,35.4662],[-117.6344,35.6508],[-117.6165,35.6807],[-117.6522,35.6808],[-117.6343,35.7098],[-117.6343,35.7973],[-117.9244,35.7984],[-117.923,35.7867],[-118.0081,35.7889],[-118.0055,35.8627],[-117.9825,35.8958],[-117.9919,35.9438],[-118.0182,35.961],[-118.0036,35.9837],[-118.0336,36.0089],[-118.0498,36.0767],[-118.0736,36.139],[-118.0593,36.1701],[-118.1019,36.2088],[-118.1271,36.2797],[-118.1216,36.3068],[-118.1001,36.3288],[-118.1311,36.3707],[-118.16,36.3938],[-118.1379,36.418],[-118.157,36.4326],[-118.1936,36.4265],[-118.2489,36.4865],[-118.239,36.5236],[-118.2653,36.5515],[-118.2905,36.5585],[-118.2816,36.6045],[-118.3208,36.627],[-118.3588,36.6956],[-118.3347,36.7055],[-118.3606,36.7448],[-118.5555,36.7447],[-118.555,36.7391],[-118.7509,36.7394],[-118.9824,36.7416],[-118.9848,36.6571],[-119.0144,36.6574],[-119.0303,36.7101],[-119.0494,36.7271],[-119.0209,36.7451],[-119.0201,36.7801],[-119.0606,36.8346],[-119.0965,36.8424],[-119.1262,36.8644],[-119.1252,36.9041],[-119.1693,36.9116],[-119.199,36.9286],[-119.2147,36.958],[-119.2721,36.9897],[-119.3018,36.9571],[-119.3329,36.975],[-119.3863,36.9726],[-119.4075,36.9917],[-119.4667,36.9653],[-119.4903,37.0386],[-119.4697,37.0503],[-119.497,37.0961],[-119.5684,37.0636],[-119.6049,37.071],[-119.6207,37.0271],[-119.6594,37.0389],[-119.6586,37.0133],[-119.6908,37.012],[-119.7405,36.9702],[-119.7303,36.9472],[-119.7296,36.8376],[-119.7723,36.823],[-119.7447,36.7897],[-119.7027,36.7867],[-119.6911,36.7539],[-119.6639,36.7503],[-119.6638,36.6781],[-119.5925,36.6777],[-119.5831,36.7357],[-119.5293,36.7358],[-119.511,36.7009],[-119.4574,36.7058],[-119.4495,36.7186],[-119.3888,36.7089],[-119.3733,36.6865],[-119.3317,36.661],[-119.1748,36.6589],[-119.2015,36.6337],[-119.2218,36.5701],[-119.2149,36.5451],[-119.2404,36.517],[-119.2269,36.5005],[-119.1859,36.5055],[-119.1631,36.4929],[-119.1699,36.4653],[-119.1551,36.4314],[-119.1258,36.45],[-119.0813,36.4427],[-119.0611,36.4548],[-119.0293,36.4266],[-119.0177,36.3755],[-118.9911,36.3643],[-118.9922,36.3174],[-119.0712,36.3131],[-119.1314,36.2843],[-119.1452,36.2682],[-119.2331,36.269],[-119.2429,36.3055],[-119.2747,36.3264],[-119.3503,36.3421],[-119.3945,36.3278],[-119.4484,36.3277],[-119.4484,36.3553],[-119.4751,36.3709],[-119.4749,36.401],[-119.5288,36.4015],[-119.5283,36.4875],[-119.5732,36.4888]]]},"properties":{"district_code":"CA-20","state_code":"CA","state_name":"California","district_number":"20","label":"California — District 20"}},{"type":"Feature","geometry":{"type":"Polygon","coordinates":[[[-81.4196,28.8152],[-81.4152,28.7637],[-81.4238,28.7353],[-81.4595,28.7133],[-81.458,28.6402],[-81.3285,28.6396],[-81.3279,28.6105],[-81.0677,28.6127],[-80.9646,28.6143],[-80.9679,28.7902],[-80.7329,28.7912],[-80.878,29.0116],[-80.9096,29.0709],[-80.9444,29.1109],[-80.9954,29.2061],[-80.9792,29.1549],[-81.0449,29.1549],[-81.0484,29.1201],[-81.0875,29.1026],[-81.084,29.0121],[-81.1193,29.0239],[-81.1793,29.0299],[-81.2316,29.0176],[-81.2489,28.9994],[-81.2578,28.9555],[-81.28,28.9693],[-81.3322,28.9748],[-81.3329,28.9196],[-81.3528,28.9231],[-81.3663,28.8736],[-81.4196,28.8152]]]},"properties":{"district_code":"FL-07","state_code":"FL","state_name":"Florida","district_number":"07","label":"Florida — District 7"}},{"type":"Feature","geometry":{"type":"Polygon","coordinates":[[[-77.217,39.72],[-77.243,39.695],[-77.2998,39.6123],[-77.2508,39.6016],[-77.2001,39.5786],[-77.1068,39.4917],[-77.1342,39.4317],[-77.0753,39.4051],[-77.0477,39.4437],[-76.9762,39.4215],[-76.9894,39.3613],[-76.884,39.3521],[-76.8539,39.3177],[-76.7947,39.3143],[-76.7791,39.2971],[-76.7945,39.2666],[-76.7284,39.2294],[-76.7234,39.2498],[-76.7454,39.2809],[-76.7459,39.3257],[-76.7954,39.355],[-76.749,39.3695],[-76.6782,39.372],[-76.6401,39.3299],[-76.6148,39.3458],[-76.6098,39.3722],[-76.5298,39.3721],[-76.5297,39.3303],[-76.5141,39.3083],[-76.4559,39.2819],[-76.4434,39.2559],[-76.4157,39.2478],[-76.3933,39.2863],[-76.3557,39.3159],[-76.3493,39.3369],[-76.3731,39.3582],[-76.4093,39.3415],[-76.4357,39.3535],[-76.4228,39.3761],[-76.473,39.4196],[-76.5579,39.4397],[-76.5384,39.4801],[-76.6132,39.5059],[-76.6127,39.5825],[-76.6567,39.6193],[-76.675,39.673],[-76.6674,39.6934],[-76.6977,39.7211],[-76.9993,39.7198],[-77.217,39.72]]]},"properties":{"district_code":"MD-02","state_code":"MD","state_name":"Maryland","district_number":"02","label":"Maryland — District 2"}},{"type":"Feature","geometry":{"type":"Polygon","coordinates":[[[-73.9848,40.7977],[-74.0173,40.7442],[-73.9626,40.7227],[-73.9405,40.7675],[-73.9344,40.7781],[-73.9695,40.8003],[-73.9713,40.8163],[-73.9848,40.7977]]]},"properties":{"district_code":"NY-12","state_code":"NY","state_name":"New York","district_number":"12","label":"New York — District 12"}},{"type":"Feature","geometry":{"type":"Polygon","coordinates":[[[-118.1082,33.8869],[-118.1083,33.8584],[-118.0788,33.8387],[-118.0728,33.8149],[-118.093,33.7861],[-118.0417,33.7812],[-118.043,33.7522],[-117.9807,33.7303],[-117.9801,33.6868],[-117.9395,33.6871],[-117.9214,33.7141],[-117.9416,33.7326],[-117.9376,33.7596],[-117.9116,33.7598],[-117.8975,33.7889],[-117.9414,33.8032],[-118.0017,33.7992],[-118.0131,33.8304],[-117.9805,33.8395],[-117.9851,33.8754],[-117.879,33.874],[-117.8754,33.856],[-117.8371,33.8682],[-117.8478,33.9184],[-117.8684,33.9459],[-117.9196,33.9476],[-117.92,33.9246],[-117.9497,33.9065],[-117.9766,33.9064],[-118.0288,33.8733],[-118.0384,33.8878],[-118.0954,33.8803],[-118.1082,33.8869]]]},"properties":{"district_code":"CA-45","state_code":"CA","state_name":"California","district_number":"45","label":"California — District 45"}},{"type":"Feature","geometry":{"type":"Polygon","coordinates":[[[-123.5179,42.0008],[-123.5378,41.9824],[-123.5333,41.9552],[-123.5654,41.9031],[-123.5924,41.9053],[-123.6139,41.8809],[-123.6422,41.8897],[-123.6507,41.8595],[-123.7037,41.8295],[-123.69,41.8032],[-123.6783,41.7385],[-123.6619,41.726],[-123.6671,41.6917],[-123.6896,41.6694],[-123.6799,41.637],[-123.7191,41.5953],[-123.6813,41.5867],[-123.6939,41.557],[-123.6528,41.5394],[-123.6355,41.4813],[-123.6116,41.4616],[-123.622,41.4326],[-123.6614,41.3821],[-123.5043,41.3825],[-123.4741,41.3662],[-123.4775,41.3278],[-123.4634,41.3177],[-123.4428,41.2495],[-123.4554,41.2369],[-123.3812,41.1513],[-123.3532,41.1631],[-123.3035,41.1438],[-123.2734,41.1229],[-123.2395,41.0758],[-123.1329,41.0786],[-123.0554,41.0467],[-123.0371,41.0042],[-122.9646,41.012],[-122.935,40.9924],[-122.9142,40.9981],[-122.8974,41.0292],[-122.9233,41.072],[-122.9639,41.0798],[-122.9734,41.1121],[-122.9356,41.1773],[-122.8945,41.2027],[-122.8113,41.2025],[-122.777,41.2308],[-122.7253,41.2475],[-122.712,41.2748],[-122.6635,41.2916],[-122.6275,41.332],[-122.5908,41.3259],[-122.5852,41.359],[-122.5517,41.3617],[-122.5358,41.3415],[-122.5043,41.3347],[-122.5133,41.2837],[-122.5123,41.2265],[-122.5226,41.2135],[-122.4988,41.1796],[-122.454,41.1663],[-122.4486,41.1182],[-122.4571,41.0966],[-122.5134,41.0882],[-122.5258,41.063],[-122.5278,41.0144],[-122.5692,40.985],[-122.5985,40.9758],[-122.6128,40.9212],[-122.6005,40.8997],[-122.6261,40.8774],[-122.6395,40.8453],[-122.6658,40.8261],[-122.6582,40.7876],[-122.7199,40.7394],[-122.7067,40.7257],[-122.7224,40.6955],[-122.752,40.6899],[-122.7097,40.6312],[-122.6988,40.5693],[-122.7222,40.5753],[-122.7852,40.5409],[-122.8005,40.5112],[-122.9279,40.4471],[-122.9556,40.4212],[-122.9982,40.4182],[-122.9966,40.3964],[-123.0688,40.3322],[-123.0612,40.2778],[-123.0366,40.2613],[-122.989,40.2501],[-122.9701,40.1863],[-122.9872,40.1452],[-122.9611,40.1],[-122.9732,40.0776],[-122.9528,40.0597],[-122.9517,39.9983],[-122.9269,39.9713],[-122.9205,39.9165],[-122.95,39.9078],[-122.9601,39.8452],[-122.9377,39.7982],[-122.9384,39.7481],[-122.9125,39.7482],[-122.9129,39.7087],[-122.8927,39.7089],[-122.8854,39.5801],[-122.7356,39.5807],[-122.7326,39.4508],[-122.7417,39.4352],[-122.7417,39.3589],[-122.7753,39.3126],[-122.7571,39.2843],[-122.6914,39.2474],[-122.6654,39.2175],[-122.6349,39.2232],[-122.5734,39.2043],[-122.5153,39.2092],[-122.4745,39.1447],[-122.4971,39.1336],[-122.4839,39.067],[-122.4373,39.0214],[-122.4092,38.963],[-122.3402,38.9242],[-122.0611,38.9259],[-121.8355,38.9245],[-121.8048,38.9145],[-121.8148,38.8766],[-121.77,38.8615],[-121.7305,38.8591],[-121.7233,38.8038],[-121.7013,38.803],[-121.686,38.7634],[-121.6585,38.7553],[-121.6081,38.7809],[-121.5926,38.7629],[-121.6029,38.7358],[-121.4844,38.7346],[-121.4698,38.7519],[-121.4694,38.926],[-121.4144,38.9262],[-121.4148,38.9984],[-121.3724,39.0277],[-121.3045,39.0525],[-121.2795,39.0346],[-121.2797,39.1433],[-121.3122,39.1473],[-121.3956,39.1394],[-121.4331,39.1445],[-121.4519,39.1292],[-121.4516,39.1004],[-121.4847,39.0999],[-121.484,39.1895],[-121.5373,39.1665],[-121.5866,39.1632],[-121.5693,39.3084],[-121.4895,39.3195],[-121.475,39.3333],[-121.4075,39.3398],[-121.3729,39.3646],[-121.3591,39.4091],[-121.3418,39.4224],[-121.3383,39.465],[-121.3148,39.4759],[-121.3051,39.5196],[-121.2402,39.5131],[-121.2405,39.5266],[-121.1499,39.5264],[-121.1499,39.5553],[-121.0795,39.5853],[-121.0975,39.6209],[-121.1367,39.6282],[-121.1551,39.6568],[-121.2087,39.7004],[-121.2511,39.754],[-121.3169,39.7967],[-121.3612,39.8555],[-121.4119,39.8714],[-121.4206,39.9296],[-121.4195,40.0158],[-121.3823,40.0518],[-121.3765,40.1086],[-121.4049,40.1155],[-121.4045,40.1516],[-121.4419,40.1521],[-121.4392,40.1951],[-121.4074,40.1914],[-121.3617,40.2256],[-121.349,40.2645],[-121.3456,40.3127],[-121.3818,40.3405],[-121.4704,40.3502],[-121.481,40.3666],[-121.4796,40.4195],[-121.4976,40.4456],[-121.0614,40.4465],[-121.0615,40.2564],[-121.0415,40.2348],[-121.0037,40.221],[-120.9462,40.2208],[-120.9286,40.1919],[-120.8718,40.1994],[-120.8718,40.2416],[-120.796,40.2777],[-120.7968,40.3009],[-120.7644,40.316],[-120.7264,40.3084],[-120.6522,40.3077],[-120.6228,40.2857],[-120.5768,40.2854],[-120.4917,40.2348],[-120.4828,40.2058],[-120.4543,40.2058],[-120.4364,40.1696],[-120.408,40.1474],[-120.3414,40.1152],[-120.2468,40.1079],[-120.2469,40.0858],[-120.2096,40.086],[-120.2109,40.0428],[-120.2013,40.0135],[-120.1543,39.9685],[-120.1088,39.9395],[-120.1106,39.7658],[-120.1466,39.7364],[-120.1471,39.7077],[-120.0157,39.7087],[-120.0013,39.7224],[-119.9976,39.9565],[-119.9962,40.2625],[-119.9959,40.4999],[-119.9994,40.8731],[-119.9999,41.184],[-119.9983,41.6188],[-119.9992,41.9949],[-120.3264,41.9926],[-120.6159,41.993],[-121.0221,41.9933],[-121.1742,41.9972],[-121.3449,41.9962],[-121.9398,42.0038],[-122.3785,42.0095],[-122.7131,42.0042],[-123.044,42.0031],[-123.1457,42.0088],[-123.347,41.9993],[-123.5179,42.0008]]]},"properties":{"district_code":"CA-01","state_code":"CA","state_name":"California","district_number":"01","label":"California — District 1"}},{"type":"Feature","geometry":{"type":"Polygon","coordinates":[[[-95.7656,40.5852],[-95.7571,40.526],[-95.6972,40.5285],[-95.6941,40.5569],[-95.6718,40.5626],[-95.6523,40.5381],[-95.6617,40.5173],[-95.7,40.5053],[-95.6931,40.4694],[-95.6582,40.4419],[-95.6615,40.4159],[-95.6104,40.314],[-95.5533,40.2912],[-95.5563,40.2708],[-95.5161,40.2492],[-95.4775,40.2427],[-95.4763,40.182],[-95.4363,40.1587],[-95.431,40.1384],[-95.3987,40.1264],[-95.4216,40.059],[-95.4136,40.0384],[-95.364,40.0315],[-95.3083,40],[-95.3025,39.9844],[-95.2414,39.9449],[-95.2013,39.9342],[-95.2057,39.9083],[-95.1438,39.9019],[-95.1406,39.8817],[-95.0815,39.8617],[-95.0378,39.8655],[-95.0187,39.8974],[-94.9593,39.9017],[-94.9279,39.8861],[-94.9426,39.8566],[-94.9169,39.8361],[-94.8869,39.8331],[-94.8763,39.8069],[-94.9256,39.7898],[-94.9168,39.7609],[-94.8607,39.7631],[-94.8756,39.7305],[-94.9026,39.7242],[-94.9553,39.7457],[-94.9704,39.7321],[-94.969,39.693],[-94.9841,39.6779],[-95.0276,39.6655],[-95.0552,39.6217],[-95.0569,39.5806],[-95.1075,39.5738],[-95.1029,39.5333],[-95.0498,39.4944],[-95.0334,39.4609],[-94.9902,39.4462],[-94.9766,39.4267],[-94.9231,39.3845],[-94.8791,39.3757],[-94.9106,39.3483],[-94.9,39.3002],[-94.8463,39.2685],[-94.8257,39.2417],[-94.8238,39.2099],[-94.7873,39.2077],[-94.7631,39.1799],[-94.7365,39.1692],[-94.6872,39.1835],[-94.6398,39.1537],[-94.6017,39.1596],[-94.6008,39.3331],[-94.5559,39.3186],[-94.492,39.3179],[-94.493,39.2207],[-94.4776,39.2089],[-94.4752,39.1574],[-94.4616,39.1204],[-94.4235,39.1441],[-94.3853,39.1296],[-94.3133,39.1333],[-94.2815,39.1098],[-94.3093,39.0919],[-94.2695,39.0673],[-94.2012,39.065],[-94.1998,39.0946],[-94.1068,39.0917],[-94.1048,39.1435],[-94.0625,39.1343],[-94.0242,39.1545],[-94.0288,39.1916],[-93.9774,39.2055],[-93.9624,39.1834],[-93.9889,39.1528],[-93.9612,39.1436],[-93.9323,39.1838],[-93.8994,39.1845],[-93.8401,39.2155],[-93.7844,39.2002],[-93.7001,39.2097],[-93.6505,39.2482],[-93.585,39.2404],[-93.5632,39.22],[-93.5002,39.218],[-93.4879,39.2289],[-93.4962,39.2649],[-93.465,39.2924],[-93.4442,39.2685],[-93.4029,39.2601],[-93.4019,39.2269],[-93.3333,39.25],[-93.3438,39.2871],[-93.3323,39.3096],[-93.2777,39.3115],[-93.2559,39.3378],[-93.2217,39.3313],[-93.192,39.3657],[-93.2007,39.4018],[-93.1643,39.405],[-93.1396,39.3786],[-93.0878,39.3789],[-93.0729,39.3355],[-93.0238,39.3131],[-92.9598,39.3125],[-92.959,39.283],[-92.9155,39.2534],[-92.9061,39.2223],[-92.8418,39.24],[-92.7904,39.3436],[-92.4302,39.2488],[-92.1044,39.2398],[-92.1104,39.0642],[-91.9765,39.062],[-91.634,39.0591],[-91.6296,39.1479],[-91.2602,39.1398],[-91.2643,38.9928],[-91.1884,38.9921],[-91.1893,38.9322],[-91.1102,38.9319],[-91.1113,38.8727],[-90.9585,38.8709],[-90.9328,38.8859],[-90.8645,38.8879],[-90.8178,38.876],[-90.8044,38.9111],[-90.7782,38.9225],[-90.7245,38.9098],[-90.6916,38.9342],[-90.6634,38.9342],[-90.6782,38.9919],[-90.7125,39.0571],[-90.6827,39.0883],[-90.6861,39.1178],[-90.7091,39.1551],[-90.727,39.2512],[-90.7516,39.2654],[-90.7935,39.3095],[-90.8401,39.3404],[-90.934,39.3921],[-90.9483,39.4075],[-90.9938,39.423],[-91.0594,39.4689],[-91.0643,39.4946],[-91.1003,39.5387],[-91.1483,39.5458],[-91.1684,39.5649],[-91.1859,39.6051],[-91.2412,39.6301],[-91.2761,39.6658],[-91.3527,39.7153],[-91.37,39.7325],[-91.3617,39.7851],[-91.378,39.8113],[-91.4295,39.8378],[-91.4478,39.878],[-91.4209,39.9149],[-91.4949,40.0365],[-91.4896,40.0574],[-91.5103,40.128],[-91.513,40.1811],[-91.5065,40.2363],[-91.4621,40.3424],[-91.4194,40.3783],[-91.4803,40.3818],[-91.5246,40.4108],[-91.5286,40.459],[-91.5638,40.461],[-91.6169,40.5048],[-91.6252,40.5435],[-91.6817,40.553],[-91.6888,40.5834],[-91.7291,40.6136],[-91.9477,40.6055],[-92.1798,40.6005],[-92.7574,40.5889],[-92.9416,40.5877],[-93.2606,40.5808],[-93.5483,40.5804],[-94.0802,40.5729],[-94.4893,40.5707],[-94.632,40.5712],[-94.9917,40.5757],[-95.3739,40.5805],[-95.7656,40.5852]]]},"properties":{"district_code":"MO-06","state_code":"MO","state_name":"Missouri","district_number":"06","label":"Missouri — District 6"}},{"type":"Feature","geometry":{"type":"MultiPolygon","coordinates":[[[[-79.677,33.3049],[-79.7096,33.3212],[-79.7412,33.3223],[-79.794,33.3777],[-79.8548,33.4029],[-79.8802,33.4428],[-79.9646,33.4986],[-80.0121,33.5052],[-80.0822,33.5057],[-80.1273,33.4933],[-80.1483,33.4499],[-80.2066,33.442],[-80.2556,33.3],[-80.3172,33.2641],[-80.3446,33.2778],[-80.3619,33.2574],[-80.3375,33.2283],[-80.3308,33.1984],[-80.2976,33.1818],[-80.3359,33.1455],[-80.2357,33.0794],[-80.2745,33.0785],[-80.3018,33.0629],[-80.353,33.0595],[-80.4065,33.019],[-80.3878,33.0004],[-80.229,32.9255],[-80.1994,32.9562],[-80.1588,32.9447],[-80.1352,32.9106],[-80.0968,32.9426],[-80.1676,33.0027],[-80.1492,33.0216],[-80.0982,32.9881],[-80.056,32.9994],[-80.0401,32.9827],[-80.0415,32.955],[-80.0118,32.8999],[-79.9511,32.9102],[-79.9648,32.8828],[-79.9342,32.8522],[-79.9154,32.8124],[-79.9172,32.7829],[-79.886,32.7879],[-79.8488,32.7536],[-79.7876,32.7845],[-79.7264,32.806],[-79.6981,32.8513],[-79.6311,32.8886],[-79.5811,32.9064],[-79.6075,32.9262],[-79.6176,32.9527],[-79.5711,33.0138],[-79.5321,33.0352],[-79.5069,33.0328],[-79.4833,33.0098],[-79.4164,33.0161],[-79.3623,33.0091],[-79.3302,33.0866],[-79.2756,33.1168],[-79.2912,33.1466],[-79.3496,33.1533],[-79.447,33.2134],[-79.4826,33.2459],[-79.494,33.236],[-79.5354,33.2496],[-79.5623,33.2725],[-79.677,33.3049]]],[[[-79.9287,32.763],[-79.9495,32.7737],[-80.004,32.7658],[-80.0538,32.7787],[-80.0706,32.7709],[-80.1019,32.7871],[-80.1279,32.777],[-80.1643,32.7201],[-80.2395,32.68],[-80.2406,32.6576],[-80.2858,32.6223],[-80.3693,32.6481],[-80.4049,32.6524],[-80.4209,32.6701],[-80.4835,32.6596],[-80.5583,32.7428],[-80.5949,32.7615],[-80.6703,32.7588],[-80.695,32.7518],[-80.6918,32.7175],[-80.6364,32.6824],[-80.654,32.6639],[-80.7392,32.6823],[-80.7712,32.6769],[-80.8372,32.6998],[-80.8697,32.6609],[-80.8315,32.5934],[-80.8477,32.5301],[-80.8202,32.4908],[-80.8477,32.429],[-80.8292,32.4115],[-80.8419,32.3849],[-80.8921,32.3537],[-80.9494,32.3425],[-80.9479,32.3631],[-80.9825,32.3793],[-81.0181,32.384],[-80.9966,32.3255],[-81.0064,32.3065],[-80.9925,32.2727],[-81.0161,32.2443],[-81.0001,32.1961],[-80.9648,32.1854],[-80.9413,32.1373],[-80.9126,32.1276],[-80.8793,32.081],[-80.8424,32.1178],[-80.8215,32.1086],[-80.7399,32.1461],[-80.6717,32.2134],[-80.6865,32.2442],[-80.7654,32.286],[-80.7534,32.3068],[-80.7081,32.3237],[-80.6885,32.3028],[-80.6448,32.2915],[-80.6454,32.2609],[-80.6237,32.2581],[-80.5039,32.3075],[-80.4533,32.3219],[-80.4293,32.3897],[-80.4575,32.4103],[-80.4846,32.461],[-80.4721,32.497],[-80.4441,32.5049],[-80.4135,32.4707],[-80.3625,32.4956],[-80.3324,32.4781],[-80.2368,32.5423],[-80.195,32.56],[-80.1637,32.5618],[-80.1214,32.5905],[-80.0373,32.6102],[-80.0008,32.6059],[-79.97,32.6405],[-79.8871,32.683],[-79.8701,32.73],[-79.8791,32.7508],[-79.9287,32.763]]]]},"properties":{"district_code":"SC-01","state_code":"SC","state_name":"South Carolina","district_number":"01","label":"South Carolina — District 1"}},{"type":"Feature","geometry":{"type":"Polygon","coordinates":[[[-117.0664,32.9873],[-117.1263,32.9547],[-117.1676,32.9664],[-117.1669,32.9324],[-117.2146,32.9058],[-117.1891,32.8533],[-117.2177,32.8538],[-117.2325,32.8259],[-117.2072,32.7906],[-117.2096,32.7635],[-117.1779,32.7594],[-117.1322,32.7718],[-117.125,32.7553],[-117.0728,32.7588],[-117.0417,32.7206],[-117.023,32.7185],[-117.0164,32.6749],[-117.0131,32.6902],[-116.9613,32.7043],[-116.9406,32.7334],[-116.9578,32.7456],[-117.003,32.751],[-116.9915,32.7771],[-116.9217,32.7798],[-116.9379,32.8087],[-116.964,32.8296],[-117.0233,32.8392],[-116.9893,32.905],[-117.0012,32.9444],[-117.0375,32.9273],[-117.0666,32.9277],[-117.0664,32.9873]]]},"properties":{"district_code":"CA-51","state_code":"CA","state_name":"California","district_number":"51","label":"California — District 51"}},{"type":"Feature","geometry":{"type":"Polygon","coordinates":[[[-94.6072,39.0897],[-94.608,38.8472],[-94.5091,38.8423],[-94.2782,38.8351],[-94.2667,38.8568],[-94.2631,38.9156],[-94.2757,38.9401],[-94.2722,39.0214],[-94.3044,39.0263],[-94.3197,39.0738],[-94.3093,39.0919],[-94.2815,39.1098],[-94.3133,39.1333],[-94.3853,39.1296],[-94.4235,39.1441],[-94.4616,39.1204],[-94.4752,39.1574],[-94.4776,39.2089],[-94.493,39.2207],[-94.492,39.3179],[-94.5559,39.3186],[-94.6008,39.3331],[-94.6017,39.1596],[-94.5899,39.139],[-94.6083,39.1179],[-94.6072,39.0897]]]},"properties":{"district_code":"MO-05","state_code":"MO","state_name":"Missouri","district_number":"05","label":"Missouri — District 5"}},{"type":"Feature","geometry":{"type":"Polygon","coordinates":[[[-94.618,36.9989],[-94.6179,36.4994],[-94.1107,36.4986],[-93.728,36.499],[-93.2931,36.4983],[-92.7723,36.4978],[-92.7649,36.8061],[-92.9093,36.8092],[-92.9033,37.0707],[-92.6859,37.0671],[-92.6797,37.2424],[-92.9349,37.2471],[-92.9719,37.2335],[-92.9711,37.2682],[-93.0017,37.2626],[-93.0768,37.2707],[-93.0734,37.415],[-93.6212,37.4274],[-93.6258,37.282],[-94.0838,37.2909],[-94.0821,37.3493],[-94.456,37.3583],[-94.6175,37.3642],[-94.618,36.9989]]]},"properties":{"district_code":"MO-07","state_code":"MO","state_name":"Missouri","district_number":"07","label":"Missouri — District 7"}},{"type":"Feature","geometry":{"type":"Polygon","coordinates":[[[-84.3652,39.5895],[-84.3643,39.5438],[-84.3321,39.5472],[-84.3367,39.456],[-84.3532,39.2923],[-84.387,39.2818],[-84.3907,39.261],[-84.4507,39.2619],[-84.4563,39.2178],[-84.4922,39.2211],[-84.4943,39.1995],[-84.5445,39.2091],[-84.5797,39.2049],[-84.5831,39.1646],[-84.6227,39.1489],[-84.6075,39.1187],[-84.695,39.1241],[-84.7122,39.1306],[-84.6897,39.1042],[-84.6324,39.0768],[-84.5721,39.0821],[-84.5508,39.0994],[-84.5097,39.0937],[-84.4705,39.1215],[-84.4328,39.0943],[-84.4298,39.0583],[-84.4069,39.0457],[-84.346,39.037],[-84.3199,39.0221],[-84.2994,39.1739],[-84.2764,39.2039],[-84.32,39.2234],[-84.2594,39.2709],[-84.0075,39.2551],[-83.977,39.5694],[-84.2857,39.5896],[-84.3652,39.5895]]]},"properties":{"district_code":"OH-01","state_code":"OH","state_name":"Ohio","district_number":"01","label":"Ohio — District 1"}},{"type":"Feature","geometry":{"type":"Polygon","coordinates":[[[-81.3917,41.3483],[-81.5981,41.3512],[-81.5854,41.3089],[-81.5631,41.2786],[-81.6849,41.2771],[-81.6885,40.9886],[-81.6477,40.9886],[-81.649,40.7369],[-81.5225,40.7331],[-81.5338,40.7584],[-81.505,40.7888],[-81.4931,40.8205],[-81.4251,40.8182],[-81.4293,40.7442],[-81.3976,40.7654],[-81.3295,40.7843],[-81.3093,40.8099],[-81.2998,40.9885],[-81.3742,40.9955],[-81.3745,41.0302],[-81.3931,41.0607],[-81.3917,41.3483]]]},"properties":{"district_code":"OH-13","state_code":"OH","state_name":"Ohio","district_number":"13","label":"Ohio — District 13"}},{"type":"Feature","geometry":{"type":"Polygon","coordinates":[[[-84.4346,40.3253],[-84.4299,40.0944],[-84.2983,40.0958],[-84.2963,40.0234],[-84.2188,40.0177],[-84.1845,39.9954],[-84.2735,39.9947],[-84.2748,39.9218],[-84.1577,39.923],[-84.1572,39.886],[-84.051,39.8798],[-84.0537,39.8507],[-83.9398,39.8434],[-83.9355,39.8919],[-83.8964,39.9074],[-83.893,39.9443],[-83.8504,39.9419],[-83.8279,39.981],[-83.7602,39.9769],[-83.762,39.9581],[-83.7007,39.9477],[-83.7201,39.7799],[-83.6477,39.7752],[-83.6702,39.5503],[-83.5763,39.5445],[-83.5878,39.4147],[-83.5104,39.4407],[-83.4895,39.4603],[-83.4316,39.4636],[-83.3803,39.4185],[-83.3727,39.3774],[-83.2667,39.5162],[-83.2437,39.8125],[-83.0376,39.8056],[-82.8243,39.795],[-82.8025,39.823],[-82.7944,39.9108],[-82.8115,39.9321],[-82.8601,39.9347],[-82.8707,39.915],[-82.9664,39.9259],[-82.9987,39.972],[-83.0567,39.9769],[-83.0862,40.0083],[-83.0965,40.054],[-83.0915,40.1019],[-83.0554,40.1037],[-83.0638,40.1383],[-83.1699,40.1431],[-83.1702,40.1071],[-83.5037,40.1115],[-83.5161,40.0108],[-83.6324,40.0163],[-84.0361,40.0402],[-84.0103,40.3172],[-84.0418,40.3373],[-84.0721,40.3386],[-84.1316,40.3072],[-84.1552,40.3166],[-84.2083,40.3162],[-84.2093,40.3476],[-84.247,40.3538],[-84.2489,40.3161],[-84.2842,40.3297],[-84.4346,40.3253]]]},"properties":{"district_code":"OH-15","state_code":"OH","state_name":"Ohio","district_number":"15","label":"Ohio — District 15"}},{"type":"Feature","geometry":{"type":"Polygon","coordinates":[[[-81.65,40.6678],[-81.6491,40.6345],[-81.5089,40.6504],[-81.5117,40.5769],[-81.4835,40.5014],[-81.496,40.4799],[-81.5634,40.478],[-81.5661,40.4273],[-81.5182,40.4265],[-81.5193,40.4037],[-81.4618,40.4012],[-81.464,40.3737],[-81.417,40.364],[-81.3511,40.3614],[-81.3333,40.3339],[-81.2741,40.3326],[-81.2753,40.3034],[-81.3346,40.3043],[-81.3396,40.172],[-81.2259,40.1701],[-81.2341,39.9513],[-81.386,39.9507],[-81.3868,39.9215],[-81.4627,39.9235],[-81.4641,39.8946],[-81.5786,39.8977],[-81.5803,39.8391],[-81.6941,39.8426],[-81.6975,39.755],[-81.6399,39.7534],[-81.6432,39.6657],[-81.5861,39.664],[-81.5882,39.587],[-81.6889,39.5905],[-81.7144,39.5842],[-81.7235,39.5476],[-81.7051,39.531],[-81.7085,39.4808],[-81.761,39.4828],[-81.8232,39.4941],[-81.8258,39.4492],[-81.8449,39.4502],[-81.8537,39.3182],[-81.8166,39.3021],[-81.8184,39.2726],[-81.7218,39.2696],[-81.7256,39.2158],[-81.6913,39.2279],[-81.6964,39.257],[-81.6783,39.2738],[-81.6084,39.276],[-81.5702,39.2677],[-81.5575,39.3388],[-81.4561,39.4093],[-81.4067,39.3881],[-81.3959,39.3556],[-81.3476,39.3458],[-81.2707,39.3859],[-81.2236,39.3861],[-81.1859,39.4307],[-81.1344,39.4451],[-81.1008,39.4872],[-81.0239,39.5523],[-80.9333,39.6148],[-80.8804,39.6207],[-80.8617,39.6936],[-80.8316,39.7195],[-80.8653,39.7533],[-80.863,39.7752],[-80.8261,39.7986],[-80.827,39.8417],[-80.7931,39.8638],[-80.8034,39.9188],[-80.7559,39.9166],[-80.7645,39.9466],[-80.7401,39.9708],[-80.742,40.0056],[-80.7309,40.0492],[-80.7386,40.0757],[-80.7102,40.0996],[-80.7046,40.1548],[-80.6681,40.1997],[-80.6615,40.2298],[-80.6225,40.2618],[-80.5999,40.3177],[-80.6112,40.4378],[-80.5992,40.4826],[-80.6275,40.5358],[-80.6669,40.5737],[-80.6626,40.5916],[-80.6272,40.6199],[-80.5767,40.6142],[-80.519,40.6388],[-80.519,40.8513],[-80.5192,41.1332],[-81.0023,41.1342],[-81.0017,40.9878],[-81.2998,40.9885],[-81.3093,40.8099],[-81.3295,40.7843],[-81.3976,40.7654],[-81.4293,40.7442],[-81.4251,40.8182],[-81.4931,40.8205],[-81.505,40.7888],[-81.5338,40.7584],[-81.5225,40.7331],[-81.649,40.7369],[-81.65,40.6678]]]},"properties":{"district_code":"OH-06","state_code":"OH","state_name":"Ohio","district_number":"06","label":"Ohio — District 6"}},{"type":"Feature","geometry":{"type":"Polygon","coordinates":[[[-102.0517,40.0031],[-102.0504,39.646],[-102.0484,39.3031],[-102.0454,38.8134],[-102.0453,38.4536],[-102.0446,38.0455],[-102.0416,37.6804],[-102.042,37.3526],[-102.0421,36.993],[-101.6325,36.995],[-101.2832,36.9967],[-100.7345,36.9991],[-100.1157,37.0022],[-99.5411,36.9996],[-99.5447,37.3015],[-99.5432,37.3811],[-99.5558,37.3811],[-99.5603,37.8256],[-99.5706,37.8256],[-99.5699,38.1749],[-99.1317,38.1743],[-99.0874,38.1859],[-99.0224,38.2381],[-99.0225,38.2612],[-98.4724,38.2607],[-98.4723,37.8245],[-98.4648,37.7327],[-98.2645,37.7325],[-97.7806,37.7338],[-97.6987,37.7351],[-97.7021,37.8252],[-97.7018,38.1738],[-97.3717,38.1737],[-97.3719,38.6094],[-96.9303,38.6094],[-96.9272,38.8122],[-96.8901,38.8123],[-96.8902,38.8701],[-96.9267,38.8704],[-96.9262,38.9789],[-96.9635,38.9649],[-96.9617,39.2201],[-96.8499,39.219],[-96.8497,39.1393],[-96.8322,39.1196],[-96.8514,39.0882],[-96.7434,39.0877],[-96.7061,39.0731],[-96.501,39.0727],[-96.5012,39.0437],[-96.3908,39.0433],[-96.389,39.1729],[-96.3466,39.1539],[-96.3247,39.1861],[-96.2942,39.1955],[-96.266,39.1806],[-96.2469,39.2044],[-96.1833,39.207],[-96.1747,39.1888],[-96.0836,39.1935],[-96.0588,39.1648],[-96.0882,39.1523],[-96.0359,39.1298],[-96.0356,39.2165],[-95.5895,39.2161],[-95.5893,39.1292],[-95.5968,39.0647],[-95.5488,39.0683],[-95.4824,39.0569],[-95.4194,39.0672],[-95.3885,39.0477],[-95.3356,39.0296],[-95.3353,38.9425],[-95.2705,38.9209],[-95.186,38.9353],[-95.188,39.1289],[-95.1801,39.1289],[-95.1809,39.4192],[-95.4601,39.4209],[-95.5704,39.4191],[-95.5701,39.5255],[-95.7186,39.5659],[-96.239,39.5662],[-96.2392,40.0007],[-96.6224,40.0012],[-97.0497,40.0013],[-97.5114,40.0019],[-97.8384,40.0019],[-98.3919,40.0024],[-98.7104,40.0022],[-99.1698,40.0019],[-99.8134,40.0014],[-100.197,40.0015],[-100.4688,40.0017],[-100.9374,40.0021],[-101.41,40.0024],[-102.0517,40.0031]]]},"properties":{"district_code":"KS-01","state_code":"KS","state_name":"Kansas","district_number":"01","label":"Kansas — District 1"}},{"type":"Feature","geometry":{"type":"Polygon","coordinates":[[[-97.3717,38.1737],[-97.7018,38.1738],[-97.7021,37.8252],[-97.6987,37.7351],[-97.7806,37.7338],[-98.2645,37.7325],[-98.4648,37.7327],[-98.4723,37.8245],[-98.4724,38.2607],[-99.0225,38.2612],[-99.0224,38.2381],[-99.0874,38.1859],[-99.1317,38.1743],[-99.5699,38.1749],[-99.5706,37.8256],[-99.5603,37.8256],[-99.5558,37.3811],[-99.5432,37.3811],[-99.5447,37.3015],[-99.5411,36.9996],[-99.0293,36.9996],[-98.7145,36.9991],[-98.3541,36.998],[-98.112,36.9981],[-97.6065,36.9987],[-97.0301,36.9989],[-96.5003,36.9986],[-96.0008,36.9989],[-95.9643,36.9991],[-95.9647,37.3867],[-95.9625,37.446],[-95.9607,37.7197],[-95.9581,37.8219],[-95.9589,38.1709],[-96.3573,38.1727],[-96.3581,38.0858],[-96.8408,38.0856],[-97.1529,38.0877],[-97.1531,38.1746],[-97.3717,38.1737]]]},"properties":{"district_code":"KS-04","state_code":"KS","state_name":"Kansas","district_number":"04","label":"Kansas — District 4"}},{"type":"Feature","geometry":{"type":"Polygon","coordinates":[[[-95.309,32.9626],[-95.1729,32.9618],[-95.1522,32.9903],[-95.1521,32.9026],[-94.9004,32.9026],[-94.7199,32.9045],[-94.7083,32.8961],[-94.7021,32.8205],[-94.7018,32.6522],[-94.7369,32.6635],[-94.7968,32.6587],[-94.8222,32.709],[-94.867,32.734],[-94.8877,32.7671],[-94.9084,32.7744],[-94.9127,32.8078],[-94.9059,32.8634],[-94.9559,32.8565],[-95.0076,32.8587],[-95.038,32.8119],[-95.0222,32.7915],[-95.0261,32.7428],[-95.0569,32.701],[-95.1527,32.6609],[-95.1534,32.5701],[-95.1653,32.5444],[-95.2067,32.56],[-95.2383,32.5607],[-95.3322,32.6043],[-95.3819,32.5985],[-95.4197,32.6091],[-95.4691,32.6056],[-95.5109,32.6203],[-95.5243,32.6437],[-95.5942,32.6846],[-95.5943,32.4799],[-95.5528,32.4504],[-95.4479,32.3469],[-95.4483,32.3003],[-95.4676,32.2466],[-95.4863,32.2254],[-95.4626,32.2018],[-95.4798,32.1519],[-95.4599,32.1356],[-94.9853,32.138],[-94.9848,31.8461],[-94.9375,31.8456],[-94.8003,31.844],[-94.4525,31.8441],[-94.4333,31.8229],[-94.4311,31.7721],[-94.4134,31.7436],[-94.4168,31.7059],[-94.3926,31.6395],[-94.3682,31.6343],[-94.3066,31.572],[-94.3023,31.5119],[-94.319,31.4784],[-94.3209,31.4449],[-94.3081,31.4145],[-94.3269,31.4],[-94.3269,31.354],[-94.3151,31.3084],[-94.3396,31.2633],[-94.3382,31.2459],[-94.2879,31.2013],[-94.2242,31.1757],[-94.1929,31.1362],[-94.1296,31.0993],[-94.0509,31.1146],[-94.039,31.1343],[-93.9111,31.1581],[-93.6003,31.1762],[-93.6183,31.2331],[-93.6146,31.2614],[-93.6441,31.2716],[-93.6879,31.3098],[-93.6688,31.3396],[-93.6706,31.3888],[-93.7047,31.4189],[-93.6927,31.4406],[-93.7495,31.4687],[-93.7276,31.4889],[-93.7428,31.5269],[-93.7808,31.5254],[-93.8208,31.5582],[-93.8394,31.5991],[-93.816,31.6323],[-93.8265,31.6669],[-93.7945,31.7021],[-93.8361,31.7485],[-93.8234,31.7751],[-93.8393,31.8003],[-93.8748,31.8217],[-93.8974,31.8944],[-93.9292,31.9118],[-93.9739,31.9217],[-94.0173,31.9893],[-94.0427,31.9993],[-94.0427,32.2696],[-94.0431,32.693],[-94.043,33.0192],[-94.0435,33.5523],[-94.0722,33.5539],[-94.0826,33.5755],[-94.1485,33.5657],[-94.1839,33.5947],[-94.2125,33.5639],[-94.2159,33.4973],[-94.2023,33.4653],[-94.1769,33.4513],[-94.1837,33.4237],[-94.2058,33.4039],[-94.2585,33.3945],[-94.3456,33.4078],[-94.3994,33.4076],[-94.4185,33.422],[-94.3992,33.4734],[-94.4684,33.4725],[-94.6097,33.5153],[-94.654,33.521],[-94.7277,33.5535],[-94.7772,33.5528],[-94.8142,33.5686],[-94.944,33.5897],[-95.0269,33.6114],[-95.0538,33.627],[-95.0735,33.6135],[-95.1182,33.6135],[-95.1988,33.6343],[-95.2745,33.6674],[-95.3107,33.6632],[-95.3077,33.3003],[-95.309,32.9626]]]},"properties":{"district_code":"TX-01","state_code":"TX","state_name":"Texas","district_number":"01","label":"Texas — District 1"}},{"type":"Feature","geometry":{"type":"Polygon","coordinates":[[[-95.1872,29.8708],[-95.2023,29.8884],[-95.2,29.9228],[-95.2495,29.9345],[-95.2846,29.9657],[-95.296,29.94],[-95.3497,29.939],[-95.3975,29.9454],[-95.4191,29.9657],[-95.465,29.9646],[-95.4833,29.9374],[-95.48,29.9113],[-95.4504,29.8844],[-95.4218,29.8883],[-95.4108,29.8388],[-95.3854,29.8339],[-95.3667,29.7739],[-95.3459,29.7862],[-95.3066,29.8912],[-95.3093,29.9095],[-95.2652,29.9154],[-95.2369,29.9065],[-95.2297,29.8243],[-95.2801,29.8025],[-95.2561,29.7682],[-95.2811,29.7486],[-95.2884,29.7882],[-95.3424,29.741],[-95.3267,29.6955],[-95.2912,29.6994],[-95.2643,29.672],[-95.2648,29.6432],[-95.2974,29.5965],[-95.2603,29.5899],[-95.225,29.6084],[-95.193,29.6787],[-95.1711,29.6949],[-95.173,29.7469],[-95.1488,29.7717],[-95.1434,29.8463],[-95.1757,29.8333],[-95.1872,29.8708]]]},"properties":{"district_code":"TX-29","state_code":"TX","state_name":"Texas","district_number":"29","label":"Texas — District 29"}},{"type":"Feature","geometry":{"type":"Polygon","coordinates":[[[-95.3903,29.725],[-95.4121,29.6973],[-95.4557,29.6813],[-95.4932,29.6782],[-95.4934,29.7113],[-95.5574,29.7045],[-95.5703,29.6884],[-95.6043,29.6889],[-95.5971,29.6606],[-95.5827,29.6273],[-95.5827,29.5805],[-95.5416,29.5832],[-95.5266,29.5114],[-95.4677,29.5077],[-95.4752,29.4599],[-95.533,29.4584],[-95.534,29.4425],[-95.4626,29.4392],[-95.4463,29.4996],[-95.4157,29.4979],[-95.3708,29.5253],[-95.3305,29.5303],[-95.3507,29.5706],[-95.3323,29.5989],[-95.2974,29.5965],[-95.2648,29.6432],[-95.2643,29.672],[-95.2912,29.6994],[-95.3267,29.6955],[-95.3887,29.6939],[-95.3903,29.725]]]},"properties":{"district_code":"TX-09","state_code":"TX","state_name":"Texas","district_number":"09","label":"Texas — District 9"}},{"type":"Feature","geometry":{"type":"Polygon","coordinates":[[[-102.7991,32.0858],[-102.7989,31.6518],[-102.3292,31.6513],[-101.7758,31.6513],[-101.2671,31.6509],[-101.2685,31.4745],[-101.2748,31.0794],[-100.9622,31.0825],[-100.6888,31.0866],[-100.2484,31.0887],[-100.1152,31.088],[-100.1162,30.7104],[-100.1165,30.2903],[-99.7541,30.2907],[-99.3017,30.2867],[-99.304,30.4998],[-99.0003,30.4981],[-98.7503,30.4988],[-98.4115,30.5021],[-98.351,30.4861],[-98.3521,30.5585],[-98.4007,30.5998],[-98.4186,30.6459],[-98.4078,30.675],[-98.414,30.7018],[-98.3752,30.7466],[-98.4223,30.7505],[-98.4227,30.7761],[-98.3936,30.843],[-98.4483,30.8706],[-98.4419,30.9843],[-98.4592,31.0077],[-98.4397,31.0296],[-98.1389,31.0323],[-97.9117,31.035],[-97.8866,31.0017],[-97.8281,30.9044],[-97.7299,30.8876],[-97.7111,30.913],[-97.7172,30.9309],[-97.7017,30.9785],[-97.6621,30.9893],[-97.6335,31.052],[-97.6604,31.0588],[-97.6765,31.0816],[-97.6539,31.1243],[-97.6979,31.141],[-97.7355,31.1358],[-97.7504,31.1102],[-97.8044,31.1221],[-97.9071,31.0694],[-98.18,31.4637],[-98.2711,31.4164],[-98.4637,31.684],[-98.4928,31.7236],[-98.6684,31.7005],[-98.9244,32.078],[-99.2503,32.0801],[-99.5003,32.0799],[-99.6314,32.0813],[-100.1519,32.0826],[-100.3251,32.0814],[-100.6254,32.0854],[-100.9975,32.0867],[-101.5606,32.0871],[-101.97,32.0868],[-102.5046,32.087],[-102.7991,32.0858]]]},"properties":{"district_code":"TX-11","state_code":"TX","state_name":"Texas","district_number":"11","label":"Texas — District 11"}},{"type":"Feature","geometry":{"type":"Polygon","coordinates":[[[-97.9216,33.0013],[-98.0561,33.0033],[-98.0644,32.6372],[-97.9999,32.6873],[-97.8849,32.7265],[-97.8499,32.7282],[-97.8275,32.7143],[-97.7815,32.7164],[-97.7636,32.6962],[-97.7103,32.6815],[-97.6864,32.6567],[-97.6151,32.6307],[-97.5881,32.6419],[-97.5925,32.7005],[-97.6504,32.6922],[-97.6682,32.7242],[-97.6742,32.7864],[-97.5979,32.7854],[-97.5482,32.7761],[-97.5506,32.5554],[-97.3646,32.5534],[-97.3503,32.6141],[-97.3606,32.6489],[-97.3526,32.6673],[-97.3734,32.6819],[-97.3316,32.7331],[-97.3029,32.7439],[-97.3089,32.7697],[-97.3373,32.7837],[-97.3679,32.7659],[-97.3911,32.7919],[-97.3991,32.8196],[-97.3473,32.8424],[-97.3315,32.8249],[-97.2905,32.8098],[-97.2935,32.788],[-97.2588,32.7669],[-97.1934,32.7817],[-97.1775,32.794],[-97.2387,32.8403],[-97.2768,32.8395],[-97.2901,32.861],[-97.2896,32.9021],[-97.3171,32.9032],[-97.3082,32.9752],[-97.3278,32.9914],[-97.4461,32.9922],[-97.9216,33.0013]]]},"properties":{"district_code":"TX-12","state_code":"TX","state_name":"Texas","district_number":"12","label":"Texas — District 12"}},{"type":"Feature","geometry":{"type":"MultiPolygon","coordinates":[[[[-94.4723,29.557],[-94.5023,29.5104],[-94.562,29.5309],[-94.5947,29.5072],[-94.6066,29.4828],[-94.6404,29.4724],[-94.6767,29.4735],[-94.7035,29.4365],[-94.7672,29.3904],[-94.7787,29.3615],[-94.7334,29.368],[-94.7085,29.403],[-94.6316,29.4518],[-94.4901,29.5112],[-94.0958,29.6605],[-94.0014,29.6815],[-93.9526,29.6833],[-93.8377,29.679],[-93.838,29.6906],[-93.87,29.7355],[-93.8888,29.7422],[-93.8985,29.7716],[-93.9288,29.7971],[-93.9227,29.8188],[-93.8551,29.8641],[-93.8166,29.9207],[-93.7869,29.9906],[-93.7397,30.024],[-93.7164,30.0691],[-93.7238,30.0941],[-93.7024,30.1127],[-93.6963,30.1516],[-93.719,30.2087],[-93.7052,30.2439],[-94.1174,30.2417],[-94.1105,30.1878],[-94.1135,30.1483],[-94.0743,30.1165],[-94.0864,30.089],[-94.1154,30.079],[-94.1496,30.0933],[-94.19,30.0912],[-94.2116,30.0765],[-94.1892,30.0238],[-94.2223,30.0237],[-94.2039,29.9828],[-94.251,29.9261],[-94.2688,29.9316],[-94.3229,29.8876],[-94.358,29.8875],[-94.3539,29.6115],[-94.3795,29.617],[-94.4065,29.5983],[-94.4229,29.5663],[-94.4723,29.557]]],[[[-94.8233,29.3239],[-94.7984,29.3124],[-94.7812,29.3325],[-94.8105,29.3521],[-94.8233,29.3239]]],[[[-95.1221,29.0904],[-94.8918,29.229],[-94.7948,29.2844],[-94.7272,29.3314],[-94.7666,29.3373],[-94.7981,29.3085],[-94.8208,29.3096],[-94.8744,29.2899],[-94.921,29.2534],[-94.9453,29.2215],[-95.097,29.1189],[-95.1221,29.0904]]],[[[-95.2163,29.5558],[-95.2331,29.4656],[-95.1922,29.4044],[-95.2706,29.3959],[-95.3615,29.3529],[-95.4227,29.3518],[-95.4522,29.326],[-95.5325,29.3383],[-95.5865,29.3196],[-95.607,29.3292],[-95.6313,29.2927],[-95.6728,29.2995],[-95.7529,29.3245],[-95.784,29.2962],[-95.7978,29.308],[-95.8477,29.2626],[-95.874,29.2297],[-95.8447,29.2047],[-95.8384,29.1766],[-95.8419,29.0991],[-95.8059,29.0905],[-95.7773,29.0446],[-95.7783,28.9971],[-95.7649,28.9674],[-95.6991,28.9695],[-95.6551,28.9515],[-95.6417,28.9037],[-95.5792,28.8596],[-95.5675,28.8297],[-95.5072,28.8256],[-95.4367,28.8596],[-95.3837,28.87],[-95.3405,28.9085],[-95.2949,28.9372],[-95.2518,28.979],[-95.1238,29.0706],[-95.1673,29.1212],[-95.1499,29.1793],[-95.1158,29.1995],[-95.0973,29.1774],[-95.0345,29.2115],[-94.9709,29.2832],[-94.9366,29.3149],[-94.9073,29.3088],[-94.9082,29.3399],[-94.8664,29.3673],[-94.8869,29.387],[-94.892,29.4337],[-94.9518,29.4675],[-94.912,29.4963],[-94.9947,29.5198],[-95.0171,29.5487],[-95.0643,29.5588],[-95.1039,29.5113],[-95.1639,29.4981],[-95.2163,29.5558]]]]},"properties":{"district_code":"TX-14","state_code":"TX","state_name":"Texas","district_number":"14","label":"Texas — District 14"}},{"type":"Feature","geometry":{"type":"Polygon","coordinates":[[[-95.5968,30.1345],[-95.6232,30.1356],[-95.6554,30.109],[-95.7546,30.0922],[-95.781,30.0681],[-95.782,30.0033],[-95.7681,29.9981],[-95.7696,29.9492],[-95.719,29.9565],[-95.7011,29.9716],[-95.6198,29.9149],[-95.6511,29.8827],[-95.624,29.8696],[-95.6458,29.849],[-95.6448,29.7846],[-95.7357,29.7852],[-95.7177,29.7595],[-95.7304,29.7343],[-95.6883,29.7109],[-95.6185,29.7637],[-95.5784,29.767],[-95.5009,29.7375],[-95.4107,29.7426],[-95.4094,29.7668],[-95.4539,29.7809],[-95.4829,29.8028],[-95.5164,29.8035],[-95.5316,29.8324],[-95.57,29.8318],[-95.5747,29.8672],[-95.5244,29.8594],[-95.5252,29.9252],[-95.5848,29.933],[-95.5476,29.9612],[-95.4983,29.9879],[-95.5203,30.0182],[-95.4921,30.0384],[-95.5093,30.1369],[-95.5968,30.1345]]]},"properties":{"district_code":"TX-38","state_code":"TX","state_name":"Texas","district_number":"38","label":"Texas — District 38"}},{"type":"Feature","geometry":{"type":"Polygon","coordinates":[[[-99.7541,30.2907],[-99.7576,30.0741],[-99.918,30.0736],[-99.9676,30.0824],[-99.973,30.0246],[-99.9897,30.0257],[-100.0023,29.8968],[-100.0314,29.841],[-100.0133,29.7943],[-100.0361,29.7789],[-100.0223,29.7439],[-100.0458,29.6949],[-100.0142,29.6235],[-99.7518,29.6248],[-99.6031,29.6272],[-99.3937,29.6275],[-98.9838,29.6235],[-98.9761,29.6133],[-98.9852,29.5641],[-98.9272,29.5622],[-98.7788,29.7202],[-98.7382,29.7166],[-98.6614,29.7491],[-98.6034,29.7399],[-98.5437,29.7521],[-98.504,29.7386],[-98.4427,29.7323],[-98.4608,29.6518],[-98.4913,29.6613],[-98.5083,29.6087],[-98.5582,29.5645],[-98.5549,29.5483],[-98.5322,29.519],[-98.4784,29.5203],[-98.49,29.4843],[-98.4676,29.4684],[-98.4703,29.4432],[-98.414,29.4564],[-98.4153,29.5065],[-98.4274,29.5353],[-98.4019,29.5546],[-98.3492,29.5712],[-98.3277,29.5958],[-98.2491,29.6358],[-98.1501,29.6654],[-98.1384,29.6832],[-98.098,29.697],[-98.0152,29.8015],[-98.0187,29.8122],[-97.973,29.853],[-97.963,29.8726],[-97.9239,29.8947],[-97.8757,29.967],[-97.8909,30.0132],[-97.8835,30.0463],[-97.8254,30.0771],[-97.8139,30.0992],[-97.9288,30.1817],[-97.9176,30.2032],[-97.8258,30.2699],[-97.868,30.301],[-97.9084,30.3062],[-97.9666,30.2654],[-97.9926,30.2674],[-98.0108,30.2403],[-98.173,30.3563],[-98.1256,30.4262],[-98.351,30.4861],[-98.4115,30.5021],[-98.7503,30.4988],[-99.0003,30.4981],[-99.304,30.4998],[-99.3017,30.2867],[-99.7541,30.2907]]]},"properties":{"district_code":"TX-21","state_code":"TX","state_name":"Texas","district_number":"21","label":"Texas — District 21"}},{"type":"Feature","geometry":{"type":"Polygon","coordinates":[[[-74.6949,41.3574],[-74.7532,41.3461],[-74.7716,41.3251],[-74.8384,41.2773],[-74.8674,41.2278],[-74.8722,41.2013],[-74.8108,41.0599],[-74.7659,41.0449],[-74.7876,41.0058],[-74.7401,40.9697],[-74.6885,41.0093],[-74.6854,41.052],[-74.6678,41.0941],[-74.6385,41.1187],[-74.5359,41.0585],[-74.5017,41.0421],[-74.447,41.0544],[-74.4236,41.0277],[-74.3891,41.0122],[-74.3,41.0031],[-74.2707,41.021],[-74.249,41.0636],[-74.171,41.0293],[-74.1873,41.0173],[-74.1918,40.9786],[-74.141,40.9663],[-74.1389,40.9232],[-74.0837,40.9186],[-74.0544,40.9063],[-74.0683,40.876],[-73.9768,40.8278],[-73.9542,40.848],[-73.9338,40.8822],[-73.9183,40.9177],[-73.894,40.9972],[-73.9027,40.9973],[-74.2343,41.1431],[-74.3449,41.1921],[-74.4576,41.2482],[-74.6949,41.3574]]]},"properties":{"district_code":"NJ-05","state_code":"NJ","state_name":"New Jersey","district_number":"05","label":"New Jersey — District 5"}},{"type":"Feature","geometry":{"type":"Polygon","coordinates":[[[-75.1202,40.9687],[-75.1178,40.953],[-75.0537,40.8737],[-75.0635,40.8495],[-75.1085,40.7911],[-75.1344,40.7738],[-75.1716,40.7777],[-75.1965,40.7516],[-75.1825,40.7299],[-75.2039,40.6915],[-75.1776,40.6777],[-75.2005,40.6469],[-75.1968,40.6086],[-75.194,40.5763],[-75.1753,40.565],[-75.1367,40.5757],[-75.1003,40.5678],[-75.0686,40.5422],[-75.0629,40.4816],[-75.0706,40.4552],[-75.0588,40.4181],[-75.0248,40.4035],[-74.9964,40.4105],[-74.964,40.3952],[-74.943,40.3416],[-74.8563,40.3467],[-74.8697,40.3778],[-74.802,40.385],[-74.8085,40.4167],[-74.7481,40.4242],[-74.7153,40.4421],[-74.7018,40.4682],[-74.6762,40.4706],[-74.7027,40.5397],[-74.6158,40.5561],[-74.5863,40.5705],[-74.4832,40.5894],[-74.4417,40.6294],[-74.4085,40.6443],[-74.3827,40.6295],[-74.3947,40.601],[-74.3029,40.6087],[-74.2908,40.592],[-74.2125,40.6028],[-74.2052,40.5939],[-74.2015,40.634],[-74.2162,40.6437],[-74.2748,40.6255],[-74.3336,40.6495],[-74.2972,40.7152],[-74.3589,40.736],[-74.4018,40.7181],[-74.4438,40.688],[-74.4494,40.7174],[-74.5137,40.6978],[-74.5477,40.737],[-74.5426,40.8017],[-74.5716,40.8156],[-74.6306,40.8047],[-74.6447,40.8358],[-74.6236,40.8659],[-74.6023,40.8626],[-74.5688,40.8921],[-74.5949,40.9024],[-74.6414,40.9594],[-74.6067,40.9981],[-74.5359,41.0585],[-74.6385,41.1187],[-74.6678,41.0941],[-74.6854,41.052],[-74.6885,41.0093],[-74.7401,40.9697],[-74.7876,41.0058],[-74.7659,41.0449],[-74.8108,41.0599],[-74.8722,41.2013],[-74.9232,41.1381],[-74.9822,41.1082],[-74.971,41.0853],[-75.0131,41.0665],[-75.0271,41.0395],[-75.1306,40.9911],[-75.1202,40.9687]]]},"properties":{"district_code":"NJ-07","state_code":"NJ","state_name":"New Jersey","district_number":"07","label":"New Jersey — District 7"}},{"type":"Feature","geometry":{"type":"Polygon","coordinates":[[[-90.3413,38.3882],[-90.3682,38.3403],[-90.3727,38.2862],[-90.3539,38.2139],[-90.3224,38.1816],[-90.2749,38.1576],[-90.2431,38.1127],[-90.1772,38.0712],[-90.1308,38.0623],[-90.1262,38.0407],[-90.0938,38.0178],[-90.0594,38.0155],[-90.0053,37.968],[-89.9408,37.971],[-89.9742,37.9192],[-89.9525,37.8832],[-89.9018,37.8698],[-89.8448,37.9056],[-89.798,37.8797],[-89.7961,37.8595],[-89.7399,37.8469],[-89.6604,37.7863],[-89.668,37.7595],[-89.6495,37.7455],[-89.6173,37.7497],[-89.5833,37.7133],[-89.5257,37.6984],[-89.512,37.6855],[-89.5177,37.6412],[-89.4784,37.5989],[-89.5165,37.5845],[-89.5164,37.5356],[-89.4712,37.4665],[-89.4341,37.4268],[-89.4225,37.3971],[-89.436,37.3444],[-89.4912,37.3314],[-89.5183,37.2855],[-89.4899,37.2513],[-89.4607,37.2506],[-89.4619,37.1995],[-89.4145,37.1251],[-89.3756,37.0859],[-89.3783,37.0396],[-89.3172,37.0128],[-89.2921,36.9922],[-89.2576,37.0155],[-89.3014,37.045],[-89.3077,37.0697],[-89.2599,37.0641],[-89.1985,37.0117],[-89.1921,36.98],[-89.17,36.9703],[-89.1327,36.9822],[-89.1664,37.0033],[-89.1825,37.0373],[-89.1681,37.0742],[-89.1036,37.1321],[-89.0762,37.1751],[-89.03,37.2111],[-88.9747,37.2297],[-88.9162,37.224],[-88.8057,37.1886],[-88.7321,37.144],[-88.6878,37.1394],[-88.6114,37.1127],[-88.5732,37.08],[-88.5214,37.0656],[-88.4606,37.0743],[-88.4244,37.1524],[-88.4478,37.2035],[-88.5093,37.2621],[-88.5159,37.284],[-88.4869,37.3396],[-88.4766,37.3869],[-88.456,37.4085],[-88.4088,37.4252],[-88.3616,37.4029],[-88.3126,37.4406],[-88.2817,37.4526],[-88.0818,37.473],[-88.0626,37.496],[-88.069,37.5253],[-88.1343,37.5746],[-88.1584,37.6399],[-88.1582,37.6645],[-88.125,37.7071],[-88.0638,37.7386],[-88.028,37.7992],[-88.0333,37.8419],[-88.0594,37.8487],[-88.095,37.8937],[-88.0134,37.8949],[-88.0368,37.9568],[-88.0126,37.9771],[-88.0341,38.032],[-87.9672,38.0671],[-87.9605,38.0991],[-88.0047,38.084],[-88.0167,38.0973],[-87.9455,38.1266],[-87.9106,38.1666],[-87.9699,38.1918],[-87.984,38.2091],[-87.9602,38.2371],[-87.9503,38.2768],[-87.9336,38.2959],[-87.9068,38.2696],[-87.8878,38.2853],[-87.8434,38.2782],[-87.832,38.327],[-87.8061,38.3631],[-87.7831,38.3689],[-87.7453,38.409],[-87.714,38.4799],[-87.6724,38.5074],[-87.6692,38.5417],[-87.6229,38.5862],[-87.6273,38.6054],[-87.5972,38.6653],[-87.5312,38.684],[-87.5053,38.735],[-87.4959,38.7854],[-87.5273,38.8181],[-87.5259,38.8488],[-87.5443,38.889],[-87.5166,38.933],[-87.5295,38.9719],[-87.5765,38.9867],[-87.5726,39.0573],[-87.6184,39.1043],[-87.6528,39.1068],[-87.6587,39.136],[-87.5746,39.2184],[-87.5807,39.2552],[-87.6056,39.2624],[-87.6059,39.3111],[-87.5891,39.3338],[-87.5316,39.3481],[-87.5317,39.4771],[-87.6893,39.4768],[-87.6873,39.4873],[-87.9602,39.4813],[-87.9663,39.686],[-88.063,39.6813],[-88.0635,39.6527],[-88.1396,39.6521],[-88.14,39.5053],[-88.1638,39.4996],[-88.1632,39.4581],[-88.1745,39.4337],[-88.2482,39.4338],[-88.2479,39.484],[-88.3362,39.4842],[-88.3595,39.4736],[-88.3598,39.4323],[-88.4704,39.4326],[-88.4709,39.215],[-88.8053,39.2163],[-88.8068,38.9116],[-88.6935,38.9146],[-88.6952,38.8263],[-89.0306,38.8229],[-89.1381,38.8242],[-89.1384,38.7363],[-89.2448,38.7418],[-89.482,38.7405],[-89.5973,38.7432],[-89.5951,38.6559],[-89.7185,38.655],[-89.9832,38.6582],[-90.0047,38.6463],[-89.9906,38.6034],[-89.9306,38.593],[-89.9284,38.505],[-89.9411,38.4836],[-90.0363,38.4838],[-90.0434,38.531],[-90.1,38.5541],[-90.1441,38.5295],[-90.1844,38.5295],[-90.219,38.485],[-90.2638,38.5205],[-90.2928,38.4287],[-90.3413,38.3882]]]},"properties":{"district_code":"IL-12","state_code":"IL","state_name":"Illinois","district_number":"12","label":"Illinois — District 12"}},{"type":"Feature","geometry":{"type":"Polygon","coordinates":[[[-88.2441,41.2016],[-88.2409,41.1144],[-88.471,41.1089],[-88.5846,41.1083],[-88.5859,40.9449],[-88.6356,40.8921],[-88.6235,40.8519],[-88.5852,40.8502],[-88.5823,40.6707],[-88.5745,40.6165],[-88.4595,40.6173],[-88.4593,40.53],[-88.3707,40.5298],[-88.3706,40.465],[-88.347,40.465],[-88.347,40.3984],[-88.46,40.3989],[-88.4603,40.311],[-88.2329,40.3116],[-88.2325,40.2823],[-88.0786,40.2834],[-88.0789,40.3125],[-87.93,40.3134],[-87.9288,40.2256],[-87.9421,40.2255],[-87.9396,40.0836],[-87.8065,40.0859],[-87.8062,40.0416],[-87.7866,40.0273],[-87.6381,40.0279],[-87.6149,40.058],[-87.5322,40.0588],[-87.5315,40.1481],[-87.5263,40.494],[-87.5258,40.8069],[-87.5266,41.1661],[-87.5267,41.2982],[-87.5242,41.7083],[-87.5311,41.7481],[-87.5729,41.7793],[-87.5925,41.8169],[-87.5863,41.7661],[-87.5551,41.741],[-87.585,41.7206],[-87.6236,41.7108],[-87.6217,41.6617],[-87.6606,41.6554],[-87.6657,41.6263],[-87.6995,41.6088],[-87.7066,41.5862],[-87.7427,41.5734],[-87.7428,41.528],[-87.7904,41.528],[-87.7858,41.354],[-87.8243,41.3535],[-87.8236,41.3112],[-87.7817,41.2959],[-87.7801,41.2073],[-87.8191,41.2216],[-87.838,41.2068],[-87.8363,41.1497],[-87.8925,41.1468],[-87.9484,41.1651],[-87.9922,41.2052],[-88.2441,41.2016]]]},"properties":{"district_code":"IL-02","state_code":"IL","state_name":"Illinois","district_number":"02","label":"Illinois — District 2"}},{"type":"Feature","geometry":{"type":"Polygon","coordinates":[[[-87.9203,41.9313],[-87.9399,41.9063],[-87.9386,41.8615],[-87.9659,41.839],[-87.9469,41.8107],[-87.9467,41.7816],[-87.9094,41.783],[-87.8888,41.8046],[-87.8586,41.7836],[-87.7714,41.7742],[-87.7991,41.7335],[-87.7239,41.7348],[-87.7222,41.7568],[-87.693,41.7645],[-87.6796,41.8012],[-87.6454,41.8043],[-87.6442,41.86],[-87.6858,41.8594],[-87.7392,41.8455],[-87.7399,41.866],[-87.8042,41.865],[-87.8742,41.8343],[-87.919,41.8331],[-87.9206,41.8827],[-87.9033,41.8927],[-87.8405,41.8885],[-87.8255,41.911],[-87.8588,41.9343],[-87.9149,41.9482],[-87.9203,41.9313]]]},"properties":{"district_code":"IL-04","state_code":"IL","state_name":"Illinois","district_number":"04","label":"Illinois — District 4"}},{"type":"Feature","geometry":{"type":"Polygon","coordinates":[[[-88.2384,42.1542],[-88.2383,42.0923],[-88.1813,42.11],[-88.128,42.1069],[-88.1217,42.0671],[-88.0641,42.0681],[-88.0631,42.0959],[-88.0193,42.1084],[-87.9939,42.0515],[-87.8858,42.0475],[-87.8676,41.9903],[-87.896,42.0003],[-87.9205,41.9939],[-87.9157,41.9587],[-87.7906,41.9528],[-87.7047,41.9758],[-87.6883,41.9467],[-87.6872,41.9103],[-87.6159,41.8959],[-87.6408,41.9549],[-87.6622,41.9544],[-87.675,41.9908],[-87.7189,41.9903],[-87.8419,42.0109],[-87.86,42.0265],[-87.8399,42.0658],[-87.8918,42.066],[-87.9361,42.0808],[-87.9804,42.1126],[-87.9848,42.1682],[-88.0043,42.1973],[-88.0579,42.1974],[-88.0969,42.212],[-88.1696,42.2127],[-88.1994,42.203],[-88.1996,42.1543],[-88.2384,42.1542]]]},"properties":{"district_code":"IL-05","state_code":"IL","state_name":"Illinois","district_number":"05","label":"Illinois — District 5"}},{"type":"Feature","geometry":{"type":"Polygon","coordinates":[[[-79.762,42.2699],[-79.7614,41.9991],[-79.6108,41.999],[-79.4725,41.9983],[-79.1786,41.9995],[-78.8748,41.9976],[-78.5966,41.9999],[-78.2712,41.999],[-78.1247,42.0005],[-77.832,41.9985],[-77.5053,42.0001],[-77.1247,41.9994],[-76.9271,42.0017],[-76.5577,42.0001],[-76.5415,42.0517],[-76.5567,42.139],[-76.5365,42.1554],[-76.5383,42.2818],[-76.6914,42.2843],[-76.6857,42.3751],[-76.6967,42.5468],[-76.8956,42.5415],[-76.9008,42.4938],[-76.8898,42.4631],[-76.964,42.4592],[-76.9893,42.4848],[-77.1072,42.4838],[-77.1495,42.5001],[-77.1438,42.5769],[-77.4909,42.5773],[-77.6599,42.5804],[-77.6613,42.5351],[-77.7206,42.5351],[-77.723,42.4712],[-77.8402,42.4746],[-77.8407,42.5178],[-78.0428,42.5186],[-78.2208,42.5217],[-78.4646,42.5192],[-78.4619,42.6133],[-78.4633,42.7805],[-78.488,42.7805],[-78.4863,42.8675],[-78.4644,42.8674],[-78.4652,43.086],[-78.5818,43.0889],[-78.604,43.072],[-78.6383,43.0957],[-78.6969,43.0863],[-78.6969,42.8637],[-78.7544,42.8641],[-78.7533,42.8255],[-78.8599,42.8323],[-78.8536,42.7942],[-78.8657,42.7717],[-78.9182,42.7373],[-78.9912,42.7054],[-79.0468,42.6913],[-79.0638,42.6448],[-79.1114,42.6134],[-79.1487,42.5537],[-79.1798,42.5518],[-79.3179,42.5023],[-79.4055,42.4533],[-79.4535,42.4112],[-79.4748,42.4043],[-79.5698,42.3512],[-79.683,42.2984],[-79.762,42.2699]]]},"properties":{"district_code":"NY-23","state_code":"NY","state_name":"New York","district_number":"23","label":"New York — District 23"}},{"type":"Feature","geometry":{"type":"Polygon","coordinates":[[[-78.4655,43.3712],[-78.4664,43.3028],[-78.2969,43.3062],[-78.2984,43.2518],[-78.1155,43.2535],[-78.1156,43.2164],[-78.0262,43.2172],[-78.0272,43.1321],[-77.9059,43.1336],[-77.951,43.0395],[-77.9041,43.0371],[-77.9098,42.9878],[-77.731,42.9884],[-77.7309,42.9484],[-77.635,42.9445],[-77.4825,42.9432],[-77.4854,43.0346],[-77.3715,43.0347],[-77.376,43.2762],[-77.391,43.2764],[-77.5301,43.236],[-77.5772,43.2433],[-77.6538,43.2795],[-77.7602,43.3412],[-77.7974,43.3399],[-77.9227,43.357],[-77.9652,43.3681],[-77.9998,43.3651],[-78.1045,43.3756],[-78.1787,43.3707],[-78.3371,43.3726],[-78.3702,43.3765],[-78.4655,43.3712]]]},"properties":{"district_code":"NY-25","state_code":"NY","state_name":"New York","district_number":"25","label":"New York — District 25"}},{"type":"Feature","geometry":{"type":"Polygon","coordinates":[[[-73.8792,40.5747],[-73.9399,40.554],[-73.938,40.5437],[-73.8345,40.5774],[-73.751,40.589],[-73.7455,40.6118],[-73.7674,40.6266],[-73.7248,40.654],[-73.7303,40.7222],[-73.7567,40.7262],[-73.7776,40.7302],[-73.8567,40.7077],[-73.8573,40.6703],[-73.833,40.6283],[-73.8499,40.5887],[-73.8792,40.5747]]]},"properties":{"district_code":"NY-05","state_code":"NY","state_name":"New York","district_number":"05","label":"New York — District 5"}},{"type":"Feature","geometry":{"type":"Polygon","coordinates":[[[-73.9984,40.5818],[-73.9909,40.5706],[-73.9158,40.582],[-73.8792,40.5747],[-73.8499,40.5887],[-73.833,40.6283],[-73.8573,40.6703],[-73.9,40.6769],[-73.9419,40.7007],[-73.9613,40.6805],[-73.9248,40.6772],[-73.9058,40.6483],[-73.9452,40.6024],[-73.9765,40.5966],[-73.9984,40.5818]]]},"properties":{"district_code":"NY-08","state_code":"NY","state_name":"New York","district_number":"08","label":"New York — District 8"}},{"type":"Feature","geometry":{"type":"Polygon","coordinates":[[[-74.037,40.6383],[-73.9972,40.6253],[-73.9619,40.6549],[-73.962,40.6789],[-73.9873,40.6922],[-73.9626,40.7227],[-74.0173,40.7442],[-74.0232,40.7199],[-74.0076,40.6625],[-74.037,40.6383]]]},"properties":{"district_code":"NY-10","state_code":"NY","state_name":"New York","district_number":"10","label":"New York — District 10"}},{"type":"Feature","geometry":{"type":"Polygon","coordinates":[[[-73.894,40.9972],[-73.9183,40.9177],[-73.8586,40.9001],[-73.8368,40.8833],[-73.793,40.8834],[-73.7568,40.9126],[-73.6831,40.9496],[-73.659,40.9889],[-73.6552,41.0119],[-73.7062,41.0742],[-73.7526,41.0788],[-73.7827,41.07],[-73.851,41.0855],[-73.8947,41.07],[-73.894,40.9972]]]},"properties":{"district_code":"NY-16","state_code":"NY","state_name":"New York","district_number":"16","label":"New York — District 16"}},{"type":"Feature","geometry":{"type":"Polygon","coordinates":[[[-76.6967,42.5468],[-76.6857,42.3751],[-76.6914,42.2843],[-76.5383,42.2818],[-76.5365,42.1554],[-76.5567,42.139],[-76.5415,42.0517],[-76.5577,42.0001],[-76.3437,41.9983],[-75.7422,41.9979],[-75.4831,41.9993],[-75.3596,41.9994],[-75.3104,41.949],[-75.2791,41.9389],[-75.2638,41.8708],[-75.2237,41.8575],[-75.1978,41.8688],[-75.1615,41.8498],[-75.1144,41.8436],[-75.0858,41.8116],[-75.1046,41.7742],[-75.0534,41.7525],[-75.0527,41.6884],[-75.0442,41.618],[-75.0746,41.6057],[-75.0185,41.5518],[-75.0248,41.5398],[-74.9844,41.5066],[-74.9817,41.4799],[-74.9326,41.4823],[-74.9092,41.4724],[-74.8887,41.4383],[-74.7547,41.425],[-74.7625,41.4495],[-74.7524,41.4937],[-74.484,41.5043],[-74.43,41.558],[-74.3701,41.5886],[-74.3951,41.6449],[-74.3555,41.6835],[-74.3921,41.71],[-74.3813,41.7561],[-74.4576,41.8393],[-74.4142,41.8599],[-74.3554,41.9131],[-74.2588,41.8612],[-74.1921,41.9255],[-74.1775,41.9558],[-74.0841,41.9037],[-74.0123,41.9021],[-74.0446,41.9394],[-73.9866,41.9421],[-73.9537,41.9527],[-73.9333,42.0185],[-73.9323,42.0616],[-73.9078,42.0796],[-73.7109,42.0055],[-73.5271,41.978],[-73.5214,42.05],[-73.4969,42.0497],[-73.5081,42.0863],[-73.3525,42.51],[-73.6081,42.482],[-73.7837,42.4642],[-73.9307,42.4452],[-74.2543,42.4082],[-74.247,42.3792],[-74.2766,42.3633],[-74.3461,42.3557],[-74.3791,42.3739],[-74.4435,42.355],[-74.6189,42.4244],[-74.7116,42.5178],[-74.7778,42.5063],[-74.8441,42.5126],[-74.9579,42.4628],[-74.9687,42.4684],[-74.8869,42.5984],[-74.9303,42.5895],[-74.9493,42.6035],[-74.9716,42.6978],[-75.0821,42.6897],[-75.0796,42.6748],[-75.2151,42.6641],[-75.2398,42.6417],[-75.3041,42.64],[-75.3311,42.6611],[-75.2965,42.7187],[-75.2959,42.7441],[-75.428,42.7381],[-75.4287,42.7454],[-75.8898,42.7238],[-75.8961,42.791],[-76.0802,42.78],[-76.2747,42.7713],[-76.2656,42.6236],[-76.4584,42.6186],[-76.4589,42.6274],[-76.6143,42.6221],[-76.6665,42.6235],[-76.6182,42.5667],[-76.586,42.5499],[-76.6967,42.5468]]]},"properties":{"district_code":"NY-19","state_code":"NY","state_name":"New York","district_number":"19","label":"New York — District 19"}},{"type":"Feature","geometry":{"type":"Polygon","coordinates":[[[-73.7837,42.4642],[-73.7846,42.4899],[-73.7583,42.5342],[-73.7524,42.5767],[-73.7613,42.6008],[-73.7239,42.6492],[-73.686,42.6665],[-73.6532,42.6672],[-73.6647,42.7547],[-73.6545,42.7906],[-73.6845,42.8928],[-73.6789,42.9122],[-73.6323,42.9444],[-73.5909,43.0232],[-73.5733,43.1005],[-73.5908,43.1395],[-73.5793,43.2089],[-73.5971,43.2444],[-73.5947,43.3059],[-73.6428,43.3042],[-73.7398,43.2656],[-73.744,43.2427],[-73.7758,43.228],[-73.7929,43.2462],[-73.8358,43.2538],[-73.8258,43.3053],[-73.859,43.3303],[-73.884,43.398],[-74.1601,43.3715],[-74.136,43.2288],[-74.0839,42.8974],[-74.2568,42.8122],[-74.2481,42.7846],[-74.2585,42.7574],[-74.3052,42.7472],[-74.2723,42.7143],[-74.2027,42.7108],[-74.1647,42.7172],[-74.1697,42.6674],[-74.1935,42.619],[-74.234,42.5757],[-74.2416,42.5508],[-74.2256,42.5264],[-74.2285,42.4944],[-74.2647,42.4201],[-74.2543,42.4082],[-73.9307,42.4452],[-73.7837,42.4642]]]},"properties":{"district_code":"NY-20","state_code":"NY","state_name":"New York","district_number":"20","label":"New York — District 20"}},{"type":"Feature","geometry":{"type":"Polygon","coordinates":[[[-82.5935,38.4218],[-82.598,38.3449],[-82.5765,38.3281],[-82.5747,38.2639],[-82.6125,38.2346],[-82.5984,38.2174],[-82.6113,38.1715],[-82.6391,38.1711],[-82.6373,38.1391],[-82.5857,38.107],[-82.584,38.0907],[-82.5513,38.0708],[-82.5144,37.9992],[-82.4655,37.9847],[-82.4716,37.9591],[-82.5022,37.9331],[-82.4226,37.8867],[-82.4224,37.8639],[-82.3984,37.8216],[-82.3405,37.7861],[-82.334,37.7432],[-82.2961,37.6862],[-82.272,37.6638],[-82.2261,37.6531],[-82.2134,37.6252],[-82.1817,37.6271],[-82.1567,37.5928],[-82.1323,37.5933],[-82.1048,37.5602],[-82.0732,37.555],[-82.0644,37.5369],[-81.968,37.538],[-81.943,37.5086],[-81.9966,37.4767],[-81.9923,37.4609],[-81.9494,37.4457],[-81.9325,37.4152],[-81.9359,37.3786],[-81.9167,37.3493],[-81.8545,37.3066],[-81.8536,37.2877],[-81.8033,37.2859],[-81.7618,37.2757],[-81.7385,37.2383],[-81.6782,37.2015],[-81.5606,37.2067],[-81.4372,37.2741],[-81.4167,37.2732],[-81.3985,37.3106],[-81.3622,37.3377],[-81.3201,37.2993],[-81.2251,37.2349],[-81.167,37.2629],[-81.1126,37.2785],[-80.9796,37.3023],[-80.9479,37.2959],[-80.9005,37.315],[-80.8495,37.3469],[-80.8832,37.3839],[-80.857,37.4271],[-80.8364,37.4244],[-80.7842,37.3946],[-80.7701,37.3724],[-80.7052,37.3946],[-80.552,37.4736],[-80.5114,37.4817],[-80.4756,37.4229],[-80.4257,37.4499],[-80.2998,37.5083],[-80.3285,37.5643],[-80.2589,37.5955],[-80.221,37.6278],[-80.2675,37.6461],[-80.2961,37.6918],[-80.252,37.7298],[-80.2628,37.7383],[-80.2305,37.7783],[-80.2186,37.8098],[-80.1864,37.8377],[-80.1622,37.8751],[-80.1419,37.8826],[-80.0745,37.9422],[-80.0025,37.9928],[-79.9598,38.0637],[-79.9263,38.1072],[-79.9448,38.1316],[-79.8984,38.193],[-79.8464,38.24],[-79.7875,38.2733],[-79.8101,38.305],[-79.7441,38.354],[-79.7066,38.4157],[-79.6897,38.4314],[-79.699,38.4751],[-79.6804,38.5106],[-79.6629,38.5704],[-79.6491,38.5915],[-79.5369,38.5509],[-79.4766,38.4572],[-79.3123,38.4119],[-79.2797,38.4242],[-79.2106,38.4929],[-79.2059,38.5245],[-79.1635,38.5831],[-79.1311,38.6532],[-79.093,38.6595],[-79.0928,38.7023],[-79.0573,38.7614],[-79.3499,38.9575],[-79.368,38.9248],[-79.4555,38.9299],[-79.4462,38.8993],[-79.4826,38.8864],[-79.5391,38.8414],[-79.5079,38.8009],[-79.5101,38.7807],[-79.5609,38.7173],[-79.5977,38.6876],[-79.5967,38.6628],[-79.6579,38.6893],[-79.6978,38.6661],[-79.7357,38.7121],[-79.7765,38.7398],[-79.8298,38.6379],[-79.8636,38.5507],[-80.0292,38.4592],[-80.1169,38.474],[-80.2455,38.3885],[-80.1839,38.5254],[-80.2801,38.6949],[-80.3051,38.6846],[-80.3531,38.7306],[-80.4452,38.7268],[-80.4564,38.7751],[-80.4855,38.8003],[-80.4738,38.8332],[-80.524,38.8628],[-80.5836,38.8589],[-80.597,38.896],[-80.7167,39.0083],[-80.7283,39.0957],[-80.8108,39.0995],[-80.919,39.0435],[-80.9657,39.0353],[-80.9983,39.0113],[-81.075,39.01],[-81.1296,39.0452],[-81.1738,39.0339],[-81.2077,39.0447],[-81.25,39.0348],[-81.261,39.1031],[-81.324,39.1426],[-81.3168,39.1676],[-81.4249,39.1357],[-81.5535,39.0493],[-81.5814,39.0262],[-81.7473,39.0954],[-81.7756,39.0784],[-81.8079,39.084],[-81.8117,39.0596],[-81.7643,39.0153],[-81.7818,38.9649],[-81.7561,38.9335],[-81.7856,38.9262],[-81.8142,38.9462],[-81.8445,38.9287],[-81.8487,38.9014],[-81.8892,38.8743],[-81.9267,38.9013],[-81.9006,38.9377],[-81.9332,38.9877],[-81.9775,38.9927],[-81.995,39.0225],[-82.0377,39.0239],[-82.0516,38.9944],[-82.0891,38.976],[-82.1117,38.9326],[-82.1432,38.8981],[-82.1449,38.8405],[-82.2173,38.7957],[-82.1825,38.7088],[-82.1909,38.6804],[-82.1721,38.626],[-82.1888,38.595],[-82.2743,38.5937],[-82.2913,38.579],[-82.3042,38.4963],[-82.324,38.4493],[-82.3897,38.4344],[-82.4049,38.4393],[-82.5296,38.4052],[-82.5716,38.4051],[-82.5935,38.4218]]]},"properties":{"district_code":"WV-01","state_code":"WV","state_name":"West Virginia","district_number":"01","label":"West Virginia — District 1"}},{"type":"Feature","geometry":{"type":"Polygon","coordinates":[[[-72.8643,42.7378],[-72.851,42.6471],[-72.8215,42.6369],[-72.7726,42.6583],[-72.7661,42.6293],[-72.8318,42.6166],[-72.8485,42.5591],[-72.877,42.5554],[-72.8711,42.484],[-72.8556,42.4809],[-72.8479,42.4365],[-72.9046,42.4304],[-72.8856,42.34],[-72.8211,42.3386],[-72.8144,42.2568],[-72.7358,42.2665],[-72.7367,42.2842],[-72.6721,42.2919],[-72.6341,42.2852],[-72.588,42.3004],[-72.4642,42.3081],[-72.4723,42.3515],[-72.4094,42.3588],[-72.4055,42.3364],[-72.3149,42.3426],[-72.2842,42.352],[-72.2746,42.302],[-72.1852,42.3104],[-72.1583,42.3432],[-72.1237,42.3639],[-72.0412,42.3087],[-71.9673,42.3107],[-71.9394,42.1892],[-71.8951,42.1924],[-71.8581,42.1607],[-71.8249,42.1553],[-71.8113,42.0989],[-71.8815,42.0759],[-71.8823,42.0588],[-71.8457,42.024],[-71.7992,42.0081],[-71.6067,42.0134],[-71.5911,42.0138],[-71.5927,42.1216],[-71.5734,42.1358],[-71.562,42.1786],[-71.5069,42.1889],[-71.478,42.1659],[-71.4785,42.1314],[-71.4023,42.1395],[-71.4023,42.1788],[-71.3802,42.2018],[-71.41,42.2187],[-71.4193,42.2573],[-71.497,42.2898],[-71.4868,42.3302],[-71.5511,42.3264],[-71.5852,42.311],[-71.6339,42.3584],[-71.6778,42.3652],[-71.6706,42.3867],[-71.7184,42.4102],[-71.7187,42.4734],[-71.7112,42.5354],[-71.7451,42.5739],[-71.786,42.551],[-71.8371,42.5486],[-71.842,42.5147],[-71.8749,42.5095],[-71.9145,42.5233],[-71.9498,42.5119],[-72.027,42.5632],[-72.036,42.5939],[-72.0757,42.6252],[-72.1166,42.6266],[-72.1111,42.7172],[-72.4585,42.7269],[-72.8643,42.7378]]]},"properties":{"district_code":"MA-02","state_code":"MA","state_name":"Massachusetts","district_number":"02","label":"Massachusetts — District 2"}},{"type":"Feature","geometry":{"type":"Polygon","coordinates":[[[-71.4193,42.2573],[-71.41,42.2187],[-71.3802,42.2018],[-71.4023,42.1788],[-71.4023,42.1395],[-71.4785,42.1314],[-71.478,42.1659],[-71.5069,42.1889],[-71.562,42.1786],[-71.5734,42.1358],[-71.5927,42.1216],[-71.5911,42.0138],[-71.3814,42.0188],[-71.3817,41.8932],[-71.3387,41.8984],[-71.334,41.8623],[-71.3472,41.8231],[-71.3279,41.7805],[-71.2614,41.7523],[-71.2248,41.7105],[-71.1956,41.6751],[-71.1329,41.6601],[-71.1385,41.6034],[-71.1144,41.6928],[-71.0666,41.6856],[-70.9072,41.7635],[-70.894,41.8289],[-70.9187,41.8521],[-70.9192,41.879],[-71.0729,41.949],[-71.0703,41.9878],[-71.1565,42.001],[-71.1687,42.0612],[-71.1386,42.0728],[-71.1313,42.1007],[-71.1492,42.1386],[-71.1758,42.1556],[-71.226,42.1354],[-71.2388,42.1064],[-71.2717,42.0984],[-71.2959,42.1166],[-71.275,42.1486],[-71.2696,42.2005],[-71.2514,42.2026],[-71.2292,42.2641],[-71.1967,42.2692],[-71.1647,42.3038],[-71.1195,42.3227],[-71.157,42.3304],[-71.1676,42.3601],[-71.2171,42.3666],[-71.2604,42.3536],[-71.274,42.3138],[-71.3325,42.2491],[-71.3904,42.2719],[-71.4193,42.2573]]]},"properties":{"district_code":"MA-04","state_code":"MA","state_name":"Massachusetts","district_number":"04","label":"Massachusetts — District 4"}},{"type":"Feature","geometry":{"type":"Polygon","coordinates":[[[-86.2347,44.5183],[-86.2489,44.483],[-86.2481,44.4209],[-86.2687,44.3453],[-86.3003,44.3082],[-86.3575,44.2172],[-86.4137,44.1385],[-86.4469,44.106],[-86.5005,44.0756],[-86.5147,44.0581],[-86.5017,44.0219],[-86.4631,43.971],[-86.4339,43.8556],[-86.4336,43.8018],[-86.4616,43.7467],[-86.5292,43.6779],[-86.5385,43.6175],[-86.5202,43.5767],[-86.4651,43.4846],[-86.427,43.3749],[-86.3615,43.2643],[-86.3426,43.2477],[-86.2687,43.2522],[-86.2184,43.2722],[-86.2042,43.2524],[-86.1643,43.2342],[-86.1449,43.2052],[-85.9084,43.2059],[-85.9074,43.1189],[-85.6702,43.1166],[-85.4312,43.118],[-85.4316,42.9384],[-85.429,42.8563],[-85.5458,42.8545],[-85.5456,42.7681],[-85.5432,42.4214],[-85.2989,42.4198],[-85.0716,42.4214],[-85.0738,42.5092],[-85.0149,42.5094],[-85.0143,42.5818],[-84.9751,42.5819],[-84.9558,42.5972],[-84.9558,42.7705],[-84.8371,42.7705],[-84.8369,43.1189],[-84.3678,43.1179],[-84.3679,43.1285],[-84.3699,43.466],[-84.4887,43.4662],[-84.487,43.7272],[-84.368,43.7265],[-84.3665,43.8284],[-84.1673,43.8259],[-84.1664,43.9969],[-84.1661,44.1618],[-84.6081,44.1605],[-84.9522,44.1621],[-85.3348,44.1651],[-85.3384,44.4254],[-85.7589,44.4242],[-85.7572,44.513],[-85.9793,44.5135],[-86.2347,44.5183]]]},"properties":{"district_code":"MI-02","state_code":"MI","state_name":"Michigan","district_number":"02","label":"Michigan — District 2"}},{"type":"Feature","geometry":{"type":"Polygon","coordinates":[[[-83.4274,42.2875],[-83.4232,42.1794],[-83.1544,42.1854],[-83.1315,42.2028],[-83.1264,42.2384],[-83.0996,42.2871],[-83.0636,42.3169],[-82.9598,42.34],[-82.8886,42.398],[-82.8702,42.451],[-83.0834,42.4472],[-83.1509,42.446],[-83.1641,42.3587],[-83.1404,42.2991],[-83.1697,42.2896],[-83.1996,42.301],[-83.2291,42.2826],[-83.2852,42.2814],[-83.309,42.2682],[-83.3481,42.2675],[-83.3489,42.2892],[-83.4274,42.2875]]]},"properties":{"district_code":"MI-13","state_code":"MI","state_name":"Michigan","district_number":"13","label":"Michigan — District 13"}},{"type":"Feature","geometry":{"type":"Polygon","coordinates":[[[-86.8248,41.7602],[-86.6997,41.7598],[-86.5193,41.7594],[-86.1278,41.7606],[-85.6598,41.7591],[-85.3081,41.7601],[-84.9728,41.7594],[-84.8059,41.7602],[-84.806,41.6961],[-84.3605,41.7066],[-83.8595,41.7213],[-83.4554,41.7328],[-83.4404,41.759],[-83.4396,41.8132],[-83.4096,41.8303],[-83.3837,41.8696],[-83.3428,41.8794],[-83.3197,41.9335],[-83.2628,41.9395],[-83.2503,41.9738],[-83.2097,41.9961],[-83.2128,42.042],[-83.2953,42.0942],[-83.4206,42.0878],[-83.6466,42.0839],[-83.662,42.07],[-83.7119,42.0836],[-84.0083,42.078],[-84.132,42.0716],[-84.1341,42.1693],[-84.1308,42.25],[-84.1311,42.4246],[-84.3648,42.4221],[-84.7185,42.4215],[-85.0649,42.4215],[-85.0612,42.2467],[-85.297,42.2461],[-85.2954,42.1583],[-85.7646,42.1573],[-85.7629,42.0693],[-85.9354,42.0696],[-86.4365,42.0726],[-86.437,42.0546],[-86.5142,42.0507],[-86.5306,42.0394],[-86.5531,42.0062],[-86.5822,41.9422],[-86.6218,41.8919],[-86.6844,41.8402],[-86.8248,41.7602]]]},"properties":{"district_code":"MI-05","state_code":"MI","state_name":"Michigan","district_number":"05","label":"Michigan — District 5"}},{"type":"Feature","geometry":{"type":"Polygon","coordinates":[[[-84.1664,43.9969],[-84.1673,43.8259],[-84.3665,43.8284],[-84.368,43.7265],[-84.487,43.7272],[-84.4887,43.4662],[-84.3699,43.466],[-84.3679,43.1285],[-84.1684,43.1286],[-83.9291,43.1328],[-83.9288,42.9565],[-83.9243,42.8167],[-83.8947,42.8033],[-83.894,42.7815],[-83.6865,42.7833],[-83.6894,42.8713],[-83.4533,42.8763],[-83.4591,43.05],[-83.4607,43.2231],[-83.6111,43.2224],[-83.6223,43.2662],[-83.6958,43.2656],[-83.6984,43.3264],[-83.6995,43.5886],[-83.735,43.6173],[-83.8561,43.6466],[-83.9129,43.6776],[-83.9393,43.7154],[-83.9565,43.7608],[-83.9287,43.7771],[-83.924,43.8587],[-83.9091,43.9105],[-84.0448,43.9111],[-84.0454,43.997],[-84.1664,43.9969]]]},"properties":{"district_code":"MI-08","state_code":"MI","state_name":"Michigan","district_number":"08","label":"Michigan — District 8"}},{"type":"Feature","geometry":{"type":"Polygon","coordinates":[[[-83.6995,43.5886],[-83.6984,43.3264],[-83.6958,43.2656],[-83.6223,43.2662],[-83.6111,43.2224],[-83.4607,43.2231],[-83.4591,43.05],[-83.4533,42.8763],[-83.6894,42.8713],[-83.6865,42.7833],[-83.6771,42.6063],[-83.644,42.6078],[-83.6003,42.5845],[-83.5603,42.5815],[-83.5656,42.6914],[-83.5496,42.6996],[-83.214,42.7095],[-82.9769,42.7159],[-82.9745,42.6565],[-82.9371,42.6574],[-82.9159,42.629],[-82.8181,42.631],[-82.8056,42.6488],[-82.7603,42.6566],[-82.701,42.6895],[-82.6353,42.6756],[-82.6837,42.623],[-82.6581,42.5908],[-82.6613,42.5686],[-82.6057,42.5482],[-82.5254,42.6057],[-82.5109,42.6645],[-82.4678,42.7614],[-82.4826,42.8086],[-82.4682,42.8591],[-82.4699,42.8875],[-82.4556,42.9267],[-82.4135,42.9769],[-82.4265,43.0172],[-82.486,43.1025],[-82.5089,43.1967],[-82.5231,43.2254],[-82.5387,43.4321],[-82.5855,43.5434],[-82.6011,43.6045],[-82.615,43.7793],[-82.6554,43.8678],[-82.6782,43.8806],[-82.6828,43.9072],[-82.737,43.9859],[-82.8139,44.0324],[-82.8759,44.045],[-82.93,44.0682],[-82.9693,44.0651],[-82.9907,44.0488],[-83.0277,44.0462],[-83.0438,44.019],[-83.0793,44.0011],[-83.1124,44.0047],[-83.1513,43.9878],[-83.2625,43.9753],[-83.2789,43.9412],[-83.3294,43.9032],[-83.3251,43.884],[-83.355,43.8582],[-83.385,43.853],[-83.3957,43.8193],[-83.4317,43.7844],[-83.4446,43.7561],[-83.4971,43.6975],[-83.5242,43.7172],[-83.6249,43.6236],[-83.6678,43.5903],[-83.6995,43.5886]]]},"properties":{"district_code":"MI-09","state_code":"MI","state_name":"Michigan","district_number":"09","label":"Michigan — District 9"}},{"type":"Feature","geometry":{"type":"Polygon","coordinates":[[[-73.1042,41.4894],[-73.0774,41.4652],[-73.0927,41.4135],[-73.1476,41.3677],[-73.1247,41.3453],[-73.1541,41.3133],[-73.1587,41.2793],[-73.1407,41.238],[-73.1628,41.2202],[-73.1542,41.183],[-73.1648,41.1569],[-73.1303,41.1468],[-73.0496,41.2108],[-73.0145,41.2047],[-72.9621,41.2519],[-72.931,41.2627],[-72.8815,41.2431],[-72.7621,41.2677],[-72.737,41.2573],[-72.6545,41.2658],[-72.6317,41.3094],[-72.675,41.3486],[-72.6787,41.4338],[-72.609,41.4431],[-72.637,41.4638],[-72.6337,41.5002],[-72.5549,41.5111],[-72.5608,41.554],[-72.6099,41.5628],[-72.6559,41.5606],[-72.7489,41.5443],[-72.7448,41.4982],[-72.8463,41.5028],[-72.8867,41.448],[-72.9524,41.4646],[-72.9351,41.5076],[-72.9776,41.5338],[-73.0021,41.5248],[-73.0264,41.5463],[-73.0938,41.5139],[-73.1042,41.4894]]]},"properties":{"district_code":"CT-03","state_code":"CT","state_name":"Connecticut","district_number":"03","label":"Connecticut — District 3"}},{"type":"Feature","geometry":{"type":"Polygon","coordinates":[[[-71.0103,44.2849],[-71.0444,44.2838],[-71.0423,44.2375],[-71.0984,44.2355],[-71.0977,44.1241],[-71.1468,44.1263],[-71.2068,44.1396],[-71.3024,44.1374],[-71.3118,44.0918],[-71.3436,44.0921],[-71.3565,44.1658],[-71.3842,44.1788],[-71.3949,44.2147],[-71.4265,44.2109],[-71.4132,44.1675],[-71.3871,44.1552],[-71.3816,44.0979],[-71.3664,44.0685],[-71.3836,44.0226],[-71.1555,44.0246],[-71.1401,43.9629],[-71.1688,43.9621],[-71.2125,43.9244],[-71.3601,43.9084],[-71.3288,43.7827],[-71.5323,43.7648],[-71.4399,43.6956],[-71.479,43.6986],[-71.7063,43.5376],[-71.6773,43.5005],[-71.638,43.4918],[-71.62,43.4439],[-71.6011,43.435],[-71.5494,43.4524],[-71.236,43.285],[-71.2473,43.2752],[-71.1279,43.2001],[-71.1772,43.144],[-71.1595,43.1356],[-71.213,43.077],[-71.4663,43.1223],[-71.5111,43.0697],[-71.6413,43.0542],[-71.6104,42.9397],[-71.582,42.9433],[-71.5775,42.8954],[-71.5562,42.7923],[-71.5434,42.8058],[-71.4696,42.7939],[-71.4848,42.8662],[-71.4423,42.8904],[-71.4271,42.8248],[-71.3872,42.8236],[-71.3495,42.8392],[-71.1365,42.8605],[-71.1158,42.8177],[-71.0642,42.8063],[-71.0536,42.8331],[-71.0312,42.8591],[-70.9665,42.869],[-70.9308,42.8846],[-70.8861,42.8826],[-70.8486,42.8609],[-70.8173,42.8723],[-70.8107,42.9069],[-70.7038,43.0598],[-70.7381,43.0738],[-70.8268,43.1271],[-70.8179,43.2379],[-70.8817,43.2725],[-70.9164,43.3203],[-70.9672,43.3438],[-70.9843,43.3761],[-70.9868,43.4143],[-70.9611,43.4383],[-70.9696,43.4862],[-70.9508,43.551],[-70.9727,43.5703],[-70.989,43.7922],[-70.9928,43.9163],[-71.0103,44.2849]]]},"properties":{"district_code":"NH-01","state_code":"NH","state_name":"New Hampshire","district_number":"01","label":"New Hampshire — District 1"}},{"type":"Feature","geometry":{"type":"Polygon","coordinates":[[[-80.2369,26.3837],[-80.2512,26.3417],[-80.2969,26.3554],[-80.2975,26.2295],[-80.1925,26.2306],[-80.1518,26.2603],[-80.1374,26.2605],[-80.117,26.3278],[-80.0992,26.3276],[-80.1272,26.2267],[-80.1492,26.1983],[-80.1602,26.164],[-80.1447,26.1482],[-80.1486,26.1222],[-80.1685,26.1068],[-80.161,26.0962],[-80.1068,26.0933],[-80.0873,26.2413],[-80.0802,26.2587],[-80.0617,26.4321],[-80.0994,26.4246],[-80.1025,26.4097],[-80.1713,26.4093],[-80.2036,26.3827],[-80.2369,26.3837]]]},"properties":{"district_code":"FL-23","state_code":"FL","state_name":"Florida","district_number":"23","label":"Florida — District 23"}},{"type":"Feature","geometry":{"type":"Polygon","coordinates":[[[-86.9301,41.2368],[-86.9308,40.9124],[-86.4682,40.9099],[-86.468,40.8226],[-86.3646,40.8229],[-86.3546,40.8155],[-86.3541,40.7611],[-86.3287,40.767],[-86.2789,40.7548],[-86.2785,40.6639],[-86.3354,40.6491],[-86.3368,40.5832],[-86.3467,40.5613],[-85.8636,40.5655],[-85.8648,40.6517],[-85.6386,40.6531],[-85.6438,41.0023],[-85.6832,41.0019],[-85.6866,41.1784],[-85.7652,41.1775],[-85.7687,41.4357],[-85.6535,41.4369],[-85.6598,41.7591],[-86.1278,41.7606],[-86.5193,41.7594],[-86.6997,41.7598],[-86.7008,41.5469],[-86.7263,41.5175],[-86.9298,41.519],[-86.9301,41.2368]]]},"properties":{"district_code":"IN-02","state_code":"IN","state_name":"Indiana","district_number":"02","label":"Indiana — District 2"}},{"type":"Feature","geometry":{"type":"Polygon","coordinates":[[[-96.329,41.3931],[-96.3289,41.4366],[-96.3673,41.4367],[-96.4252,41.4803],[-96.4439,41.5239],[-96.4442,41.7418],[-96.5552,41.742],[-96.5555,42.09],[-97.1759,42.0907],[-97.8343,42.089],[-97.8322,41.7422],[-97.8298,41.5262],[-97.7036,41.5268],[-97.7038,41.3949],[-97.5985,41.3951],[-97.5982,41.328],[-97.5796,41.3341],[-97.5798,41.2354],[-97.5605,41.2354],[-97.5605,41.1629],[-97.3681,41.163],[-97.3684,40.6986],[-96.9135,40.6979],[-96.9126,40.5236],[-96.4636,40.523],[-96.4638,40.784],[-96.3316,40.7835],[-95.8342,40.7838],[-95.8372,40.8353],[-95.8478,40.8643],[-95.8121,40.8842],[-95.8403,40.9399],[-95.8283,40.9724],[-95.8635,40.9973],[-95.8618,41.0394],[-95.8795,41.0533],[-95.8626,41.0884],[-95.8821,41.144],[-95.8648,41.1883],[-95.9233,41.1912],[-96.1583,41.1865],[-96.158,41.1325],[-96.0141,41.1327],[-96.0045,41.129],[-96.0052,41.0606],[-96.0563,41.0654],[-96.1099,41.0484],[-96.1447,41.0176],[-96.2076,40.9956],[-96.2508,41.0188],[-96.2844,41.0217],[-96.3192,41.045],[-96.3491,41.0445],[-96.3495,41.0153],[-96.4639,41.0161],[-96.4639,41.0451],[-96.9085,41.0461],[-96.909,41.2679],[-96.9059,41.4534],[-96.8191,41.4402],[-96.7465,41.4496],[-96.7102,41.4307],[-96.6727,41.4261],[-96.634,41.4344],[-96.5694,41.4333],[-96.4882,41.3933],[-96.329,41.3931]]]},"properties":{"district_code":"NE-01","state_code":"NE","state_name":"Nebraska","district_number":"01","label":"Nebraska — District 1"}},{"type":"Feature","geometry":{"type":"Polygon","coordinates":[[[-76.9662,39.9352],[-76.9838,39.9021],[-76.9551,39.857],[-77.0003,39.8312],[-76.9993,39.7198],[-76.6977,39.7211],[-76.1356,39.7216],[-76.0667,39.76],[-76.0228,39.8308],[-76.0199,39.8535],[-75.9868,39.8922],[-75.9946,39.9524],[-75.9359,40.0375],[-75.943,40.1093],[-75.8752,40.1381],[-76.0918,40.2777],[-76.1515,40.3157],[-76.3077,40.255],[-76.4354,40.2382],[-76.5663,40.1966],[-76.5712,40.1944],[-76.5791,40.1949],[-76.5827,40.191],[-76.6065,40.19],[-76.6441,40.1649],[-76.6956,40.1541],[-76.7216,40.1201],[-76.6638,40.0632],[-76.6661,40.0311],[-76.6161,39.9734],[-76.6603,39.9609],[-76.7476,39.9155],[-76.7794,39.9155],[-76.8363,39.8821],[-76.8611,39.8955],[-76.8905,39.8806],[-76.934,39.8788],[-76.9016,39.9164],[-76.9033,39.9543],[-76.9327,39.967],[-76.9662,39.9352]]]},"properties":{"district_code":"PA-11","state_code":"PA","state_name":"Pennsylvania","district_number":"11","label":"Pennsylvania — District 11"}},{"type":"Feature","geometry":{"type":"Polygon","coordinates":[[[-73.9626,40.7227],[-73.9873,40.6922],[-73.962,40.6789],[-73.9613,40.6805],[-73.9419,40.7007],[-73.9,40.6769],[-73.8573,40.6703],[-73.8567,40.7077],[-73.9054,40.7129],[-73.9065,40.7571],[-73.9405,40.7675],[-73.9626,40.7227]]]},"properties":{"district_code":"NY-07","state_code":"NY","state_name":"New York","district_number":"07","label":"New York — District 7"}},{"type":"Feature","geometry":{"type":"Polygon","coordinates":[[[144.6181,13.4478],[144.6631,13.399],[144.6388,13.3388],[144.6503,13.3222],[144.6646,13.2677],[144.7062,13.2463],[144.7325,13.2528],[144.7721,13.3025],[144.7702,13.3664],[144.7839,13.4216],[144.8051,13.4264],[144.8506,13.4633],[144.8918,13.5063],[144.9267,13.522],[144.9561,13.5994],[144.9055,13.607],[144.8682,13.6526],[144.8367,13.6241],[144.836,13.5912],[144.8021,13.5358],[144.8007,13.5089],[144.7752,13.5066],[144.7694,13.4811],[144.7247,13.4781],[144.6909,13.4638],[144.6383,13.4648],[144.6181,13.4478]]]},"properties":{"district_code":"GU-AL","state_code":"GU","state_name":"Guam","district_number":"AL","label":"Guam — At-large"}},{"type":"Feature","geometry":{"type":"Polygon","coordinates":[[[-80.0273,36.5425],[-80.0378,36.1764],[-80.1229,36.178],[-80.1372,36.165],[-80.2161,36.1912],[-80.2603,36.1862],[-80.2421,36.1346],[-80.2099,36.1142],[-80.1704,36.0667],[-80.1462,36.0737],[-80.1375,36.025],[-80.0432,36.0108],[-80.0469,35.9207],[-79.5417,35.8999],[-79.5392,36.0826],[-79.5319,36.2497],[-79.154,36.2419],[-79.1432,36.4471],[-79.201,36.4465],[-79.1659,36.4869],[-79.1874,36.5416],[-79.5106,36.5407],[-79.7148,36.542],[-80.0273,36.5425]]]},"properties":{"district_code":"NC-06","state_code":"NC","state_name":"North Carolina","district_number":"06","label":"North Carolina — District 6"}},{"type":"Feature","geometry":{"type":"Polygon","coordinates":[[[-104.0579,44.9976],[-104.0558,44.6334],[-104.0546,44.1269],[-104.0555,43.8459],[-104.0546,43.3971],[-104.053,43.0006],[-103.6183,43.0007],[-103.133,43.0008],[-102.7921,43],[-102.4873,42.9996],[-101.85,42.9993],[-101.6254,42.9962],[-101.0004,42.9975],[-100.6317,42.9981],[-99.9184,42.9981],[-99.4714,42.998],[-98.8999,42.9981],[-98.4985,42.9986],[-98.4674,42.9476],[-98.3424,42.9008],[-98.3259,42.8865],[-98.2583,42.8744],[-98.2198,42.8532],[-98.129,42.8212],[-98.035,42.7642],[-97.9501,42.7696],[-97.8886,42.8173],[-97.8753,42.8587],[-97.8453,42.8677],[-97.7745,42.8498],[-97.6865,42.8424],[-97.6038,42.8583],[-97.5619,42.8476],[-97.5048,42.8585],[-97.4423,42.8462],[-97.4171,42.8659],[-97.3596,42.8548],[-97.3067,42.8676],[-97.2899,42.8555],[-97.2188,42.8458],[-97.2101,42.8093],[-97.1508,42.7956],[-97.1313,42.7719],[-97.0718,42.7723],[-96.9822,42.7606],[-96.9376,42.7196],[-96.9068,42.7338],[-96.8062,42.7042],[-96.8022,42.6722],[-96.7641,42.662],[-96.728,42.6669],[-96.6877,42.6531],[-96.711,42.6081],[-96.6857,42.5779],[-96.638,42.552],[-96.626,42.5136],[-96.6035,42.5045],[-96.5578,42.5204],[-96.5251,42.5102],[-96.5013,42.4827],[-96.4455,42.4906],[-96.4754,42.4896],[-96.477,42.5561],[-96.5163,42.6304],[-96.5379,42.6554],[-96.6265,42.7103],[-96.6351,42.7632],[-96.5925,42.8011],[-96.5824,42.8337],[-96.55,42.8407],[-96.5504,42.8632],[-96.5277,42.8906],[-96.5411,42.9245],[-96.5003,42.9594],[-96.5202,42.9776],[-96.4917,43.0097],[-96.511,43.0247],[-96.4552,43.0751],[-96.4393,43.1139],[-96.4665,43.1503],[-96.4649,43.182],[-96.4853,43.2242],[-96.5193,43.2177],[-96.5712,43.239],[-96.5807,43.289],[-96.541,43.2956],[-96.5256,43.3125],[-96.524,43.3948],[-96.5943,43.4342],[-96.5825,43.4671],[-96.5989,43.5005],[-96.4533,43.5004],[-96.4533,43.8495],[-96.4528,44.1969],[-96.4515,44.7031],[-96.4523,44.9627],[-96.4531,45.2981],[-96.4891,45.3571],[-96.6177,45.4081],[-96.6805,45.4105],[-96.7314,45.457],[-96.7653,45.5214],[-96.8578,45.606],[-96.8407,45.6453],[-96.7503,45.6988],[-96.6522,45.7468],[-96.6253,45.7879],[-96.5797,45.8258],[-96.5637,45.9352],[-97.145,45.9353],[-97.777,45.9354],[-98.4145,45.9365],[-99.0929,45.9402],[-99.4903,45.9404],[-99.7504,45.9409],[-100.1708,45.9425],[-100.6277,45.9436],[-100.9356,45.9438],[-101.4199,45.9438],[-101.7234,45.9442],[-102.177,45.9446],[-102.5509,45.945],[-102.9205,45.945],[-103.5587,45.9451],[-104.0454,45.9453],[-104.0426,45.75],[-104.0401,45.3742],[-104.0397,44.9981],[-104.0579,44.9976]]]},"properties":{"district_code":"SD-AL","state_code":"SD","state_name":"South Dakota","district_number":"AL","label":"South Dakota — At-large"}},{"type":"Feature","geometry":{"type":"Polygon","coordinates":[[[-121.6029,38.7358],[-121.6342,38.6898],[-121.5941,38.6441],[-121.5651,38.6423],[-121.5539,38.6036],[-121.479,38.5989],[-121.4663,38.5889],[-121.3828,38.5668],[-121.3863,38.5431],[-121.335,38.5439],[-121.2427,38.5256],[-121.2425,38.5058],[-121.1755,38.4927],[-121.1417,38.503],[-121.1019,38.4976],[-121.1014,38.5188],[-121.1363,38.5405],[-121.1305,38.5696],[-121.1873,38.5693],[-121.2043,38.6101],[-121.2443,38.6786],[-121.2428,38.7182],[-121.4844,38.7346],[-121.6029,38.7358]]]},"properties":{"district_code":"CA-06","state_code":"CA","state_name":"California","district_number":"06","label":"California — District 6"}},{"type":"Feature","geometry":{"type":"Polygon","coordinates":[[[-98.9539,33.3975],[-98.9509,32.9569],[-99.096,32.957],[-99.096,32.5148],[-99.3971,32.5151],[-99.4188,32.4793],[-99.4544,32.4574],[-99.4548,32.4072],[-99.6298,32.4366],[-99.6314,32.0813],[-99.5003,32.0799],[-99.2503,32.0801],[-98.9244,32.078],[-98.6684,31.7005],[-98.4928,31.7236],[-98.4637,31.684],[-98.1566,31.8417],[-98.2084,31.9175],[-97.8649,32.0873],[-97.6309,32.2074],[-97.5998,32.2042],[-97.5677,32.175],[-97.5666,32.1499],[-97.5218,32.1348],[-97.5121,32.1614],[-97.4761,32.1735],[-97.476,32.1817],[-97.2705,32.2268],[-97.2854,32.2506],[-97.2972,32.2976],[-97.2694,32.3138],[-97.2992,32.3592],[-97.2928,32.4529],[-97.2408,32.4734],[-97.2605,32.512],[-97.2328,32.5515],[-97.177,32.5506],[-97.174,32.5685],[-97.1424,32.6111],[-97.1164,32.6082],[-97.0751,32.6412],[-97.0978,32.6917],[-97.1147,32.7082],[-97.0974,32.7389],[-97.0349,32.7799],[-97.1049,32.7898],[-97.1486,32.7721],[-97.18,32.7306],[-97.2072,32.7277],[-97.2367,32.6976],[-97.2528,32.631],[-97.3199,32.6057],[-97.3208,32.6668],[-97.3526,32.6673],[-97.3606,32.6489],[-97.3503,32.6141],[-97.3646,32.5534],[-97.5506,32.5554],[-97.5482,32.7761],[-97.5979,32.7854],[-97.6742,32.7864],[-97.6682,32.7242],[-97.6504,32.6922],[-97.5925,32.7005],[-97.5881,32.6419],[-97.6151,32.6307],[-97.6864,32.6567],[-97.7103,32.6815],[-97.7636,32.6962],[-97.7815,32.7164],[-97.8275,32.7143],[-97.8499,32.7282],[-97.8849,32.7265],[-97.9999,32.6873],[-98.0644,32.6372],[-98.0561,33.0033],[-97.9216,33.0013],[-97.9204,33.0993],[-97.9182,33.4339],[-97.979,33.4337],[-97.9789,33.4671],[-98.1725,33.4663],[-98.4214,33.4668],[-98.4207,33.3962],[-98.7503,33.3957],[-98.9539,33.3975]]]},"properties":{"district_code":"TX-25","state_code":"TX","state_name":"Texas","district_number":"25","label":"Texas — District 25"}},{"type":"Feature","geometry":{"type":"Polygon","coordinates":[[[-122.3981,38.1428],[-122.3613,38.1332],[-122.3026,38.1032],[-122.2629,38.0515],[-122.2835,38.0227],[-122.3326,38.0015],[-122.3689,38.0079],[-122.3676,37.9782],[-122.4126,37.9633],[-122.41,37.9324],[-122.3683,37.9046],[-122.3357,37.9103],[-122.3131,37.8973],[-122.2711,37.9058],[-122.2259,37.8796],[-122.2069,37.8961],[-122.2133,37.921],[-122.2007,37.9632],[-122.2199,37.9836],[-122.1374,37.9894],[-122.1266,38.0145],[-122.0869,38.0186],[-122.0506,38.0032],[-122.0262,38.0245],[-121.9465,38.0054],[-121.9077,38.0053],[-121.8452,37.9772],[-121.7639,37.9914],[-121.7517,38.0243],[-121.7888,38.0184],[-121.8321,38.0311],[-121.8616,38.0699],[-121.8851,38.0803],[-121.8677,38.1434],[-121.888,38.1476],[-121.8889,38.2202],[-121.8425,38.2569],[-121.8603,38.2719],[-121.8536,38.3038],[-121.8656,38.3588],[-121.934,38.3586],[-121.9404,38.3156],[-121.9974,38.3086],[-122.0648,38.3159],[-122.1951,38.3158],[-122.1921,38.2787],[-122.2016,38.2402],[-122.1939,38.2137],[-122.2152,38.1888],[-122.1954,38.155],[-122.4068,38.1556],[-122.3981,38.1428]]]},"properties":{"district_code":"CA-08","state_code":"CA","state_name":"California","district_number":"08","label":"California — District 8"}},{"type":"Feature","geometry":{"type":"MultiPolygon","coordinates":[[[[-131.6482,55.0465],[-131.6449,55.0112],[-131.6078,54.9939],[-131.5804,55.0145],[-131.5063,55.0442],[-131.4927,55.0118],[-131.3901,55.0115],[-131.3558,55.0408],[-131.3506,55.0715],[-131.3725,55.0883],[-131.3516,55.1186],[-131.3642,55.1632],[-131.3962,55.2097],[-131.4454,55.2176],[-131.5305,55.2701],[-131.569,55.2682],[-131.6099,55.2386],[-131.5717,55.1672],[-131.5346,55.1475],[-131.5431,55.1202],[-131.5992,55.1259],[-131.5916,55.0883],[-131.6482,55.0465]]],[[[-131.7128,55.8613],[-131.601,55.8539],[-131.5872,55.8665],[-131.6392,55.9129],[-131.6895,55.8902],[-131.7128,55.8613]]],[[[-131.851,55.5255],[-131.837,55.4922],[-131.7578,55.5152],[-131.7537,55.5434],[-131.8107,55.5406],[-131.851,55.5255]]],[[[-132.061,56.0577],[-132.0253,55.9972],[-131.9838,56.0251],[-132.0113,56.0758],[-132.061,56.0577]]],[[[-132.5623,56.3865],[-132.548,56.3627],[-132.494,56.3549],[-132.4037,56.4052],[-132.4926,56.4403],[-132.5363,56.421],[-132.5623,56.3865]]],[[[-132.8295,54.9211],[-132.7882,54.8569],[-132.7061,54.8154],[-132.6779,54.7664],[-132.6352,54.7495],[-132.6096,54.7762],[-132.6389,54.8165],[-132.623,54.879],[-132.6538,54.9081],[-132.6835,54.9094],[-132.7228,54.9394],[-132.8295,54.9211]]],[[[-132.9408,56.1293],[-132.9217,56.1105],[-132.8773,56.1145],[-132.8767,56.1384],[-132.9223,56.1489],[-132.9408,56.1293]]],[[[-133.0078,56.2247],[-132.9396,56.2055],[-132.9321,56.2319],[-133.006,56.2431],[-133.0078,56.2247]]],[[[-133.0701,56.3552],[-133.066,56.3309],[-132.9521,56.2894],[-132.8836,56.2482],[-132.8725,56.2322],[-132.7999,56.2495],[-132.7268,56.2563],[-132.6572,56.2779],[-132.6514,56.2966],[-132.678,56.3505],[-132.6226,56.3885],[-132.629,56.4182],[-132.6711,56.442],[-132.75,56.458],[-132.8267,56.4418],[-132.8716,56.4566],[-132.9541,56.453],[-133.0048,56.4293],[-133.0457,56.3715],[-133.0701,56.3552]]],[[[-133.0808,56.0866],[-133.0486,56.0647],[-132.9866,56.0593],[-132.9807,56.0821],[-133.0067,56.1185],[-133.0567,56.1109],[-133.0808,56.0866]]],[[[-133.3243,55.4183],[-133.3071,55.4001],[-133.2539,55.4057],[-133.233,55.4299],[-133.2556,55.45],[-133.2974,55.445],[-133.3243,55.4183]]],[[[-133.4538,55.5365],[-133.4065,55.4799],[-133.3468,55.4686],[-133.3069,55.4811],[-133.2798,55.5251],[-133.2891,55.5488],[-133.3699,55.5747],[-133.4538,55.5365]]],[[[-133.6097,55.6851],[-133.5643,55.6499],[-133.544,55.67],[-133.6097,55.6851]]],[[[-133.6214,55.4505],[-133.5565,55.4281],[-133.4545,55.4355],[-133.4291,55.4508],[-133.4341,55.4872],[-133.4614,55.5065],[-133.527,55.529],[-133.5397,55.4892],[-133.6012,55.468],[-133.6214,55.4505]]],[[[-133.6903,55.3072],[-133.6684,55.2762],[-133.6107,55.2519],[-133.5738,55.3145],[-133.493,55.3662],[-133.4179,55.3862],[-133.4198,55.4249],[-133.5653,55.4136],[-133.6515,55.3925],[-133.6237,55.3637],[-133.6903,55.3072]]],[[[-133.8166,55.9542],[-133.8002,55.9194],[-133.7665,55.9275],[-133.6981,55.9107],[-133.6196,55.9316],[-133.5937,55.9673],[-133.5388,55.9807],[-133.4976,56.0138],[-133.4651,55.9934],[-133.5057,55.9516],[-133.4684,55.933],[-133.4625,55.9082],[-133.3531,55.8841],[-133.3322,55.857],[-133.3308,55.8064],[-133.3783,55.7948],[-133.4872,55.7896],[-133.4888,55.8127],[-133.5818,55.8373],[-133.6117,55.8151],[-133.6564,55.8233],[-133.702,55.7837],[-133.6436,55.7287],[-133.5297,55.693],[-133.4946,55.7054],[-133.4927,55.7603],[-133.4235,55.7397],[-133.3669,55.7584],[-133.3268,55.7344],[-133.3657,55.682],[-133.4033,55.6569],[-133.4003,55.6343],[-133.36,55.608],[-133.272,55.5766],[-133.2204,55.5785],[-133.1295,55.5968],[-133.1256,55.5614],[-133.1054,55.538],[-133.1545,55.4773],[-133.0725,55.4492],[-133.0814,55.4306],[-133.0534,55.4074],[-133.1471,55.3873],[-133.2257,55.3827],[-133.2673,55.3571],[-133.273,55.3296],[-133.2374,55.3097],[-133.2426,55.2896],[-133.293,55.2927],[-133.3287,55.3444],[-133.4637,55.3192],[-133.4537,55.288],[-133.4603,55.2252],[-133.4164,55.208],[-133.3843,55.2281],[-133.341,55.2046],[-133.2562,55.2201],[-133.2329,55.2671],[-133.2065,55.2732],[-133.2376,55.1801],[-133.2013,55.1365],[-133.2284,55.1214],[-133.2393,55.0873],[-133.1972,55.0636],[-133.2127,55.0451],[-133.1668,55.0249],[-133.168,54.9854],[-133.1473,54.9376],[-133.0758,54.9181],[-133.0432,54.8842],[-133.0021,54.823],[-132.9422,54.7828],[-132.9044,54.7765],[-132.8718,54.7496],[-132.8835,54.7335],[-132.8502,54.6928],[-132.7889,54.6848],[-132.7202,54.6934],[-132.6853,54.7291],[-132.7266,54.7342],[-132.7169,54.7693],[-132.7499,54.8199],[-132.9146,54.9207],[-132.9087,54.9449],[-132.9555,54.9745],[-132.9541,55.0159],[-133.0161,55.0449],[-133.061,55.0801],[-133.0092,55.0852],[-133.0106,55.1229],[-133.0893,55.1535],[-133.0591,55.1632],[-133.095,55.2071],[-133.1012,55.2609],[-133.0368,55.2373],[-133.0147,55.203],[-132.9393,55.2103],[-132.9477,55.1753],[-132.8966,55.1578],[-132.9146,55.1253],[-132.8604,55.095],[-132.8939,55.0366],[-132.7644,54.997],[-132.6955,55.0196],[-132.6834,55.0471],[-132.6929,55.0792],[-132.7242,55.1003],[-132.6563,55.1414],[-132.6109,55.1974],[-132.5968,55.1548],[-132.5467,55.0969],[-132.5664,55.0444],[-132.588,55.0396],[-132.6163,54.9713],[-132.5403,54.9173],[-132.5232,54.8962],[-132.4224,54.8968],[-132.406,54.8739],[-132.353,54.8629],[-132.3618,54.8184],[-132.4423,54.8293],[-132.4635,54.7944],[-132.366,54.7702],[-132.3646,54.7477],[-132.3226,54.744],[-132.3202,54.7188],[-132.2624,54.728],[-132.1669,54.6917],[-132.1186,54.6903],[-132.0181,54.7102],[-131.9971,54.7306],[-132.0106,54.7581],[-131.9556,54.7898],[-131.9742,54.8504],[-131.9789,54.9199],[-131.9671,54.9603],[-131.9894,55.0124],[-132.0157,55.0322],[-132.1438,54.9883],[-132.23,55.0015],[-132.1393,55.0208],[-132.0861,55.0425],[-132.0874,55.0791],[-132.0489,55.0834],[-131.9931,55.1096],[-132.032,55.1404],[-131.9754,55.1774],[-131.9924,55.2596],[-132.047,55.2741],[-132.1025,55.1987],[-132.1883,55.2242],[-132.1331,55.241],[-132.0943,55.2667],[-132.145,55.3202],[-132.1517,55.3466],[-132.2301,55.3822],[-132.2636,55.4176],[-132.3618,55.408],[-132.4161,55.4214],[-132.2806,55.4443],[-132.3152,55.4682],[-132.3742,55.481],[-132.4148,55.5158],[-132.4837,55.5044],[-132.5156,55.5142],[-132.5596,55.5063],[-132.5664,55.4757],[-132.6174,55.4797],[-132.5567,55.5312],[-132.5349,55.5607],[-132.5832,55.5714],[-132.5579,55.596],[-132.5146,55.6033],[-132.4626,55.556],[-132.3029,55.51],[-132.2328,55.4859],[-132.1785,55.451],[-132.1474,55.4565],[-132.1676,55.4929],[-132.1984,55.5143],[-132.2762,55.5413],[-132.3278,55.5753],[-132.3551,55.6433],[-132.3896,55.6703],[-132.4414,55.6707],[-132.4579,55.7017],[-132.4441,55.7194],[-132.4932,55.7594],[-132.4698,55.7836],[-132.6168,55.9087],[-132.7162,55.9593],[-132.7337,55.984],[-132.7719,55.9919],[-132.8412,56.0338],[-132.9269,56.0237],[-132.9693,56.0485],[-133.0126,56.0559],[-133.0664,56.0428],[-133.1156,56.0776],[-133.075,56.1183],[-133.0386,56.1757],[-133.0739,56.2461],[-133.1143,56.2494],[-133.1175,56.2753],[-133.1754,56.3286],[-133.2538,56.3346],[-133.3094,56.3234],[-133.3439,56.337],[-133.4218,56.3284],[-133.6248,56.3587],[-133.6647,56.3109],[-133.6279,56.2465],[-133.6324,56.2188],[-133.5861,56.1783],[-133.5514,56.1718],[-133.5419,56.1432],[-133.5815,56.1292],[-133.6258,56.1488],[-133.6417,56.1156],[-133.582,56.0978],[-133.5188,56.0943],[-133.5043,56.0763],[-133.5782,56.0737],[-133.6605,56.0843],[-133.7425,56.0236],[-133.7893,55.9699],[-133.8166,55.9542]]],[[[-133.8231,55.4443],[-133.7302,55.4699],[-133.6675,55.438],[-133.6387,55.4586],[-133.6316,55.4904],[-133.5966,55.4978],[-133.5843,55.5368],[-133.6252,55.5388],[-133.6663,55.5579],[-133.7376,55.5539],[-133.7602,55.5337],[-133.7198,55.5152],[-133.7678,55.5002],[-133.7804,55.4692],[-133.8231,55.4443]]],[[[-133.8766,57.2706],[-133.7922,57.2988],[-133.8559,57.3104],[-133.8766,57.2706]]],[[[-133.9435,55.9013],[-133.9307,55.8679],[-133.872,55.8439],[-133.8411,55.8922],[-133.8551,55.9308],[-133.8796,55.9386],[-133.9435,55.9164],[-133.9435,55.9013]]],[[[-134.2194,57.8934],[-134.1725,57.8458],[-134.1894,57.8345],[-134.1321,57.7894],[-134.1072,57.7989],[-134.1623,57.8506],[-134.1927,57.8917],[-134.2194,57.8934]]],[[[-134.284,57.9564],[-134.2367,57.9046],[-134.1832,57.9087],[-134.2011,57.9394],[-134.284,57.9564]]],[[[-134.367,55.9105],[-134.317,55.8686],[-134.346,55.8521],[-134.3142,55.8268],[-134.2362,55.8531],[-134.2267,55.8655],[-134.1305,55.8988],[-134.1497,55.9227],[-134.2293,55.9055],[-134.2638,55.9261],[-134.3375,55.9281],[-134.367,55.9105]]],[[[-134.4211,56.8372],[-134.3905,56.7598],[-134.4005,56.7267],[-134.3318,56.6479],[-134.299,56.6489],[-134.2804,56.6208],[-134.3082,56.5957],[-134.2892,56.5593],[-134.2018,56.5413],[-134.124,56.4578],[-134.1571,56.4367],[-134.2139,56.4763],[-134.2462,56.4561],[-134.2346,56.4089],[-134.2607,56.3701],[-134.2928,56.3541],[-134.2731,56.3156],[-134.275,56.2653],[-134.2567,56.2224],[-134.256,56.1752],[-134.2201,56.1632],[-134.2593,56.1188],[-134.2108,56.104],[-134.236,56.0693],[-134.1839,56.0557],[-134.178,56.023],[-134.1371,56.0088],[-134.1107,56.0496],[-134.1364,56.066],[-134.1024,56.1362],[-134.115,56.1642],[-134.0965,56.1792],[-134.0972,56.2314],[-134.0592,56.2171],[-134.0245,56.1646],[-134.0449,56.1175],[-134.0159,56.0865],[-133.9605,56.0914],[-133.9589,56.1324],[-133.9341,56.1647],[-133.956,56.2055],[-133.8811,56.2232],[-133.9384,56.3028],[-133.976,56.3158],[-133.9534,56.346],[-133.8766,56.2759],[-133.8315,56.323],[-133.8498,56.3498],[-133.907,56.3667],[-133.8761,56.3925],[-133.907,56.4388],[-133.8521,56.4477],[-133.8607,56.4774],[-133.9215,56.4956],[-133.8735,56.5205],[-133.8514,56.5842],[-133.7958,56.5802],[-133.7839,56.5618],[-133.7385,56.5591],[-133.691,56.5788],[-133.6646,56.5533],[-133.6755,56.535],[-133.6553,56.438],[-133.5247,56.4359],[-133.4174,56.474],[-133.3976,56.5021],[-133.3276,56.467],[-133.2543,56.4768],[-133.2043,56.4477],[-133.1257,56.4774],[-133.1436,56.5302],[-133.0518,56.5331],[-133.0432,56.5209],[-132.9007,56.5009],[-132.8729,56.5089],[-132.8166,56.4948],[-132.7346,56.5077],[-132.6502,56.5532],[-132.6217,56.5515],[-132.5421,56.5839],[-132.543,56.6049],[-132.5996,56.6167],[-132.6283,56.6462],[-132.621,56.6685],[-132.6899,56.6871],[-132.7379,56.7127],[-132.7652,56.7557],[-132.8235,56.7936],[-132.9135,56.8044],[-132.9442,56.8268],[-132.9518,56.8759],[-132.9955,56.9397],[-133.0336,56.9519],[-133.0766,56.9905],[-133.1931,57.0112],[-133.262,57.0075],[-133.3088,57.0154],[-133.3935,57.0059],[-133.4875,57.0334],[-133.533,57.0344],[-133.5974,57.0574],[-133.7,57.0645],[-133.73,57.0794],[-133.8086,57.0852],[-133.8809,57.0998],[-134.0121,57.0716],[-134.0388,57.0224],[-133.9018,56.9541],[-133.8759,56.9176],[-133.8966,56.8851],[-133.8728,56.8593],[-133.7859,56.8204],[-133.7233,56.8122],[-133.7576,56.7851],[-133.8139,56.8013],[-133.8678,56.7819],[-133.8771,56.7214],[-133.8992,56.704],[-133.9417,56.735],[-133.9208,56.7493],[-133.9372,56.7919],[-133.9995,56.8245],[-134.0076,56.8589],[-134.0442,56.9203],[-134.1355,56.9519],[-134.1621,56.9253],[-134.2303,56.9233],[-134.2167,56.9013],[-134.1466,56.8761],[-134.1599,56.8466],[-134.2918,56.907],[-134.3555,56.8919],[-134.4211,56.8372]]],[[[-134.9238,58.4773],[-134.8423,58.3763],[-134.8166,58.3814],[-134.8462,58.4223],[-134.9238,58.4773]]],[[[-134.9688,58.3712],[-134.9566,58.311],[-134.8984,58.1941],[-134.8561,58.1765],[-134.82,58.1415],[-134.8014,58.1047],[-134.7644,58.0973],[-134.8095,58.0454],[-134.7587,57.9807],[-134.7437,57.8997],[-134.7057,57.8309],[-134.7095,57.7852],[-134.7342,57.742],[-134.7278,57.7148],[-134.6736,57.6183],[-134.612,57.5635],[-134.5816,57.4723],[-134.544,57.4532],[-134.4665,57.393],[-134.4875,57.373],[-134.568,57.3776],[-134.5787,57.3435],[-134.5359,57.3382],[-134.5093,57.3171],[-134.5607,57.3073],[-134.6144,57.2607],[-134.5799,57.2415],[-134.6517,57.2311],[-134.6439,57.1875],[-134.6037,57.1569],[-134.6381,57.1355],[-134.6377,57.1065],[-134.6082,57.0443],[-134.5462,57.0221],[-134.4744,57.0256],[-134.4841,57.048],[-134.3736,57.092],[-134.3933,57.1275],[-134.3292,57.1238],[-134.3035,57.1358],[-134.2588,57.182],[-134.2137,57.1739],[-134.1578,57.2059],[-134.1514,57.2454],[-134.0974,57.2623],[-134.0939,57.2808],[-134.1345,57.3067],[-134.1571,57.3427],[-134.1233,57.3522],[-134.0879,57.3314],[-134.0121,57.3244],[-133.9617,57.3064],[-133.9344,57.3346],[-133.8621,57.3667],[-133.8868,57.405],[-133.878,57.4227],[-133.9301,57.4659],[-133.8868,57.5065],[-133.928,57.536],[-133.946,57.5686],[-133.9349,57.6086],[-133.975,57.6397],[-134.0466,57.6749],[-134.1038,57.7195],[-134.1583,57.7833],[-134.2507,57.8742],[-134.2821,57.8905],[-134.2804,57.917],[-134.3094,57.9519],[-134.3282,57.9993],[-134.2705,57.9795],[-134.2429,57.9858],[-134.317,58.0329],[-134.2248,58.0144],[-134.1599,57.958],[-134.1687,57.9302],[-134.1459,57.883],[-134.0411,57.819],[-134.0152,57.791],[-134.0216,57.7672],[-133.9696,57.6964],[-133.9101,57.6637],[-133.8545,57.6201],[-133.8367,57.5767],[-133.8006,57.5846],[-133.8101,57.6288],[-133.8925,57.6839],[-133.8899,57.7398],[-133.8999,57.807],[-134.0059,57.894],[-133.9914,57.9122],[-134.1012,57.9877],[-134.1015,58.0207],[-134.1899,58.0836],[-134.2015,58.1143],[-134.1668,58.1274],[-134.1759,58.1596],[-134.3204,58.144],[-134.3738,58.1508],[-134.4204,58.17],[-134.5008,58.1723],[-134.5364,58.1826],[-134.6367,58.1632],[-134.6959,58.1609],[-134.7087,58.2282],[-134.751,58.2705],[-134.8029,58.2978],[-134.8038,58.3218],[-134.8357,58.3413],[-134.886,58.3208],[-134.9174,58.3783],[-134.9688,58.3712]]],[[[-135.3531,59.0156],[-135.3298,58.9377],[-135.2968,58.9637],[-135.3281,59.009],[-135.3531,59.0156]]],[[[-135.5129,57.23],[-135.4526,57.1845],[-135.4227,57.1948],[-135.3919,57.2446],[-135.4715,57.2503],[-135.5129,57.23]]],[[[-135.6934,57.3616],[-135.6355,57.3143],[-135.57,57.2885],[-135.5823,57.2716],[-135.5546,57.2359],[-135.5016,57.2539],[-135.3438,57.247],[-135.3723,57.2312],[-135.3773,57.1994],[-135.4244,57.1689],[-135.3757,57.1464],[-135.4021,57.1056],[-135.3661,57.0656],[-135.2895,57.0467],[-135.2892,57.0142],[-135.3776,56.9886],[-135.3826,56.9528],[-135.3506,56.9339],[-135.3599,56.8939],[-135.3802,56.8858],[-135.4149,56.8112],[-135.3897,56.8042],[-135.352,56.7499],[-135.3152,56.7836],[-135.2741,56.7597],[-135.3185,56.7468],[-135.2928,56.6964],[-135.245,56.7038],[-135.2118,56.6623],[-135.1357,56.6849],[-135.1528,56.6469],[-135.13,56.6149],[-135.0944,56.5964],[-134.9865,56.6323],[-134.9515,56.6135],[-135.0331,56.5923],[-135.0594,56.5682],[-135.0233,56.4848],[-134.9912,56.4599],[-134.9753,56.426],[-134.9382,56.4064],[-134.9437,56.3751],[-134.9009,56.3456],[-134.8952,56.3143],[-134.8396,56.2961],[-134.8089,56.24],[-134.773,56.2174],[-134.7055,56.2197],[-134.7048,56.1876],[-134.666,56.1667],[-134.6526,56.2319],[-134.6709,56.2623],[-134.6355,56.3036],[-134.6479,56.3443],[-134.6308,56.3759],[-134.645,56.4272],[-134.6391,56.477],[-134.6695,56.5401],[-134.6303,56.5466],[-134.6158,56.6355],[-134.6303,56.7245],[-134.6531,56.7523],[-134.6724,56.8197],[-134.7016,56.8365],[-134.6961,56.899],[-134.7411,56.9532],[-134.7392,57.0053],[-134.7967,57.1335],[-134.8133,57.1844],[-134.8592,57.2139],[-134.8414,57.2479],[-134.8794,57.2901],[-134.9024,57.2707],[-134.945,57.2706],[-134.9507,57.3275],[-134.9024,57.3421],[-134.8617,57.3178],[-134.8136,57.3201],[-134.8036,57.3407],[-134.8415,57.3909],[-134.8321,57.4022],[-134.9138,57.4272],[-135.002,57.4133],[-135.0634,57.4216],[-135.1648,57.4543],[-135.2231,57.4888],[-135.2944,57.4837],[-135.2908,57.5098],[-135.3227,57.5384],[-135.3797,57.5577],[-135.4468,57.5568],[-135.5021,57.5186],[-135.5492,57.5043],[-135.5349,57.4494],[-135.5877,57.4137],[-135.6321,57.3983],[-135.5228,57.3737],[-135.5527,57.362],[-135.6276,57.3728],[-135.6934,57.3616]]],[[[-135.7327,58.3692],[-135.6876,58.3341],[-135.6487,58.3268],[-135.5524,58.3291],[-135.5377,58.3432],[-135.6188,58.3789],[-135.6647,58.3839],[-135.7327,58.3692]]],[[[-135.8762,57.2258],[-135.8365,57.2256],[-135.8187,57.2049],[-135.8361,57.1753],[-135.7476,57.1646],[-135.7624,57.1138],[-135.8429,57.0858],[-135.8525,56.9929],[-135.7165,57.0034],[-135.6364,57.0223],[-135.6043,57.0679],[-135.5713,57.0902],[-135.5618,57.1347],[-135.5126,57.1398],[-135.4558,57.1803],[-135.5328,57.2276],[-135.5494,57.1884],[-135.6012,57.1965],[-135.6229,57.2157],[-135.5703,57.248],[-135.5954,57.274],[-135.6724,57.3174],[-135.7676,57.3492],[-135.7847,57.335],[-135.8482,57.3386],[-135.8289,57.3084],[-135.8448,57.2702],[-135.8325,57.2528],[-135.8762,57.2258]]],[[[-136.1579,58.2812],[-136.1317,58.2628],[-136.0783,58.2604],[-136.0371,58.2729],[-136.0386,58.3194],[-136.1179,58.304],[-136.1579,58.2812]]],[[[-136.4046,58.2708],[-136.3554,58.238],[-136.3071,58.232],[-136.2818,58.2619],[-136.3169,58.2717],[-136.4046,58.2708]]],[[[-136.5759,58.032],[-136.5611,57.9881],[-136.5745,57.9326],[-136.5542,57.9107],[-136.4859,57.8972],[-136.496,57.8707],[-136.4372,57.8432],[-136.4207,57.8191],[-136.3669,57.8288],[-136.3348,57.7986],[-136.3203,57.7527],[-136.2667,57.732],[-136.255,57.7667],[-136.1846,57.7344],[-136.2603,57.6801],[-136.2313,57.6243],[-136.2296,57.5954],[-136.1435,57.5733],[-136.0869,57.5987],[-136.0541,57.5816],[-136.0933,57.5612],[-136.0515,57.5148],[-135.98,57.4868],[-135.8718,57.4205],[-135.8493,57.3951],[-135.7788,57.3881],[-135.7474,57.3701],[-135.7052,57.3688],[-135.5929,57.4268],[-135.5522,57.4556],[-135.5478,57.479],[-135.5798,57.5207],[-135.5683,57.5819],[-135.514,57.5968],[-135.5781,57.618],[-135.6491,57.6235],[-135.5661,57.6704],[-135.4778,57.6309],[-135.3494,57.5891],[-135.2147,57.5279],[-135.1268,57.4965],[-135.0882,57.4648],[-135.0264,57.4552],[-134.9717,57.463],[-134.8936,57.4597],[-134.8999,57.4906],[-134.8384,57.503],[-134.858,57.5306],[-134.8504,57.5801],[-134.8986,57.6542],[-134.9321,57.6659],[-134.9032,57.6931],[-134.9297,57.7573],[-134.9807,57.7608],[-135.0228,57.7438],[-135.1079,57.7602],[-135.0103,57.787],[-134.9554,57.8147],[-135.0272,57.8405],[-135.0398,57.8646],[-135.1316,57.8869],[-135.1978,57.9334],[-135.1933,57.9445],[-135.0408,57.8955],[-134.9989,57.8899],[-134.9224,57.9238],[-134.9379,57.9547],[-134.9133,57.9775],[-134.9517,58.0398],[-135.0928,58.0639],[-135.1163,58.0911],[-135.1774,58.0861],[-135.2756,58.0971],[-135.3921,58.1406],[-135.4593,58.1341],[-135.4501,58.1019],[-135.4966,58.0884],[-135.5591,58.035],[-135.5941,57.9898],[-135.6332,57.987],[-135.6252,58.0491],[-135.5213,58.1201],[-135.5239,58.1498],[-135.4955,58.1712],[-135.5276,58.1876],[-135.734,58.2398],[-135.7794,58.2844],[-135.8254,58.2824],[-135.8705,58.2511],[-135.8989,58.2482],[-136.0195,58.1918],[-136.0404,58.2186],[-136.1372,58.2244],[-136.2359,58.1568],[-136.275,58.2012],[-136.355,58.2227],[-136.3566,58.1936],[-136.324,58.1688],[-136.4491,58.1206],[-136.4679,58.0988],[-136.5374,58.0975],[-136.5675,58.0654],[-136.5759,58.032]]],[[[-139.8048,59.5867],[-139.7329,59.5772],[-139.747,59.6246],[-139.8048,59.5867]]],[[[-144.4335,60.1556],[-144.3489,60.0912],[-144.3251,60.1246],[-144.3366,60.1429],[-144.4335,60.1556]]],[[[-144.6063,59.7921],[-144.5638,59.8086],[-144.5262,59.8395],[-144.4535,59.8712],[-144.4131,59.9041],[-144.2263,59.986],[-144.2182,60.006],[-144.3446,59.9819],[-144.3446,59.9702],[-144.4442,59.9204],[-144.5654,59.8524],[-144.6063,59.7921]]],[[[-146.0116,60.3962],[-145.8911,60.3734],[-145.8312,60.3503],[-145.7544,60.3593],[-145.7487,60.3886],[-145.8191,60.3873],[-145.9531,60.4079],[-146.0116,60.3962]]],[[[-146.337,60.4639],[-146.3177,60.4529],[-146.2334,60.4503],[-146.0924,60.4768],[-146.0294,60.5002],[-145.8062,60.5603],[-145.7666,60.5851],[-145.7963,60.5969],[-145.8516,60.5869],[-145.9546,60.5817],[-145.9743,60.5609],[-146.0729,60.5462],[-146.1449,60.5219],[-146.2902,60.5166],[-146.337,60.4639]]],[[[-146.7318,60.3816],[-146.7216,60.3419],[-146.6541,60.3281],[-146.6134,60.3532],[-146.5314,60.3339],[-146.6562,60.3003],[-146.7013,60.2785],[-146.6531,60.2371],[-146.6101,60.2357],[-146.486,60.294],[-146.3398,60.3374],[-146.2512,60.3343],[-146.192,60.3599],[-146.0815,60.3642],[-146.0922,60.4117],[-146.1326,60.4323],[-146.3049,60.4153],[-146.365,60.4269],[-146.3496,60.4681],[-146.3924,60.4829],[-146.4442,60.4674],[-146.515,60.4711],[-146.5392,60.4864],[-146.6139,60.4829],[-146.7063,60.4117],[-146.7318,60.3816]]],[[[-146.8173,60.8179],[-146.7925,60.8054],[-146.7274,60.8113],[-146.7013,60.8483],[-146.7479,60.8789],[-146.817,60.8406],[-146.8173,60.8179]]],[[[-147.3246,60.8784],[-147.249,60.8725],[-147.1526,60.8523],[-147.1396,60.8851],[-147.2086,60.9069],[-147.2628,60.8853],[-147.3246,60.8784]]],[[[-147.5029,60.6546],[-147.4896,60.6438],[-147.41,60.6454],[-147.3674,60.6256],[-147.322,60.6536],[-147.4095,60.6884],[-147.4627,60.6609],[-147.5029,60.6546]]],[[[-147.5033,60.2576],[-147.4765,60.2272],[-147.3396,60.2767],[-147.3434,60.3049],[-147.4323,60.2881],[-147.5033,60.2576]]],[[[-147.9295,59.7863],[-147.8765,59.7639],[-147.8324,59.7701],[-147.7423,59.8016],[-147.6603,59.8151],[-147.6161,59.8506],[-147.5283,59.8395],[-147.4415,59.8707],[-147.4437,59.9032],[-147.486,59.9084],[-147.4962,59.9389],[-147.38,59.9736],[-147.3821,60.0036],[-147.3576,60.0449],[-147.2647,60.1022],[-147.1993,60.1512],[-146.9657,60.2485],[-146.9165,60.291],[-146.9521,60.3099],[-147.0356,60.2803],[-147.086,60.2914],[-147.0154,60.3226],[-147.0724,60.339],[-147.0983,60.3791],[-147.1534,60.3703],[-147.2105,60.3471],[-147.2288,60.2863],[-147.2117,60.2393],[-147.3115,60.224],[-147.3018,60.2082],[-147.3747,60.1406],[-147.4353,60.0947],[-147.5551,60.0518],[-147.6148,60.0137],[-147.6863,59.9967],[-147.6673,59.9678],[-147.74,59.9551],[-147.8149,59.9088],[-147.7821,59.8741],[-147.862,59.8719],[-147.9133,59.8372],[-147.901,59.796],[-147.9295,59.7863]]],[[[-147.9692,60.2504],[-147.9545,60.2283],[-147.8128,60.2211],[-147.8433,60.1906],[-147.7603,60.1554],[-147.7411,60.1956],[-147.698,60.2428],[-147.7456,60.2559],[-147.6636,60.315],[-147.6664,60.3295],[-147.6177,60.3661],[-147.6743,60.3834],[-147.6876,60.4059],[-147.6125,60.4235],[-147.6525,60.4523],[-147.603,60.5004],[-147.6686,60.4955],[-147.7211,60.5078],[-147.7316,60.4443],[-147.8207,60.4444],[-147.8578,60.3761],[-147.9048,60.3368],[-147.8925,60.3153],[-147.8452,60.3141],[-147.7608,60.3412],[-147.7437,60.3251],[-147.7972,60.3061],[-147.916,60.2974],[-147.9383,60.2614],[-147.9692,60.2504]]],[[[-148.0214,60.724],[-148.0011,60.6864],[-147.8664,60.6707],[-147.8455,60.6919],[-147.9028,60.7347],[-147.9513,60.7456],[-148.0214,60.724]]],[[[-148.0575,59.9496],[-148.0316,59.9379],[-147.9182,59.969],[-147.8666,59.9949],[-147.8155,60.0597],[-147.8514,60.0791],[-147.9334,60.0407],[-147.9418,60.0203],[-148.0074,59.99],[-148.0575,59.9496]]],[[[-148.1553,60.3128],[-148.1278,60.2803],[-148.0771,60.2731],[-148.0229,60.2801],[-148.0172,60.3146],[-147.9875,60.3708],[-148.0553,60.3766],[-148.1484,60.3286],[-148.1553,60.3128]]],[[[-148.1531,59.9979],[-148.1212,59.9856],[-148.0658,60.0303],[-147.985,60.0601],[-147.8897,60.1035],[-147.9101,60.1311],[-148.0409,60.1108],[-148.0772,60.0916],[-148.116,60.0513],[-148.1302,60.0037],[-148.1531,59.9979]]],[[[-148.2503,59.9385],[-148.1623,59.9362],[-148.0934,59.9549],[-147.994,60.0278],[-148.0116,60.0386],[-148.1044,59.9727],[-148.1771,59.9773],[-148.2149,59.9386],[-148.2503,59.9385]]],[[[-150.2859,61.127],[-150.239,61.123],[-150.1688,61.1541],[-150.2261,61.1681],[-150.2431,61.1374],[-150.2859,61.127]]],[[[-150.4399,59.3712],[-150.3853,59.342],[-150.3758,59.3821],[-150.4399,59.3712]]],[[[-150.7749,59.3189],[-150.7209,59.2886],[-150.6808,59.3046],[-150.661,59.3337],[-150.6187,59.3513],[-150.6118,59.394],[-150.6969,59.4182],[-150.7114,59.3692],[-150.7376,59.3624],[-150.7749,59.3189]]],[[[-151.5288,59.1476],[-151.475,59.114],[-151.4506,59.1331],[-151.5288,59.1476]]],[[[-151.726,59.116],[-151.6618,59.0957],[-151.6391,59.1104],[-151.7047,59.1301],[-151.726,59.116]]],[[[-151.8819,59.156],[-151.8079,59.1352],[-151.7902,59.1636],[-151.8234,59.1779],[-151.8819,59.156]]],[[[-151.8961,58.1977],[-151.8633,58.1651],[-151.808,58.1869],[-151.7944,58.2108],[-151.7961,58.2569],[-151.8393,58.2669],[-151.879,58.2446],[-151.8678,58.2284],[-151.8961,58.1977]]],[[[-152.0864,60.3445],[-151.9571,60.3707],[-151.9818,60.3945],[-151.9461,60.4284],[-151.8884,60.4461],[-151.8958,60.4643],[-151.8368,60.4858],[-151.9257,60.5151],[-151.9697,60.4763],[-151.9659,60.4327],[-152.0115,60.3715],[-152.0771,60.3625],[-152.0864,60.3445]]],[[[-152.359,58.9157],[-152.2958,58.9047],[-152.2442,58.9118],[-152.2333,58.9369],[-152.2946,58.9547],[-152.3271,58.9134],[-152.359,58.9157]]],[[[-152.5174,57.9206],[-152.4941,57.9219],[-152.4038,57.8862],[-152.3625,57.8835],[-152.3256,57.9132],[-152.4043,57.9271],[-152.4416,57.9598],[-152.5174,57.9206]]],[[[-152.6408,60.1648],[-152.5888,60.1134],[-152.5676,60.1589],[-152.6408,60.1648]]],[[[-152.8621,57.9573],[-152.8495,57.9417],[-152.7808,57.9212],[-152.7394,57.9463],[-152.7506,57.9769],[-152.8485,57.9709],[-152.8621,57.9573]]],[[[-153.4197,58.0608],[-153.3652,58.038],[-153.2977,58.0503],[-153.2424,58.0445],[-153.1311,58.0181],[-153.0482,57.9871],[-152.8908,57.9692],[-152.8535,57.9932],[-152.7801,57.9928],[-152.7335,58.0503],[-152.6574,58.0613],[-152.6058,58.1223],[-152.5937,58.1865],[-152.5612,58.177],[-152.5702,58.1165],[-152.4601,58.1253],[-152.3442,58.1105],[-152.2636,58.1339],[-152.3256,58.1618],[-152.2895,58.1766],[-152.3118,58.2125],[-152.3111,58.2409],[-152.222,58.23],[-152.2016,58.1759],[-152.1419,58.1759],[-152.1364,58.157],[-152.0837,58.1534],[-152.0323,58.2076],[-152,58.2059],[-151.9648,58.2585],[-151.9646,58.3317],[-151.999,58.3429],[-152.0342,58.288],[-152.0829,58.3077],[-152.139,58.293],[-152.0898,58.3737],[-152.1288,58.3932],[-152.2158,58.3522],[-152.2168,58.3813],[-152.2852,58.4239],[-152.3273,58.435],[-152.3606,58.4161],[-152.3439,58.3934],[-152.3698,58.359],[-152.4112,58.3494],[-152.4865,58.3528],[-152.4939,58.3736],[-152.4685,58.3999],[-152.5124,58.427],[-152.4789,58.4697],[-152.4093,58.4943],[-152.3812,58.5451],[-152.3368,58.5881],[-152.3527,58.597],[-152.3408,58.6387],[-152.4007,58.6269],[-152.4535,58.6333],[-152.5051,58.5972],[-152.5738,58.6203],[-152.6408,58.5876],[-152.6657,58.539],[-152.656,58.5071],[-152.5167,58.4675],[-152.5448,58.459],[-152.651,58.4827],[-152.6752,58.4637],[-152.7418,58.4595],[-152.7473,58.4408],[-152.8114,58.4043],[-152.8614,58.4034],[-152.7851,58.3507],[-152.8202,58.3157],[-152.8904,58.3432],[-152.9362,58.3339],[-152.9075,58.307],[-152.9191,58.2835],[-152.9804,58.2873],[-153.0472,58.3056],[-153.1026,58.2609],[-153.0684,58.2364],[-153.008,58.2215],[-153.0087,58.2001],[-153.0586,58.1943],[-153.176,58.2168],[-153.211,58.2016],[-153.2205,58.1593],[-153.1599,58.1104],[-153.0541,58.1119],[-153.0924,58.0904],[-153.1706,58.0901],[-153.2597,58.1448],[-153.2963,58.1462],[-153.3384,58.1194],[-153.3381,58.1001],[-153.3971,58.0809],[-153.4197,58.0608]]],[[[-153.5762,59.3756],[-153.5431,59.3576],[-153.5521,59.3351],[-153.5132,59.3203],[-153.3634,59.3381],[-153.3477,59.374],[-153.3905,59.4109],[-153.4193,59.414],[-153.4991,59.3923],[-153.5617,59.3914],[-153.5762,59.3756]]],[[[-154.1567,56.6835],[-154.1237,56.6952],[-154.0265,56.6853],[-154.021,56.7175],[-154.0707,56.7184],[-154.1377,56.7051],[-154.1567,56.6835]]],[[[-154.3637,56.5426],[-154.3392,56.508],[-154.2301,56.4935],[-154.1612,56.5099],[-154.1073,56.5009],[-153.9516,56.5051],[-153.8848,56.5316],[-153.8715,56.5626],[-154.0227,56.5529],[-154.0443,56.5599],[-154.0966,56.6198],[-154.1943,56.6073],[-154.2216,56.6172],[-154.3131,56.5863],[-154.3637,56.5426]]],[[[-154.7954,56.4317],[-154.7583,56.4023],[-154.7281,56.4058],[-154.6373,56.4686],[-154.5539,56.4966],[-154.4674,56.5139],[-154.4631,56.5263],[-154.3927,56.5541],[-154.401,56.5869],[-154.4735,56.6019],[-154.5581,56.5866],[-154.6893,56.5266],[-154.7274,56.5001],[-154.7954,56.4317]]],[[[-154.7965,57.348],[-154.7421,57.3162],[-154.7267,57.2782],[-154.6209,57.2712],[-154.5912,57.2567],[-154.5299,57.1831],[-154.5139,57.0768],[-154.5249,56.9947],[-154.4018,56.9658],[-154.3072,56.9101],[-154.3012,56.8515],[-154.2271,56.8747],[-154.2104,56.9095],[-154.1634,56.9198],[-154.117,56.9687],[-154.0757,56.9701],[-153.9725,57.0647],[-153.9036,57.0975],[-153.871,57.0891],[-153.914,57.0547],[-153.9668,56.9969],[-153.9732,56.9595],[-153.9147,56.9578],[-153.8608,56.9767],[-153.8446,56.9448],[-153.8729,56.9276],[-153.9428,56.9151],[-153.9801,56.8973],[-154.007,56.8607],[-154.0638,56.8495],[-154.1268,56.7853],[-154.1294,56.7435],[-154.035,56.7643],[-154.0155,56.7444],[-153.9744,56.7444],[-153.9017,56.7686],[-153.8938,56.7902],[-153.8396,56.8199],[-153.7032,56.8532],[-153.6785,56.8753],[-153.7315,56.8893],[-153.6647,56.9312],[-153.6065,56.9344],[-153.5953,56.956],[-153.5537,56.9703],[-153.5399,57.0006],[-153.6084,57.021],[-153.5915,57.0557],[-153.66,57.0534],[-153.6683,57.0865],[-153.5761,57.0932],[-153.4974,57.0653],[-153.4655,57.1163],[-153.4254,57.1264],[-153.3983,57.1549],[-153.287,57.213],[-153.2866,57.1796],[-153.3755,57.1226],[-153.3548,57.1003],[-153.4006,57.0812],[-153.3971,57.0636],[-153.3213,57.0428],[-153.3443,57.0118],[-153.3058,56.9916],[-153.2347,57.0038],[-153.1962,57.0404],[-153.2048,57.0799],[-153.1549,57.1011],[-153.1211,57.091],[-153.0208,57.1238],[-152.9125,57.1263],[-152.868,57.1509],[-152.9186,57.1667],[-152.9474,57.1886],[-153.0194,57.1694],[-153.115,57.1795],[-153.1632,57.1584],[-153.157,57.2144],[-153.0715,57.2131],[-152.9792,57.2377],[-152.9443,57.2614],[-153.0121,57.2978],[-153.0969,57.2852],[-153.1,57.318],[-152.9852,57.3417],[-152.8993,57.3218],[-152.8846,57.2911],[-152.8107,57.2669],[-152.7449,57.3127],[-152.6966,57.2805],[-152.6329,57.32],[-152.6315,57.3463],[-152.6006,57.3839],[-152.627,57.4062],[-152.7242,57.4223],[-152.7606,57.4584],[-152.8167,57.4719],[-152.9132,57.4793],[-152.883,57.5114],[-152.8015,57.4944],[-152.7382,57.5046],[-152.6857,57.4666],[-152.6239,57.4765],[-152.5892,57.4544],[-152.5412,57.4492],[-152.4872,57.4681],[-152.4566,57.4439],[-152.3394,57.4227],[-152.3249,57.4692],[-152.294,57.5174],[-152.2591,57.5282],[-152.1559,57.5922],[-152.1737,57.6237],[-152.2469,57.6161],[-152.314,57.6364],[-152.3634,57.6294],[-152.4271,57.5945],[-152.4594,57.5945],[-152.4176,57.6508],[-152.3703,57.6789],[-152.3955,57.6887],[-152.4673,57.6589],[-152.4674,57.7017],[-152.4842,57.7544],[-152.4465,57.7797],[-152.3637,57.7992],[-152.347,57.8332],[-152.4178,57.8155],[-152.443,57.8324],[-152.4025,57.8539],[-152.4559,57.8689],[-152.4667,57.8933],[-152.5161,57.909],[-152.5522,57.8979],[-152.6342,57.9173],[-152.6356,57.8933],[-152.7014,57.8695],[-152.7284,57.8203],[-152.7861,57.857],[-152.8471,57.8252],[-152.8497,57.7409],[-152.9036,57.7506],[-152.9162,57.7758],[-152.8939,57.7967],[-152.914,57.8186],[-152.863,57.8632],[-152.862,57.8791],[-152.7988,57.8991],[-152.8509,57.9299],[-152.9334,57.9486],[-153.0028,57.9467],[-153.0577,57.961],[-153.119,57.9487],[-153.201,57.9695],[-153.2504,57.9967],[-153.3039,57.9905],[-153.268,57.9557],[-153.1927,57.9247],[-153.0919,57.8675],[-153.1505,57.8636],[-153.1666,57.8779],[-153.3124,57.9077],[-153.3434,57.9304],[-153.4187,57.9484],[-153.4598,57.9677],[-153.5154,57.9602],[-153.5335,57.9272],[-153.4517,57.878],[-153.393,57.8571],[-153.3296,57.8504],[-153.2977,57.8022],[-153.3531,57.8103],[-153.408,57.8314],[-153.4708,57.8423],[-153.4769,57.8133],[-153.4425,57.7842],[-153.4886,57.7756],[-153.5223,57.711],[-153.5511,57.7217],[-153.5499,57.7589],[-153.5297,57.7743],[-153.5703,57.8318],[-153.6217,57.8431],[-153.6609,57.879],[-153.7334,57.8924],[-153.789,57.8682],[-153.856,57.8631],[-153.8667,57.8374],[-153.9316,57.8084],[-153.9207,57.7009],[-153.8636,57.7057],[-153.7971,57.6963],[-153.6752,57.6692],[-153.6614,57.6411],[-153.7417,57.6505],[-153.8648,57.6502],[-153.8786,57.6325],[-153.8061,57.5861],[-153.877,57.5452],[-153.8717,57.5142],[-153.9205,57.5068],[-153.9247,57.5331],[-153.9846,57.5442],[-153.9806,57.6494],[-154.0307,57.6608],[-154.0978,57.6507],[-154.2259,57.6622],[-154.2615,57.6421],[-154.3395,57.6377],[-154.4239,57.581],[-154.4992,57.578],[-154.531,57.5416],[-154.6314,57.5086],[-154.6656,57.4563],[-154.7164,57.4304],[-154.7,57.392],[-154.7378,57.3583],[-154.7965,57.348]]],[[[-155.7525,55.8227],[-155.7237,55.8042],[-155.7259,55.7755],[-155.6443,55.7734],[-155.5861,55.7633],[-155.5621,55.7912],[-155.5849,55.8528],[-155.5595,55.8954],[-155.5963,55.9137],[-155.6336,55.9005],[-155.679,55.8474],[-155.7525,55.8227]]],[[[-156.7507,56.0371],[-156.6821,56.0212],[-156.634,56.048],[-156.6402,56.0704],[-156.6763,56.0871],[-156.7507,56.0371]]],[[[-156.8061,56.1677],[-156.7648,56.1521],[-156.7512,56.1918],[-156.8066,56.1974],[-156.8061,56.1677]]],[[[-157.3293,56.5384],[-157.1503,56.5282],[-157.1194,56.5525],[-157.0172,56.5486],[-157.0771,56.5806],[-157.1674,56.5841],[-157.2703,56.5795],[-157.3293,56.5384]]],[[[-157.904,56.3464],[-157.8277,56.3097],[-157.7996,56.3221],[-157.8303,56.3669],[-157.904,56.3464]]],[[[-158.899,55.8263],[-158.8647,55.8261],[-158.8462,55.8566],[-158.7457,55.8506],[-158.7478,55.8759],[-158.7999,55.8932],[-158.8697,55.8786],[-158.899,55.8263]]],[[[-159.1849,55.8425],[-159.1406,55.8274],[-159.0945,55.8336],[-159.0967,55.8549],[-159.148,55.8767],[-159.1849,55.8425]]],[[[-159.3428,54.9006],[-159.3102,54.8686],[-159.2748,54.8639],[-159.2337,54.8777],[-159.1995,54.9108],[-159.2071,54.9283],[-159.314,54.9321],[-159.3057,54.9095],[-159.3428,54.9006]]],[[[-159.3651,55.793],[-159.3101,55.7677],[-159.2919,55.7985],[-159.314,55.8153],[-159.3651,55.793]]],[[[-159.3994,55.7188],[-159.334,55.7589],[-159.3709,55.7725],[-159.3994,55.7188]]],[[[-159.4809,55.0202],[-159.3998,54.9954],[-159.4526,54.9716],[-159.4269,54.9418],[-159.3656,54.9725],[-159.3285,54.9774],[-159.3765,55.0241],[-159.3478,55.0582],[-159.44,55.0597],[-159.4809,55.0202]]],[[[-159.6053,54.8148],[-159.5715,54.7548],[-159.5209,54.7583],[-159.5119,54.7871],[-159.567,54.823],[-159.6053,54.8148]]],[[[-159.657,55.1238],[-159.6289,55.1038],[-159.653,55.0659],[-159.57,55.0456],[-159.5505,55.08],[-159.4944,55.1373],[-159.5032,55.1766],[-159.5664,55.1761],[-159.5916,55.1097],[-159.6149,55.1271],[-159.657,55.1238]]],[[[-159.8223,54.8166],[-159.7702,54.7938],[-159.7446,54.8185],[-159.8223,54.8166]]],[[[-160.1127,55.3335],[-160.1042,55.3135],[-160.0385,55.3069],[-160.0271,55.324],[-160.0623,55.343],[-160.1127,55.3335]]],[[[-160.257,54.9036],[-160.2317,54.8749],[-160.1801,54.9034],[-160.1854,54.9316],[-160.1206,54.9487],[-160.1073,54.9873],[-160.0513,55.0053],[-159.9893,55.0482],[-159.9359,55.0731],[-159.949,55.1003],[-159.9347,55.1294],[-159.8669,55.0948],[-159.8268,55.1279],[-159.8128,55.1601],[-159.9053,55.1437],[-159.8931,55.1976],[-159.9,55.2291],[-159.8528,55.23],[-159.8496,55.2677],[-159.8759,55.2895],[-159.9371,55.2421],[-159.9206,55.2129],[-159.9654,55.2125],[-159.9709,55.1763],[-160.0275,55.2041],[-160.0501,55.1853],[-160.0032,55.1076],[-160.053,55.1227],[-160.0759,55.147],[-160.127,55.1472],[-160.0846,55.1009],[-160.1561,55.1212],[-160.1873,55.1025],[-160.1256,55.0884],[-160.1734,55.0678],[-160.1712,55.0518],[-160.0807,55.0407],[-160.135,55.0116],[-160.1736,54.9478],[-160.2281,54.9395],[-160.257,54.9036]]],[[[-160.3465,55.4256],[-160.3211,55.3937],[-160.2821,55.3946],[-160.2321,55.4122],[-160.154,55.3775],[-160.1423,55.4018],[-160.1549,55.4478],[-160.202,55.4391],[-160.2606,55.4637],[-160.3232,55.4446],[-160.3465,55.4256]]],[[[-160.4407,58.6889],[-160.3846,58.7044],[-160.4231,58.7304],[-160.4407,58.6889]]],[[[-160.5283,55.32],[-160.4722,55.2894],[-160.3891,55.2874],[-160.3805,55.2626],[-160.3311,55.2599],[-160.3078,55.3032],[-160.3327,55.3594],[-160.4209,55.3382],[-160.5029,55.3489],[-160.5283,55.32]]],[[[-160.8657,55.3213],[-160.8362,55.2988],[-160.8587,55.2709],[-160.8361,55.2567],[-160.8502,55.2174],[-160.785,55.16],[-160.7565,55.1948],[-160.6835,55.1938],[-160.6747,55.1714],[-160.5875,55.1463],[-160.4953,55.166],[-160.4891,55.1944],[-160.5293,55.2576],[-160.5687,55.2755],[-160.5794,55.3056],[-160.5668,55.3312],[-160.5181,55.3573],[-160.5205,55.3775],[-160.5656,55.3906],[-160.6165,55.3494],[-160.5958,55.3327],[-160.6664,55.302],[-160.6957,55.3227],[-160.6512,55.3451],[-160.6486,55.3873],[-160.7296,55.4072],[-160.8007,55.3808],[-160.8657,55.3213]]],[[[-161.0836,58.5913],[-161.0408,58.558],[-160.9637,58.5509],[-160.8839,58.5797],[-160.8499,58.6302],[-160.8002,58.6802],[-160.7685,58.7259],[-160.7038,58.7905],[-160.7419,58.7984],[-160.87,58.7452],[-160.9181,58.7458],[-161.0553,58.6986],[-161.0802,58.6357],[-161.0836,58.5913]]],[[[-161.4435,55.2012],[-161.4126,55.1806],[-161.3441,55.1585],[-161.3275,55.1738],[-161.3456,55.2042],[-161.3994,55.2242],[-161.4435,55.2012]]],[[[-161.611,55.072],[-161.5826,55.0582],[-161.5481,55.0828],[-161.5739,55.1016],[-161.611,55.072]]],[[[-161.6955,55.2094],[-161.629,55.1942],[-161.5626,55.2047],[-161.5354,55.2592],[-161.6081,55.2404],[-161.6563,55.2442],[-161.6955,55.2094]]],[[[-161.9018,55.1432],[-161.8088,55.1098],[-161.7808,55.1617],[-161.7544,55.1294],[-161.7909,55.1007],[-161.7921,55.076],[-161.7565,55.0561],[-161.7052,55.0817],[-161.634,55.1051],[-161.6379,55.1245],[-161.7179,55.1412],[-161.7632,55.1691],[-161.8261,55.1815],[-161.8894,55.1606],[-161.9018,55.1432]]],[[[-162.4355,54.9292],[-162.4137,54.8781],[-162.3158,54.8284],[-162.2326,54.8885],[-162.2362,54.9564],[-162.2619,54.9769],[-162.3239,54.9839],[-162.366,54.9655],[-162.3816,54.9427],[-162.4355,54.9292]]],[[[-162.4819,54.4122],[-162.4327,54.3719],[-162.4118,54.4027],[-162.4819,54.4122]]],[[[-162.719,63.5812],[-162.6225,63.54],[-162.5484,63.5466],[-162.4292,63.5433],[-162.3702,63.5666],[-162.3437,63.5905],[-162.3805,63.6251],[-162.4338,63.6362],[-162.4799,63.6204],[-162.5597,63.6331],[-162.6243,63.6218],[-162.6522,63.6001],[-162.719,63.5812]]],[[[-162.8601,54.4243],[-162.7852,54.3833],[-162.7317,54.4011],[-162.5708,54.3894],[-162.5615,54.4284],[-162.6678,54.4595],[-162.7997,54.4918],[-162.8337,54.4784],[-162.8349,54.4403],[-162.8601,54.4243]]],[[[-164.9432,62.6574],[-164.9388,62.6218],[-164.8788,62.5956],[-164.8163,62.6035],[-164.8428,62.6559],[-164.8655,62.666],[-164.9432,62.6574]]],[[[-164.9443,54.5773],[-164.9306,54.5227],[-164.8978,54.4956],[-164.8434,54.4201],[-164.7379,54.3947],[-164.7045,54.401],[-164.6475,54.3896],[-164.5995,54.4031],[-164.4497,54.421],[-164.375,54.4522],[-164.3334,54.4837],[-164.3434,54.5219],[-164.3217,54.5443],[-164.2067,54.5956],[-164.0908,54.6211],[-163.9563,54.6324],[-163.8116,54.6365],[-163.6884,54.6286],[-163.5873,54.6126],[-163.5739,54.628],[-163.5211,54.6328],[-163.5029,54.653],[-163.4187,54.6583],[-163.4086,54.6921],[-163.4251,54.7201],[-163.3954,54.7432],[-163.3329,54.7481],[-163.3223,54.7206],[-163.2896,54.7013],[-163.2242,54.6924],[-163.196,54.699],[-163.1471,54.6748],[-163.0851,54.6621],[-163.1018,54.7298],[-163.1471,54.7639],[-163.1828,54.774],[-163.2303,54.7545],[-163.3261,54.7514],[-163.3705,54.7855],[-163.373,54.8171],[-163.4032,54.8434],[-163.3947,54.8947],[-163.4269,54.9514],[-163.4882,54.9969],[-163.5324,55.0161],[-163.5402,55.0504],[-163.6628,55.04],[-163.7778,55.0516],[-163.8505,55.0342],[-163.8956,55.0357],[-163.9573,54.9984],[-164.0376,54.9675],[-164.0797,54.9592],[-164.1309,54.9673],[-164.1999,54.9312],[-164.269,54.9072],[-164.3379,54.8956],[-164.4313,54.9313],[-164.4949,54.9156],[-164.552,54.8881],[-164.5566,54.8502],[-164.6154,54.7789],[-164.6421,54.7345],[-164.7134,54.6573],[-164.8053,54.6374],[-164.8837,54.6061],[-164.9279,54.5984],[-164.9443,54.5773]]],[[[-164.9815,62.5606],[-164.9703,62.5509],[-164.8711,62.545],[-164.8822,62.5662],[-164.9815,62.5606]]],[[[-165.0278,60.8353],[-164.9991,60.8165],[-164.8909,60.837],[-164.9352,60.8612],[-165.005,60.8763],[-165.0278,60.8353]]],[[[-165.0288,62.6177],[-165.0138,62.5896],[-164.9552,62.6039],[-165.0024,62.6395],[-165.0288,62.6177]]],[[[-165.2195,54.1007],[-165.156,54.0798],[-165.1336,54.0858],[-165.0388,54.0656],[-164.9556,54.0731],[-164.9181,54.112],[-164.9316,54.1364],[-164.9744,54.1178],[-165.1405,54.1305],[-165.2195,54.1007]]],[[[-165.4814,54.0739],[-165.3345,54.0696],[-165.3157,54.047],[-165.2789,54.063],[-165.2613,54.0909],[-165.3642,54.0904],[-165.4814,54.0739]]],[[[-165.575,54.0416],[-165.5558,54.0236],[-165.4887,54.0365],[-165.5261,54.0643],[-165.575,54.0416]]],[[[-165.686,54.245],[-165.6418,54.2289],[-165.614,54.2448],[-165.5826,54.2255],[-165.6361,54.198],[-165.5983,54.1642],[-165.6226,54.1448],[-165.6116,54.1162],[-165.5748,54.1089],[-165.5368,54.129],[-165.5558,54.1442],[-165.4902,54.1602],[-165.4797,54.1798],[-165.4162,54.1798],[-165.3837,54.1972],[-165.4978,54.2098],[-165.5553,54.2383],[-165.518,54.2661],[-165.512,54.2994],[-165.5755,54.2804],[-165.6753,54.2672],[-165.686,54.245]]],[[[-166.1115,54.1227],[-166.0917,54.0958],[-166.0499,54.0736],[-166.0485,54.0445],[-165.9304,54.066],[-165.8514,54.0551],[-165.8484,54.0778],[-165.7711,54.0657],[-165.7133,54.0883],[-165.6784,54.0915],[-165.6618,54.1286],[-165.7359,54.1125],[-165.7923,54.1252],[-165.7376,54.1447],[-165.7466,54.1607],[-165.8115,54.1776],[-165.8317,54.1613],[-165.8778,54.1795],[-165.8707,54.2134],[-165.9796,54.2213],[-166.0245,54.191],[-166.0825,54.1769],[-166.1115,54.1227]]],[[[-166.1985,53.9865],[-166.1935,53.9597],[-166.1459,53.954],[-166.0883,53.9613],[-166.1046,53.9893],[-166.1633,53.9994],[-166.1985,53.9865]]],[[[-166.3104,53.7884],[-166.2909,53.7383],[-166.1853,53.7295],[-166.132,53.7686],[-166.1361,53.8195],[-166.1583,53.8446],[-166.2113,53.8295],[-166.2074,53.811],[-166.3003,53.7991],[-166.3104,53.7884]]],[[[-167.4594,60.2117],[-167.4123,60.1876],[-167.3435,60.1263],[-167.3065,60.0605],[-167.242,60.0565],[-167.1673,60.0108],[-167.1058,59.9884],[-167.047,59.9925],[-166.9039,59.9592],[-166.7856,59.9102],[-166.7575,59.8915],[-166.676,59.8801],[-166.614,59.8483],[-166.5053,59.8444],[-166.4328,59.8548],[-166.294,59.8193],[-166.2177,59.7817],[-166.1904,59.7502],[-166.0905,59.7606],[-166.0831,59.774],[-166.1449,59.8222],[-166.041,59.857],[-165.9483,59.8765],[-165.8749,59.8731],[-165.8309,59.8924],[-165.7634,59.9025],[-165.7202,59.8898],[-165.5823,59.9082],[-165.5654,59.9261],[-165.5823,59.9587],[-165.6527,59.9872],[-165.6327,60.0176],[-165.6843,60.034],[-165.7085,60.0685],[-165.6634,60.1158],[-165.7256,60.1619],[-165.6836,60.1983],[-165.6914,60.2244],[-165.7279,60.2467],[-165.6748,60.268],[-165.6844,60.2919],[-165.8831,60.3434],[-165.9259,60.3197],[-166.0024,60.3137],[-166.0767,60.3232],[-166.0701,60.3395],[-166.1974,60.3916],[-166.301,60.3792],[-166.3798,60.3532],[-166.4135,60.3698],[-166.497,60.3851],[-166.5806,60.3522],[-166.5687,60.3221],[-166.5907,60.308],[-166.6615,60.3177],[-166.7377,60.3122],[-166.8118,60.2822],[-166.803,60.2446],[-166.8513,60.2033],[-166.9397,60.204],[-166.9419,60.2222],[-167.0414,60.2142],[-167.0919,60.2245],[-167.2968,60.233],[-167.3686,60.2184],[-167.4111,60.1994],[-167.4594,60.2117]]],[[[-167.8522,53.3111],[-167.799,53.2923],[-167.7915,53.2768],[-167.7042,53.2683],[-167.6254,53.2522],[-167.602,53.2866],[-167.5596,53.2751],[-167.4955,53.278],[-167.4528,53.3207],[-167.3718,53.3357],[-167.3073,53.3343],[-167.2964,53.3697],[-167.2206,53.3824],[-167.14,53.4255],[-167.0854,53.4219],[-167.051,53.4488],[-166.9823,53.4487],[-166.8743,53.4305],[-166.861,53.4622],[-166.8208,53.4393],[-166.7658,53.4433],[-166.7456,53.4862],[-166.7984,53.5461],[-166.776,53.5538],[-166.7386,53.5079],[-166.6581,53.4862],[-166.6241,53.5555],[-166.5749,53.5566],[-166.5531,53.6244],[-166.4496,53.6353],[-166.4279,53.6577],[-166.2871,53.6835],[-166.2632,53.704],[-166.3081,53.735],[-166.3369,53.7857],[-166.4568,53.7495],[-166.4775,53.7221],[-166.5495,53.7278],[-166.5755,53.744],[-166.4995,53.7601],[-166.474,53.7884],[-166.4145,53.8073],[-166.3882,53.842],[-166.3316,53.8721],[-166.2851,53.8686],[-166.2384,53.8824],[-166.2631,53.9716],[-166.2838,53.9815],[-166.3374,53.9463],[-166.3792,53.9477],[-166.3551,53.9928],[-166.4099,53.9846],[-166.4164,53.9448],[-166.4481,53.9023],[-166.5085,53.8855],[-166.6172,53.8685],[-166.6472,53.9226],[-166.603,53.9554],[-166.6027,53.9854],[-166.6257,54.0062],[-166.6685,54.0167],[-166.7025,53.999],[-166.7461,54.0144],[-166.8348,53.98],[-166.8852,53.989],[-166.9772,53.9571],[-167.0073,53.9603],[-167.0353,53.9337],[-167.0748,53.9248],[-167.104,53.8792],[-167.1557,53.8589],[-167.152,53.8292],[-167.0936,53.82],[-167.0736,53.7874],[-167.0085,53.7557],[-166.9632,53.7775],[-166.9254,53.7601],[-166.7692,53.7221],[-166.7894,53.6963],[-166.8586,53.6726],[-166.8957,53.7167],[-167.0018,53.7155],[-167.0699,53.6842],[-167.0663,53.664],[-167.007,53.6423],[-167.0043,53.6217],[-167.0668,53.6169],[-167.1063,53.6345],[-167.1483,53.6229],[-167.1632,53.6014],[-167.1367,53.5511],[-167.0906,53.5256],[-167.159,53.5091],[-167.1557,53.4676],[-167.201,53.4622],[-167.287,53.4789],[-167.3346,53.4586],[-167.3518,53.4224],[-167.3908,53.4369],[-167.462,53.4461],[-167.498,53.3942],[-167.5941,53.3864],[-167.6954,53.3869],[-167.7539,53.348],[-167.8522,53.3111]]],[[[-168.1202,65.6479],[-168.0697,65.577],[-167.9841,65.5581],[-167.8467,65.5401],[-167.8294,65.5252],[-167.7063,65.5003],[-167.6054,65.4544],[-167.4672,65.415],[-167.4034,65.4026],[-167.2063,65.3963],[-167.0463,65.3856],[-166.9185,65.3663],[-166.8256,65.3442],[-166.6889,65.3287],[-166.5186,65.3355],[-166.4165,65.3139],[-166.3472,65.2763],[-166.3851,65.2536],[-166.4765,65.2229],[-166.4641,65.1763],[-166.57,65.1235],[-166.7094,65.1079],[-166.8306,65.1206],[-166.9354,65.1434],[-166.8586,65.0922],[-166.7396,65.0565],[-166.6842,65.0205],[-166.6893,64.9847],[-166.5408,64.9419],[-166.4531,64.9026],[-166.4049,64.8587],[-166.4265,64.8065],[-166.4752,64.796],[-166.4785,64.7353],[-166.3894,64.6392],[-166.2159,64.5813],[-165.8478,64.5402],[-165.6678,64.5283],[-165.4005,64.4961],[-165.181,64.4649],[-165.0084,64.4345],[-164.9857,64.4414],[-164.8358,64.4456],[-164.5405,64.5195],[-164.3951,64.5508],[-164.3073,64.5615],[-164.1715,64.5654],[-163.9757,64.5521],[-163.8751,64.5735],[-163.5975,64.5636],[-163.3841,64.5168],[-163.253,64.4695],[-163.2508,64.4545],[-163.1762,64.3995],[-163.1086,64.409],[-163.0903,64.4643],[-163.0272,64.4779],[-163.0292,64.508],[-163.1298,64.5052],[-163.1776,64.5369],[-163.2578,64.5425],[-163.3573,64.5843],[-163.2503,64.6244],[-163.2425,64.6502],[-163.1344,64.6484],[-163.148,64.6199],[-163.0382,64.5856],[-163.0158,64.5523],[-162.9379,64.5428],[-162.9192,64.5199],[-162.854,64.4994],[-162.8642,64.4705],[-162.8021,64.4025],[-162.8099,64.3561],[-162.7389,64.3574],[-162.6314,64.3854],[-162.6388,64.4094],[-162.6022,64.4499],[-162.6139,64.472],[-162.5434,64.5315],[-162.2338,64.6203],[-162.2168,64.6564],[-162.1663,64.6821],[-162.1011,64.6923],[-161.9453,64.6998],[-161.8661,64.751],[-161.7239,64.7724],[-161.6417,64.7745],[-161.517,64.7536],[-161.3667,64.7791],[-161.3561,64.8106],[-161.299,64.8489],[-161.1994,64.8928],[-161.1856,64.9252],[-161.0778,64.8682],[-160.9864,64.8334],[-160.8842,64.8117],[-160.8668,64.7831],[-160.7833,64.7182],[-160.7933,64.6176],[-160.8948,64.5821],[-160.9613,64.5434],[-161.0111,64.5393],[-161.0102,64.5031],[-161.072,64.4936],[-161.2188,64.4967],[-161.3938,64.5311],[-161.4703,64.5055],[-161.4729,64.4493],[-161.4548,64.4204],[-161.3868,64.4157],[-161.2361,64.3806],[-161.2298,64.3706],[-161.0024,64.25],[-160.9512,64.2073],[-160.9524,64.0888],[-160.8957,63.9897],[-160.8464,63.9488],[-160.768,63.8353],[-160.763,63.7879],[-160.801,63.7363],[-160.8714,63.6898],[-160.9093,63.6531],[-160.9635,63.6212],[-161.0101,63.6228],[-161.0385,63.5796],[-161.1078,63.5526],[-161.1398,63.5019],[-161.3104,63.4702],[-161.385,63.4701],[-161.4474,63.4556],[-161.5853,63.4491],[-161.6956,63.4638],[-161.8135,63.439],[-161.8792,63.4505],[-161.9253,63.4425],[-162.0034,63.4478],[-162.099,63.4297],[-162.0851,63.4647],[-162.0183,63.48],[-162.0781,63.5118],[-162.2071,63.5212],[-162.2619,63.5414],[-162.3116,63.5391],[-162.2725,63.485],[-162.3756,63.4402],[-162.4203,63.3957],[-162.5847,63.273],[-162.6678,63.2247],[-162.7263,63.2112],[-162.8211,63.2056],[-162.8492,63.1532],[-162.9131,63.123],[-162.9722,63.1091],[-163.0423,63.062],[-163.108,63.0499],[-163.2927,63.0398],[-163.3475,63.0281],[-163.3691,63.0557],[-163.4209,63.0832],[-163.4863,63.0992],[-163.5301,63.134],[-163.5976,63.1324],[-163.7333,63.1967],[-163.869,63.2186],[-163.9901,63.2516],[-164.0507,63.2617],[-164.1802,63.2576],[-164.3217,63.2422],[-164.4111,63.2155],[-164.5853,63.1247],[-164.533,63.0496],[-164.5613,63.0258],[-164.6552,63.0292],[-164.7079,63.009],[-164.7879,62.9442],[-164.87,62.7879],[-164.8549,62.7473],[-164.8698,62.7174],[-164.8414,62.6999],[-164.8265,62.6489],[-164.7703,62.5915],[-164.8523,62.5699],[-164.8536,62.5486],[-164.7799,62.5384],[-164.833,62.4968],[-164.8611,62.5332],[-164.9458,62.5279],[-165.0593,62.5352],[-165.2012,62.4724],[-165.3072,62.3928],[-165.3229,62.3605],[-165.3553,62.3576],[-165.428,62.3033],[-165.5082,62.2545],[-165.6308,62.1668],[-165.6589,62.1611],[-165.7605,62.0388],[-165.7551,61.9853],[-165.7209,61.9304],[-165.6825,61.8941],[-165.615,61.8528],[-165.8709,61.8224],[-165.9224,61.829],[-166.0961,61.815],[-166.0987,61.7955],[-166.0499,61.765],[-166.0031,61.7188],[-165.9146,61.6982],[-165.8632,61.6994],[-165.7745,61.6767],[-165.9057,61.6617],[-166.054,61.6382],[-166.1721,61.6359],[-166.1875,61.5923],[-166.1483,61.5176],[-166.0021,61.5392],[-165.9439,61.5547],[-165.8513,61.5301],[-165.8169,61.5307],[-165.762,61.4985],[-165.7707,61.457],[-165.9201,61.4196],[-165.9233,61.3898],[-165.8788,61.3282],[-165.8378,61.3092],[-165.787,61.3128],[-165.6942,61.2929],[-165.6099,61.2925],[-165.5933,61.2732],[-165.6421,61.2284],[-165.6167,61.1964],[-165.627,61.1672],[-165.5982,61.1094],[-165.5396,61.0897],[-165.3947,61.0787],[-165.3693,61.0833],[-165.3579,61.1273],[-165.3001,61.1811],[-165.2396,61.1506],[-165.1732,61.1432],[-165.1851,61.1191],[-165.138,61.1016],[-165.1214,61.0786],[-165.013,61.0535],[-164.9524,61.0693],[-164.9486,61.0264],[-165.0214,61.0106],[-165.1165,61.0155],[-165.1915,60.9831],[-165.1562,60.9288],[-165.0759,60.9111],[-165.0258,60.9107],[-164.9557,60.9478],[-164.9203,60.9296],[-164.9577,60.9025],[-164.9316,60.8733],[-164.8644,60.8439],[-164.8871,60.8193],[-164.9972,60.7869],[-165.0341,60.7867],[-165.0105,60.7448],[-164.9689,60.7258],[-165.0275,60.686],[-165.0628,60.6878],[-165.0997,60.6542],[-165.1507,60.6493],[-165.192,60.6163],[-165.2311,60.6172],[-165.2526,60.589],[-165.2944,60.5743],[-165.3822,60.5773],[-165.4184,60.5554],[-165.3779,60.5108],[-165.2705,60.4928],[-165.196,60.4967],[-165.0612,60.544],[-164.9713,60.5396],[-164.9657,60.5086],[-165.0011,60.4807],[-165.0967,60.4547],[-165.1294,60.4337],[-165.017,60.3638],[-164.939,60.3297],[-164.8346,60.3006],[-164.6669,60.2863],[-164.6421,60.2467],[-164.4874,60.1813],[-164.4926,60.1654],[-164.3857,60.0763],[-164.2048,60.0289],[-164.1211,59.9883],[-164.2214,59.9443],[-164.1653,59.8621],[-164.1368,59.8425],[-164.0509,59.8208],[-163.9632,59.8074],[-163.8225,59.7952],[-163.7048,59.7948],[-163.4443,59.8079],[-163.1941,59.8394],[-163.086,59.861],[-162.8824,59.9231],[-162.8085,59.9339],[-162.7644,59.9498],[-162.7197,59.9917],[-162.6304,59.974],[-162.5434,59.9817],[-162.4781,60.0301],[-162.4995,60.1286],[-162.4513,60.1744],[-162.3726,60.1691],[-162.3217,60.1126],[-162.2256,60.0607],[-162.1738,59.989],[-162.1047,59.9508],[-162.111,59.9236],[-162.0608,59.8594],[-161.9684,59.7992],[-161.9291,59.7381],[-161.8815,59.7023],[-161.8688,59.6387],[-161.8148,59.588],[-161.7713,59.5597],[-161.7012,59.4984],[-161.7118,59.4789],[-161.8036,59.4592],[-161.8193,59.4309],[-161.8636,59.4226],[-161.8806,59.3959],[-161.9549,59.3789],[-161.9559,59.3523],[-161.9929,59.3384],[-162.0558,59.2648],[-161.9808,59.1482],[-161.8787,59.0681],[-161.8218,59.0506],[-161.8413,59.0291],[-161.7887,58.972],[-161.7834,58.8834],[-161.7532,58.8063],[-161.8045,58.7371],[-161.8657,58.7065],[-161.839,58.6927],[-161.8892,58.6545],[-161.9974,58.6812],[-162.0237,58.6704],[-162.1174,58.6686],[-162.1523,58.6386],[-162.0755,58.621],[-161.982,58.6318],[-161.8209,58.6287],[-161.7736,58.6017],[-161.7593,58.5503],[-161.687,58.5602],[-161.63,58.5992],[-161.56,58.6019],[-161.5288,58.6286],[-161.3621,58.662],[-161.3762,58.6775],[-161.3595,58.7227],[-161.2885,58.7711],[-161.1316,58.8001],[-160.9906,58.854],[-160.9607,58.8752],[-160.879,58.8824],[-160.8287,58.8523],[-160.752,58.9056],[-160.6856,58.9387],[-160.5148,59.0122],[-160.3901,59.0527],[-160.3607,59.072],[-160.2816,59.0273],[-160.2533,58.9851],[-160.3131,58.9617],[-160.2692,58.9475],[-160.2461,58.9216],[-160.1943,58.9125],[-160.151,58.8872],[-160.1654,58.8678],[-160.0931,58.8608],[-160.0872,58.8772],[-160.0066,58.8791],[-159.9831,58.8634],[-159.9915,58.8342],[-159.901,58.7731],[-159.7942,58.8054],[-159.8121,58.8421],[-159.7512,58.8431],[-159.7691,58.8713],[-159.7275,58.9132],[-159.6495,58.9371],[-159.6156,58.9312],[-159.5847,58.8948],[-159.6354,58.8465],[-159.5009,58.822],[-159.4092,58.7725],[-159.3422,58.7178],[-159.1886,58.5573],[-159.1012,58.474],[-159.0615,58.4264],[-158.9038,58.3939],[-158.8441,58.3988],[-158.7895,58.4171],[-158.7408,58.453],[-158.7023,58.4952],[-158.7549,58.5086],[-158.7758,58.5516],[-158.8333,58.6239],[-158.8661,58.6957],[-158.8977,58.7159],[-158.8028,58.736],[-158.7751,58.7726],[-158.7958,58.8098],[-158.7746,58.8468],[-158.7362,58.873],[-158.6157,58.9134],[-158.6093,58.9399],[-158.5339,58.9961],[-158.5338,59.0235],[-158.4553,59.0384],[-158.4249,59.0669],[-158.3565,59.0578],[-158.3543,59.0366],[-158.4817,58.9994],[-158.5095,58.8629],[-158.5575,58.8319],[-158.5633,58.8046],[-158.5248,58.7883],[-158.4409,58.7756],[-158.3792,58.7526],[-158.3454,58.722],[-158.331,58.6632],[-158.273,58.6335],[-158.2139,58.6158],[-158.1403,58.615],[-158.0776,58.6255],[-157.8636,58.6773],[-157.7065,58.7299],[-157.5549,58.7565],[-157.5327,58.7726],[-157.4298,58.793],[-157.3294,58.8334],[-157.2638,58.8375],[-157.0829,58.8748],[-157.0424,58.9146],[-157.046,58.9423],[-157.0154,58.9678],[-156.973,58.9482],[-156.9799,58.9014],[-157.0162,58.8688],[-156.9892,58.8521],[-156.9932,58.8215],[-157.0626,58.7697],[-157.0805,58.7078],[-157.1712,58.6683],[-157.26,58.6166],[-157.3359,58.5474],[-157.3784,58.5232],[-157.4519,58.5056],[-157.4815,58.4761],[-157.5346,58.3893],[-157.5466,58.3341],[-157.5362,58.2716],[-157.4419,58.2073],[-157.3883,58.2053],[-157.4327,58.1656],[-157.5506,58.1595],[-157.5878,58.109],[-157.6126,58.0211],[-157.6347,57.8966],[-157.6582,57.7988],[-157.7054,57.7104],[-157.7112,57.6377],[-157.6983,57.6144],[-157.6018,57.612],[-157.5699,57.5209],[-157.5988,57.4887],[-157.6433,57.4895],[-157.6571,57.5199],[-157.7004,57.5652],[-157.788,57.5422],[-157.8703,57.4936],[-157.93,57.474],[-157.9898,57.4133],[-158.0811,57.3713],[-158.0838,57.3572],[-158.1838,57.3359],[-158.3071,57.2896],[-158.3796,57.2465],[-158.5402,57.1251],[-158.6624,57.0136],[-158.6969,56.938],[-158.6813,56.9227],[-158.6936,56.8881],[-158.6512,56.8443],[-158.6493,56.8028],[-158.7507,56.7943],[-158.7748,56.786],[-158.859,56.7973],[-158.9119,56.8137],[-158.95,56.8422],[-159.0331,56.8079],[-159.2799,56.7157],[-159.3888,56.6905],[-159.5485,56.6212],[-159.8152,56.5477],[-159.9428,56.4733],[-160.0604,56.4172],[-160.1496,56.3963],[-160.1963,56.3726],[-160.2285,56.3421],[-160.3504,56.2835],[-160.3827,56.2484],[-160.4488,56.1404],[-160.4502,56.1242],[-160.4999,56.0635],[-160.5835,55.9865],[-160.5246,55.9773],[-160.5158,55.948],[-160.4761,55.9189],[-160.4182,55.9098],[-160.3908,55.8916],[-160.2922,55.8532],[-160.2551,55.858],[-160.2216,55.8345],[-160.2948,55.8238],[-160.2917,55.7965],[-160.3226,55.7808],[-160.3818,55.7825],[-160.3987,55.8075],[-160.4721,55.7952],[-160.4621,55.8318],[-160.4947,55.8642],[-160.6511,55.8576],[-160.7566,55.8813],[-160.7668,55.8546],[-160.7521,55.8051],[-160.7621,55.7861],[-160.716,55.7745],[-160.6516,55.7393],[-160.6699,55.6974],[-160.7066,55.736],[-160.7777,55.7505],[-160.7999,55.7287],[-160.9028,55.804],[-160.9539,55.8254],[-160.9582,55.8665],[-161.0057,55.8748],[-161.0138,55.9151],[-160.9468,55.947],[-160.8922,55.9532],[-160.861,55.9812],[-160.8766,55.9998],[-160.9674,55.97],[-161.0221,55.9619],[-161.0471,55.9439],[-161.1886,55.9611],[-161.227,55.9528],[-161.28,55.9587],[-161.275,55.9846],[-161.5773,55.9384],[-161.6919,55.9099],[-161.8098,55.8918],[-161.9345,55.8194],[-161.9945,55.7978],[-162.0506,55.7909],[-162.1466,55.7333],[-162.2142,55.7134],[-162.2692,55.6856],[-162.384,55.5898],[-162.515,55.4961],[-162.5913,55.4527],[-162.5045,55.4628],[-162.5189,55.4303],[-162.4954,55.3894],[-162.5359,55.3585],[-162.5749,55.3479],[-162.6405,55.3683],[-162.6802,55.3523],[-162.7353,55.3078],[-162.798,55.311],[-162.9107,55.2495],[-162.8503,55.2415],[-162.872,55.1795],[-162.9929,55.1786],[-163.0338,55.1684],[-163.0821,55.1816],[-163.1455,55.1759],[-163.2011,55.1613],[-163.3228,55.1018],[-163.2841,55.0518],[-163.2798,55.0133],[-163.2916,54.9662],[-163.3361,54.9546],[-163.3461,54.9262],[-163.3163,54.9078],[-163.3237,54.8754],[-163.3873,54.8575],[-163.3572,54.8108],[-163.3173,54.8082],[-163.2998,54.8292],[-163.2189,54.8414],[-163.1977,54.869],[-163.0622,54.9256],[-163.0313,54.9441],[-163.0504,54.9708],[-163.1486,55.014],[-163.2162,55.0283],[-163.2196,55.0411],[-163.1846,55.0977],[-163.1433,55.0942],[-163.0677,55.1072],[-163.0073,55.0805],[-162.9455,55.0255],[-162.9663,55.0013],[-162.8811,54.9337],[-162.7794,54.9349],[-162.7199,54.9524],[-162.7178,54.9827],[-162.6814,54.9978],[-162.6207,54.9916],[-162.57,54.9747],[-162.5687,55.0193],[-162.5973,55.0557],[-162.6023,55.0871],[-162.6269,55.1148],[-162.5881,55.1413],[-162.6484,55.197],[-162.6922,55.1951],[-162.7238,55.2265],[-162.6633,55.2979],[-162.5694,55.3007],[-162.5887,55.2717],[-162.5136,55.2506],[-162.5,55.1858],[-162.4822,55.1597],[-162.4489,55.152],[-162.4005,55.1156],[-162.436,55.106],[-162.4683,55.1247],[-162.521,55.1154],[-162.4953,55.0671],[-162.4148,55.0354],[-162.3025,55.0385],[-162.2516,55.0183],[-162.1921,55.0574],[-162.2214,55.1173],[-162.1474,55.1561],[-162.1113,55.1482],[-162.1377,55.1128],[-162.0508,55.0718],[-162.0204,55.0913],[-161.9596,55.1062],[-161.9462,55.1257],[-161.9625,55.1585],[-161.9998,55.1798],[-162.0282,55.2365],[-161.9777,55.2357],[-161.9322,55.2125],[-161.8783,55.2237],[-161.8608,55.2709],[-161.8243,55.2931],[-161.6884,55.4042],[-161.7002,55.4274],[-161.6875,55.5059],[-161.6987,55.5206],[-161.6509,55.5587],[-161.6136,55.6075],[-161.5418,55.6285],[-161.4548,55.6336],[-161.3878,55.6271],[-161.362,55.5912],[-161.4238,55.5269],[-161.479,55.4906],[-161.4729,55.46],[-161.5039,55.3609],[-161.4539,55.3576],[-161.3593,55.3836],[-161.3154,55.36],[-161.2421,55.3562],[-161.1839,55.3834],[-161.1215,55.3951],[-160.9973,55.4403],[-160.9465,55.5076],[-160.899,55.5258],[-160.8544,55.5239],[-160.8258,55.505],[-160.8378,55.4721],[-160.7979,55.4564],[-160.6882,55.458],[-160.6633,55.4648],[-160.6493,55.5041],[-160.6621,55.5192],[-160.7688,55.5293],[-160.7579,55.5519],[-160.7169,55.5583],[-160.6686,55.5449],[-160.6114,55.5793],[-160.5558,55.5236],[-160.5363,55.4799],[-160.4707,55.4937],[-160.4652,55.5274],[-160.3869,55.606],[-160.3876,55.6281],[-160.433,55.64],[-160.4138,55.6646],[-160.3524,55.6468],[-160.2795,55.6387],[-160.2363,55.6664],[-160.2134,55.6552],[-160.1269,55.6647],[-160.1411,55.7042],[-160.0296,55.7181],[-160.0132,55.7354],[-160.0499,55.7604],[-160.026,55.7912],[-159.9617,55.7962],[-159.8607,55.7881],[-159.821,55.8562],[-159.7256,55.8505],[-159.6419,55.828],[-159.6266,55.8033],[-159.6791,55.7398],[-159.6528,55.7139],[-159.6755,55.6578],[-159.6135,55.6349],[-159.7051,55.6086],[-159.7309,55.5706],[-159.6224,55.5896],[-159.599,55.6277],[-159.5391,55.6516],[-159.5335,55.6976],[-159.5553,55.7107],[-159.4957,55.7617],[-159.5122,55.8417],[-159.5474,55.8659],[-159.4928,55.9003],[-159.4722,55.8736],[-159.4634,55.819],[-159.4361,55.7943],[-159.4021,55.7989],[-159.4011,55.8567],[-159.3471,55.8785],[-159.2903,55.8669],[-159.2806,55.8892],[-159.2059,55.8996],[-159.1692,55.8905],[-159.1324,55.9095],[-159.0708,55.9241],[-159.0326,55.8935],[-159.0016,55.9288],[-158.9153,55.9284],[-158.8471,56.0142],[-158.8132,55.9901],[-158.7203,56.0053],[-158.7507,55.961],[-158.7246,55.9539],[-158.6934,55.9823],[-158.6439,55.9908],[-158.64,56.0197],[-158.6652,56.036],[-158.6599,56.0606],[-158.6816,56.1073],[-158.641,56.113],[-158.5839,56.1419],[-158.5948,56.0428],[-158.5584,56.0321],[-158.5134,55.9821],[-158.494,56.0073],[-158.415,56.0041],[-158.4097,56.0438],[-158.4536,56.0558],[-158.3944,56.0891],[-158.4371,56.1405],[-158.3755,56.174],[-158.3498,56.1498],[-158.2165,56.1928],[-158.1601,56.2171],[-158.1749,56.2362],[-158.2621,56.1931],[-158.3107,56.2364],[-158.2173,56.2685],[-158.199,56.2898],[-158.2822,56.3033],[-158.3313,56.3248],[-158.4022,56.327],[-158.4726,56.3406],[-158.5072,56.3744],[-158.4647,56.3976],[-158.4077,56.4522],[-158.3263,56.4831],[-158.1805,56.4564],[-158.1265,56.462],[-158.1004,56.513],[-158.026,56.5106],[-157.9601,56.4882],[-157.8849,56.4738],[-157.83,56.4988],[-157.84,56.5666],[-157.9624,56.5656],[-158.124,56.5295],[-158.1209,56.5538],[-158.0247,56.6032],[-157.9575,56.6104],[-157.9288,56.639],[-157.8346,56.6579],[-157.7865,56.6762],[-157.7368,56.6756],[-157.7031,56.6251],[-157.6729,56.6112],[-157.605,56.6205],[-157.4904,56.6176],[-157.4501,56.6412],[-157.4803,56.6721],[-157.5508,56.681],[-157.5618,56.706],[-157.5356,56.7482],[-157.5097,56.7648],[-157.4017,56.7729],[-157.4194,56.7998],[-157.4624,56.8096],[-157.4712,56.8335],[-157.4369,56.8585],[-157.3832,56.8621],[-157.2252,56.7741],[-157.1684,56.7725],[-157.1408,56.7901],[-157.137,56.8337],[-157.077,56.8354],[-157.0271,56.8913],[-156.9547,56.913],[-156.9343,56.9551],[-156.8891,56.9653],[-156.8496,56.9266],[-156.8064,56.905],[-156.7854,56.9697],[-156.7471,56.9984],[-156.7822,57.0261],[-156.7203,57.0385],[-156.6762,57.0055],[-156.5616,56.9813],[-156.5508,56.9997],[-156.5806,57.0441],[-156.5149,57.0482],[-156.4761,57.0774],[-156.4408,57.0825],[-156.4476,57.1102],[-156.3682,57.143],[-156.327,57.1868],[-156.3814,57.1991],[-156.4032,57.2214],[-156.3782,57.2466],[-156.3376,57.2499],[-156.3151,57.2937],[-156.3532,57.3243],[-156.5157,57.2901],[-156.5385,57.3256],[-156.4576,57.3448],[-156.4017,57.372],[-156.3239,57.4241],[-156.2201,57.4453],[-156.1808,57.4817],[-156.1303,57.4681],[-156.0937,57.4379],[-156.0233,57.4339],[-156.0351,57.4686],[-156.044,57.5645],[-156.0061,57.567],[-155.9337,57.5338],[-155.862,57.5527],[-155.8502,57.5674],[-155.7839,57.5466],[-155.7353,57.5432],[-155.7275,57.5781],[-155.7375,57.6323],[-155.6935,57.6458],[-155.5955,57.6597],[-155.58,57.6776],[-155.6322,57.6995],[-155.612,57.7486],[-155.6182,57.7717],[-155.5607,57.7901],[-155.493,57.7551],[-155.4142,57.7434],[-155.3771,57.7117],[-155.3014,57.7248],[-155.2956,57.75],[-155.3369,57.785],[-155.3317,57.8295],[-155.278,57.822],[-155.2175,57.8373],[-155.2036,57.8712],[-155.1528,57.8558],[-155.0841,57.8737],[-155.0626,57.8973],[-155.1167,57.946],[-155.0515,57.9511],[-155.0267,57.9908],[-154.9573,58.0015],[-154.9149,58.0213],[-154.8294,58.0172],[-154.8076,57.9998],[-154.7374,58.0125],[-154.7224,58.0507],[-154.6513,58.0623],[-154.6411,58.0316],[-154.5684,58.0238],[-154.5381,58.0683],[-154.6028,58.1244],[-154.4792,58.0936],[-154.4483,58.0958],[-154.4677,58.1427],[-154.4356,58.1473],[-154.341,58.0838],[-154.3312,58.1598],[-154.2723,58.1288],[-154.2744,58.1998],[-154.2227,58.1841],[-154.1644,58.1981],[-154.1507,58.2308],[-154.2061,58.2531],[-154.1057,58.2771],[-154.1809,58.3205],[-154.2002,58.2932],[-154.2574,58.2957],[-154.2543,58.2726],[-154.3049,58.2643],[-154.3278,58.2925],[-154.2268,58.3315],[-154.1785,58.3589],[-154.1044,58.3505],[-154.0461,58.3568],[-154.0011,58.3764],[-154.0119,58.4023],[-154.0577,58.4082],[-154.0778,58.4761],[-154.0645,58.4866],[-153.9331,58.4949],[-153.8978,58.5686],[-153.8925,58.6077],[-153.8395,58.6123],[-153.7692,58.6044],[-153.6616,58.6145],[-153.5927,58.6338],[-153.5562,58.6858],[-153.4457,58.7096],[-153.3957,58.7498],[-153.37,58.8171],[-153.3368,58.8489],[-153.3219,58.8836],[-153.3298,58.9255],[-153.3635,58.9256],[-153.4863,58.9995],[-153.5215,58.9834],[-153.6091,59.0063],[-153.7041,59.0759],[-153.7506,59.0659],[-153.7876,59.0787],[-153.8537,59.0543],[-154.0193,59.0741],[-154.0636,59.0727],[-154.1198,59.032],[-154.1652,59.0285],[-154.2008,59.062],[-154.1686,59.1016],[-154.1744,59.121],[-154.2606,59.1282],[-154.227,59.1691],[-154.1684,59.1786],[-154.1498,59.2002],[-154.135,59.2693],[-154.111,59.3027],[-154.0192,59.3312],[-154.0469,59.3531],[-154.1029,59.3667],[-154.0454,59.3896],[-154.0249,59.3772],[-153.951,59.3841],[-153.9028,59.4176],[-153.8234,59.418],[-153.7275,59.4353],[-153.7035,59.4643],[-153.7339,59.5058],[-153.7748,59.5248],[-153.7205,59.5515],[-153.5843,59.5542],[-153.5578,59.5892],[-153.6267,59.6453],[-153.4925,59.6374],[-153.4672,59.6521],[-153.4438,59.7171],[-153.4632,59.7642],[-153.4351,59.7749],[-153.3817,59.7323],[-153.3731,59.6996],[-153.389,59.6644],[-153.4224,59.6508],[-153.3417,59.622],[-153.3024,59.6316],[-153.3196,59.664],[-153.2813,59.6703],[-153.2611,59.6398],[-153.2201,59.6354],[-153.1559,59.656],[-153.0468,59.7065],[-152.9987,59.7822],[-152.9914,59.8105],[-153.0214,59.8345],[-153.0897,59.8336],[-153.1472,59.8087],[-153.1946,59.8252],[-153.1959,59.8526],[-153.0358,59.8831],[-152.8883,59.8828],[-152.8084,59.8777],[-152.7918,59.8954],[-152.7085,59.9127],[-152.6825,59.9636],[-152.6,60.0169],[-152.573,60.0785],[-152.5975,60.1018],[-152.6584,60.1216],[-152.6778,60.1556],[-152.7645,60.1947],[-152.8544,60.2188],[-152.885,60.2423],[-152.7497,60.2249],[-152.7209,60.2423],[-152.6601,60.242],[-152.6103,60.2216],[-152.5488,60.2294],[-152.5378,60.2473],[-152.4683,60.2804],[-152.3939,60.3033],[-152.372,60.3514],[-152.2408,60.3926],[-152.3081,60.4172],[-152.3314,60.4735],[-152.3091,60.5072],[-152.2659,60.5369],[-152.1511,60.5863],[-152.1005,60.6005],[-152.081,60.6441],[-152.0351,60.6822],[-151.975,60.7144],[-151.8926,60.7288],[-151.8471,60.7496],[-151.8092,60.7304],[-151.7164,60.7104],[-151.706,60.7324],[-151.7986,60.8374],[-151.7702,60.8769],[-151.6411,60.9422],[-151.6221,60.9582],[-151.4877,61.0123],[-151.3413,61.0116],[-151.3087,61.0316],[-151.1647,61.0468],[-151.1381,61.0661],[-151.0708,61.1448],[-151.0348,61.1708],[-150.9334,61.207],[-150.8833,61.2097],[-150.6911,61.2608],[-150.6559,61.2936],[-150.6205,61.278],[-150.5517,61.2947],[-150.5278,61.268],[-150.4688,61.2446],[-150.3887,61.2459],[-150.287,61.2574],[-150.2049,61.2595],[-150.0748,61.2535],[-149.9859,61.2375],[-149.9172,61.2675],[-149.9112,61.34],[-149.8822,61.3828],[-149.8181,61.3963],[-149.7574,61.4468],[-149.6431,61.4878],[-149.4775,61.502],[-149.4011,61.5175],[-149.376,61.5011],[-149.2827,61.4747],[-149.3819,61.4669],[-149.4372,61.4411],[-149.5758,61.4077],[-149.6241,61.3906],[-149.7024,61.3821],[-149.717,61.3369],[-149.8118,61.3152],[-149.928,61.2069],[-150.0258,61.1989],[-150.0656,61.1511],[-149.9692,61.1325],[-149.933,61.1112],[-149.8516,61.0872],[-149.7421,61.0188],[-149.6391,60.9989],[-149.6114,60.9854],[-149.4952,60.9831],[-149.3632,60.9261],[-149.1973,60.9445],[-149.0952,60.913],[-149.0085,60.8548],[-149.1697,60.8871],[-149.2616,60.895],[-149.3516,60.8944],[-149.4308,60.902],[-149.4706,60.9179],[-149.5658,60.9354],[-149.6459,60.9238],[-149.6693,60.9449],[-149.7671,60.9682],[-149.8537,60.9674],[-149.9036,60.9399],[-149.9487,60.8986],[-150.0225,60.8841],[-150.0912,60.8858],[-150.1399,60.9019],[-150.1941,60.9013],[-150.2897,60.9661],[-150.3417,61.0242],[-150.3966,61.038],[-150.6296,60.967],[-150.6784,60.9583],[-150.7132,60.9346],[-150.8259,60.8846],[-151.012,60.8093],[-151.0258,60.7963],[-151.1097,60.7835],[-151.2192,60.78],[-151.2705,60.7513],[-151.4093,60.7206],[-151.4057,60.6985],[-151.3624,60.6535],[-151.3367,60.5876],[-151.2684,60.549],[-151.281,60.5126],[-151.2962,60.3923],[-151.3794,60.3622],[-151.382,60.297],[-151.3951,60.2495],[-151.4217,60.2129],[-151.5179,60.145],[-151.6169,60.0952],[-151.718,60.0095],[-151.7609,59.9114],[-151.7996,59.8819],[-151.8333,59.8141],[-151.8719,59.7725],[-151.8043,59.7084],[-151.6421,59.649],[-151.4914,59.6334],[-151.4248,59.6705],[-151.3402,59.6839],[-151.2012,59.7345],[-151.0897,59.7865],[-150.9904,59.797],[-150.9703,59.7761],[-151.017,59.7605],[-151.1137,59.6979],[-151.1087,59.6746],[-151.2047,59.6411],[-151.188,59.6087],[-151.2573,59.5959],[-151.3495,59.5674],[-151.3859,59.5432],[-151.4403,59.5422],[-151.5035,59.4835],[-151.57,59.4689],[-151.6516,59.4849],[-151.7032,59.4707],[-151.7217,59.4409],[-151.7732,59.4475],[-151.8805,59.4227],[-151.8983,59.4016],[-151.8756,59.3607],[-151.9631,59.345],[-151.9914,59.3127],[-151.9771,59.2556],[-151.8855,59.2499],[-151.9181,59.2288],[-151.8625,59.2104],[-151.7565,59.2001],[-151.7499,59.1612],[-151.6138,59.1649],[-151.575,59.1731],[-151.5736,59.2046],[-151.505,59.1955],[-151.5013,59.229],[-151.4332,59.2532],[-151.3779,59.2445],[-151.3035,59.2096],[-151.2638,59.227],[-151.1648,59.2026],[-151.0997,59.2298],[-151.1021,59.2549],[-151.0444,59.2936],[-150.9968,59.2577],[-151.0222,59.2389],[-150.9381,59.234],[-150.8894,59.2672],[-150.9191,59.3032],[-150.8454,59.3486],[-150.7705,59.3752],[-150.7379,59.424],[-150.694,59.4322],[-150.6605,59.4162],[-150.6051,59.4232],[-150.5812,59.4452],[-150.5801,59.4922],[-150.6638,59.5403],[-150.5938,59.5481],[-150.5744,59.5779],[-150.5083,59.5757],[-150.5708,59.5304],[-150.5248,59.4953],[-150.5219,59.4657],[-150.4849,59.4599],[-150.4315,59.5143],[-150.4096,59.5593],[-150.3824,59.5672],[-150.3209,59.6271],[-150.3082,59.6562],[-150.2301,59.7402],[-150.2177,59.7209],[-150.2465,59.6914],[-150.2635,59.6288],[-150.3177,59.5921],[-150.2904,59.5808],[-150.3681,59.5156],[-150.3363,59.507],[-150.3901,59.476],[-150.3512,59.4616],[-150.4137,59.4236],[-150.4048,59.3885],[-150.3061,59.4318],[-150.3145,59.482],[-150.2566,59.4846],[-150.2347,59.5262],[-150.1965,59.5518],[-150.1162,59.5684],[-150.083,59.6642],[-150.0463,59.6489],[-149.9337,59.669],[-149.922,59.7166],[-149.9747,59.752],[-150.066,59.7761],[-150.0097,59.7931],[-149.9635,59.7701],[-149.9172,59.7708],[-149.8867,59.7403],[-149.7648,59.7037],[-149.7815,59.6791],[-149.7447,59.6656],[-149.7566,59.7552],[-149.7852,59.7642],[-149.792,59.8057],[-149.8167,59.8334],[-149.8062,59.8519],[-149.753,59.8641],[-149.7219,59.8979],[-149.7429,59.9437],[-149.6882,59.9508],[-149.6652,59.9279],[-149.6619,59.8546],[-149.6248,59.8157],[-149.5918,59.8452],[-149.568,59.9006],[-149.5344,59.9227],[-149.4838,59.9311],[-149.4305,59.979],[-149.3904,59.9958],[-149.445,60.0339],[-149.4299,60.1158],[-149.3701,60.1215],[-149.3438,60.0783],[-149.3235,59.9727],[-149.2962,59.9703],[-149.3025,59.9185],[-149.2403,59.929],[-149.2252,59.9672],[-149.1663,60.0288],[-149.064,60.0556],[-149.039,60.0449],[-149.1223,59.9822],[-149.1248,59.9648],[-148.9924,59.9539],[-148.9594,59.9731],[-148.9184,59.9712],[-148.8596,59.9244],[-148.8013,59.9528],[-148.7459,59.9569],[-148.6757,59.9226],[-148.6168,59.9209],[-148.5462,59.9691],[-148.5414,60.0306],[-148.4716,59.9535],[-148.4286,59.9481],[-148.4011,59.9836],[-148.41,60.0284],[-148.3664,60.0887],[-148.3885,60.102],[-148.3484,60.1651],[-148.2916,60.1567],[-148.2947,60.0941],[-148.226,60.0783],[-148.2532,60.0441],[-148.3138,60.0265],[-148.2255,60.0134],[-148.1705,60.0266],[-148.0848,60.1105],[-148.0389,60.1883],[-148.0824,60.1917],[-148.0905,60.1379],[-148.1381,60.1616],[-148.0868,60.2142],[-148.1494,60.2362],[-148.1871,60.2024],[-148.2315,60.2351],[-148.2758,60.2493],[-148.319,60.2176],[-148.3782,60.2611],[-148.3748,60.2851],[-148.3021,60.2603],[-148.2072,60.3039],[-148.222,60.3421],[-148.1679,60.3377],[-148.0886,60.3751],[-148.0332,60.3916],[-147.9362,60.4375],[-148.0096,60.4617],[-147.9628,60.5001],[-147.979,60.5191],[-148.0615,60.5685],[-148.0824,60.5957],[-148.1473,60.5824],[-148.1695,60.5417],[-148.2036,60.5425],[-148.2473,60.5187],[-148.2471,60.4902],[-148.305,60.484],[-148.4477,60.5455],[-148.5625,60.5082],[-148.6375,60.46],[-148.6886,60.4402],[-148.7159,60.4596],[-148.6497,60.5033],[-148.5259,60.5639],[-148.4494,60.5691],[-148.4085,60.5458],[-148.3362,60.5318],[-148.2451,60.5883],[-148.1893,60.6105],[-148.2113,60.6287],[-148.1312,60.6382],[-148.0897,60.6612],[-148.1034,60.7371],[-148.1462,60.7573],[-148.2695,60.7574],[-148.3,60.7231],[-148.3499,60.6905],[-148.3879,60.6843],[-148.3981,60.7203],[-148.3672,60.7335],[-148.396,60.7793],[-148.4403,60.7674],[-148.5056,60.7685],[-148.571,60.7385],[-148.6031,60.6976],[-148.6609,60.6636],[-148.6854,60.6683],[-148.6737,60.7163],[-148.6198,60.7515],[-148.5318,60.7831],[-148.4672,60.7821],[-148.4541,60.805],[-148.5359,60.7981],[-148.572,60.8064],[-148.6659,60.7778],[-148.6678,60.8],[-148.6053,60.8254],[-148.5463,60.82],[-148.5028,60.8304],[-148.427,60.829],[-148.3866,60.8037],[-148.3375,60.8173],[-148.4016,60.8455],[-148.38,60.8593],[-148.3063,60.835],[-148.3101,60.8667],[-148.2654,60.9144],[-148.2922,60.9205],[-148.3013,60.9558],[-148.2407,60.9552],[-148.1824,60.9894],[-148.171,61.0705],[-148.3607,61.0406],[-148.2911,61.0819],[-148.191,61.0862],[-148.1532,61.0998],[-148.1221,61.0685],[-148.1166,61.0377],[-148.0688,61.0108],[-148.0011,61.0541],[-148.0016,61.0867],[-147.8725,61.1753],[-147.8319,61.1947],[-147.7953,61.2336],[-147.7306,61.2738],[-147.7192,61.2416],[-147.6367,61.2184],[-147.7703,61.1761],[-147.8927,61.0996],[-147.9402,61.044],[-147.9467,61.0156],[-148.0132,60.9634],[-148.104,60.9118],[-148.0962,60.8917],[-148.1296,60.8611],[-148.1516,60.8181],[-148.1444,60.7971],[-148.0339,60.7821],[-147.9195,60.811],[-147.8782,60.8278],[-147.7719,60.8116],[-147.7429,60.8425],[-147.787,60.8728],[-147.7435,60.9375],[-147.7165,60.9334],[-147.7381,60.8936],[-147.6768,60.876],[-147.665,60.8385],[-147.6004,60.8501],[-147.5906,60.883],[-147.6139,60.918],[-147.5922,60.9422],[-147.6252,60.9644],[-147.5852,61.0172],[-147.6026,61.0295],[-147.5518,61.0926],[-147.5095,61.095],[-147.4944,61.0647],[-147.5289,61.058],[-147.5241,60.9965],[-147.5494,60.9825],[-147.5015,60.9513],[-147.4459,60.9418],[-147.4532,60.8949],[-147.3646,60.884],[-147.3171,60.9165],[-147.2519,60.9279],[-147.2821,60.9731],[-147.2208,60.9834],[-147.2206,60.9516],[-147.1803,60.9311],[-147.1412,60.9394],[-147.1487,60.9761],[-147.086,61.0176],[-147.1236,61.141],[-147.081,61.1553],[-147,61.1485],[-147.062,61.1186],[-147.0133,61.0721],[-146.9754,60.9859],[-147.0447,60.9419],[-146.9716,60.9305],[-146.8833,60.9609],[-146.7918,61.0391],[-146.6961,61.056],[-146.6472,61.1078],[-146.6109,61.1206],[-146.4966,61.1241],[-146.4152,61.1343],[-146.3983,61.1243],[-146.2902,61.1279],[-146.234,61.087],[-146.334,61.0831],[-146.3793,61.0899],[-146.4357,61.0815],[-146.6222,61.0831],[-146.7201,60.9667],[-146.6596,60.9389],[-146.7384,60.9282],[-146.7374,60.9091],[-146.6771,60.8603],[-146.6407,60.8778],[-146.5539,60.8393],[-146.5255,60.8118],[-146.4048,60.8125],[-146.3344,60.8223],[-146.2678,60.8557],[-146.2413,60.881],[-146.1963,60.8762],[-146.1402,60.8485],[-146.2375,60.8418],[-146.2514,60.8183],[-146.3344,60.7878],[-146.4582,60.7717],[-146.5164,60.7563],[-146.6058,60.7609],[-146.6617,60.7121],[-146.6228,60.6814],[-146.5279,60.6901],[-146.4968,60.6805],[-146.4014,60.6935],[-146.389,60.7157],[-146.3297,60.7451],[-146.2978,60.7137],[-146.2329,60.7196],[-146.2259,60.7449],[-146.1604,60.7283],[-146.1269,60.7329],[-146.072,60.7735],[-146.0381,60.7557],[-146.0574,60.7369],[-146.1933,60.6858],[-146.2386,60.657],[-146.2584,60.6263],[-146.1486,60.6321],[-145.9654,60.6926],[-146.0035,60.6423],[-146.0013,60.6165],[-145.9374,60.6252],[-145.9266,60.6495],[-145.8446,60.6464],[-145.8509,60.6118],[-145.7667,60.6287],[-145.6705,60.6329],[-145.7132,60.5814],[-145.7957,60.5227],[-145.9143,60.4947],[-145.9635,60.4669],[-145.8776,60.4452],[-145.6938,60.4593],[-145.5954,60.447],[-145.5088,60.3979],[-145.4468,60.381],[-145.3645,60.346],[-145.2194,60.3015],[-145.1115,60.3041],[-145.1112,60.337],[-145.0823,60.3777],[-145.016,60.4128],[-144.9207,60.4256],[-144.8873,60.456],[-144.8072,60.4619],[-144.885,60.3927],[-144.9034,60.3624],[-144.9662,60.3092],[-144.9578,60.2882],[-144.8813,60.2906],[-144.7817,60.2805],[-144.7463,60.2602],[-144.8656,60.2468],[-144.9089,60.2213],[-144.743,60.2133],[-144.6222,60.1918],[-144.5628,60.1732],[-144.5291,60.1835],[-144.477,60.1653],[-144.3123,60.1635],[-144.2959,60.1421],[-144.213,60.1268],[-144.0661,60.072],[-144.0416,60.0435],[-144.2168,60.0402],[-144.1842,60.0223],[-143.9869,60.0131],[-143.897,59.9859],[-143.6228,60.0391],[-143.5208,60.0462],[-143.1289,60.0656],[-142.9089,60.0903],[-142.8099,60.0952],[-142.6984,60.0933],[-142.5375,60.084],[-142.4325,60.063],[-142.2973,60.0564],[-142.1001,60.0268],[-141.9918,60.0188],[-141.8811,59.9994],[-141.7362,59.9619],[-141.5954,59.9619],[-141.5441,59.969],[-141.5039,59.9907],[-141.401,60.0073],[-141.3704,60.0334],[-141.4171,60.0652],[-141.454,60.0697],[-141.4723,60.1084],[-141.5281,60.1273],[-141.4887,60.1484],[-141.4312,60.1328],[-141.4036,60.1557],[-141.3667,60.1472],[-141.3756,60.1107],[-141.358,60.0963],[-141.2748,60.0792],[-141.2895,60.0342],[-141.2593,59.9984],[-141.291,59.9679],[-141.2862,59.9397],[-141.3615,59.9331],[-141.4473,59.8853],[-140.9819,59.7696],[-140.8907,59.742],[-140.6789,59.7138],[-140.3148,59.6927],[-140.224,59.7089],[-140.1795,59.7359],[-139.9521,59.7886],[-139.8116,59.8153],[-139.7802,59.8265],[-139.776,59.8704],[-139.7189,59.9194],[-139.6178,59.9459],[-139.611,59.9921],[-139.5547,60.0326],[-139.4887,59.995],[-139.5486,59.9278],[-139.6272,59.9024],[-139.6261,59.8459],[-139.5992,59.801],[-139.5466,59.7406],[-139.4838,59.7085],[-139.5812,59.6447],[-139.6311,59.5852],[-139.6736,59.6115],[-139.7798,59.5427],[-139.8374,59.5591],[-139.8398,59.5282],[-139.6698,59.4706],[-139.5991,59.4402],[-139.3213,59.3468],[-139.0446,59.2803],[-138.8866,59.2369],[-138.8025,59.205],[-138.6103,59.123],[-138.3383,59.0671],[-138.2386,59.0377],[-138.0731,58.9594],[-137.9432,58.8806],[-137.9237,58.8415],[-137.9439,58.8116],[-137.93,58.7843],[-137.7954,58.7243],[-137.6843,58.6621],[-137.6775,58.6208],[-137.6072,58.5996],[-137.4595,58.5433],[-137.4043,58.5103],[-137.1614,58.4243],[-137.0933,58.3814],[-137.0748,58.3983],[-137.0146,58.4099],[-136.9215,58.397],[-136.8916,58.3821],[-136.9125,58.3484],[-136.7913,58.2917],[-136.7308,58.2878],[-136.7234,58.2449],[-136.6852,58.2108],[-136.5919,58.2179],[-136.5645,58.2623],[-136.6068,58.2998],[-136.6321,58.341],[-136.5781,58.3452],[-136.5618,58.3181],[-136.4825,58.303],[-136.4389,58.3156],[-136.3904,58.2974],[-136.3584,58.3302],[-136.3802,58.3574],[-136.3309,58.3693],[-136.2764,58.3667],[-136.3041,58.3255],[-136.2817,58.3149],[-136.1589,58.3455],[-136.0996,58.3465],[-136.038,58.382],[-136.0579,58.3932],[-136.0724,58.4672],[-136.1021,58.4766],[-136.0993,58.5124],[-136.1379,58.5307],[-136.2187,58.5942],[-136.2083,58.6151],[-136.2814,58.6565],[-136.33,58.6661],[-136.3855,58.6226],[-136.3974,58.6538],[-136.3507,58.6878],[-136.3917,58.7174],[-136.4496,58.7369],[-136.5345,58.7421],[-136.5854,58.7627],[-136.5071,58.7992],[-136.5688,58.8341],[-136.6138,58.8465],[-136.6632,58.8419],[-136.7457,58.8767],[-136.7999,58.8768],[-137.018,58.9015],[-137.1008,58.8337],[-137.118,58.8588],[-137.0781,58.8751],[-137.0467,58.9153],[-137.0212,58.9244],[-136.9327,58.918],[-136.9164,58.9408],[-136.9476,58.9717],[-137.0475,59.0223],[-137.0702,59.0506],[-137.0331,59.0655],[-136.9482,59.0023],[-136.8759,58.9631],[-136.7556,58.9325],[-136.629,58.8895],[-136.6299,58.9197],[-136.5315,58.9226],[-136.5096,58.8627],[-136.4673,58.8275],[-136.3982,58.8189],[-136.3221,58.7795],[-136.2496,58.7528],[-136.1538,58.75],[-136.1576,58.7768],[-136.1051,58.8638],[-136.1187,58.921],[-136.1505,58.9443],[-136.156,58.9793],[-136.06,58.9282],[-136.0683,58.8869],[-136.0155,58.8437],[-136.0794,58.8295],[-136.0863,58.8106],[-136.0433,58.7798],[-136.0112,58.7326],[-136.0148,58.7151],[-135.9656,58.6977],[-135.9245,58.6303],[-135.885,58.6021],[-135.9375,58.5951],[-135.9756,58.571],[-135.9711,58.5404],[-135.9309,58.5169],[-135.9999,58.4818],[-135.9437,58.4502],[-135.9002,58.4666],[-135.8995,58.4181],[-135.9215,58.3821],[-135.8272,58.3867],[-135.7718,58.3972],[-135.6822,58.4023],[-135.6188,58.4256],[-135.558,58.4085],[-135.4966,58.3759],[-135.4581,58.408],[-135.5014,58.4516],[-135.4513,58.4523],[-135.3973,58.3249],[-135.3681,58.3064],[-135.3144,58.2458],[-135.2728,58.2317],[-135.2262,58.2363],[-135.1644,58.209],[-135.0626,58.199],[-135.1077,58.265],[-135.1009,58.2943],[-135.0477,58.3033],[-135.0541,58.3482],[-135.0745,58.3725],[-135.0928,58.4354],[-135.1359,58.4847],[-135.1202,58.4915],[-135.1927,58.5953],[-135.1416,58.6209],[-135.1943,58.6929],[-135.2392,58.7267],[-135.2414,58.7822],[-135.2842,58.819],[-135.3391,58.8897],[-135.3243,58.9153],[-135.3721,58.9234],[-135.4011,58.9733],[-135.399,59.0378],[-135.3769,59.0923],[-135.4408,59.1137],[-135.4679,59.1444],[-135.4703,59.1744],[-135.5458,59.2223],[-135.5425,59.249],[-135.4499,59.219],[-135.4026,59.1822],[-135.3707,59.1367],[-135.3693,59.1129],[-135.2967,59.0943],[-135.3464,59.1431],[-135.3305,59.1541],[-135.371,59.2101],[-135.441,59.2294],[-135.4273,59.2503],[-135.4445,59.2777],[-135.3928,59.2968],[-135.3978,59.3359],[-135.3614,59.4472],[-135.3303,59.4413],[-135.3731,59.2682],[-135.292,59.2018],[-135.2742,59.1665],[-135.2319,59.121],[-135.2062,59.0768],[-135.2038,59.03],[-135.177,58.9988],[-135.1711,58.9285],[-135.1406,58.8741],[-135.1374,58.8298],[-135.0809,58.7897],[-135.0657,58.7631],[-135.017,58.7612],[-134.988,58.8128],[-134.9357,58.7813],[-134.93,58.7527],[-134.9453,58.7019],[-134.9205,58.6805],[-134.9905,58.6763],[-134.9453,58.6169],[-134.8554,58.5421],[-134.8399,58.5188],[-134.797,58.5006],[-134.7634,58.419],[-134.7302,58.3741],[-134.643,58.3772],[-134.6513,58.3187],[-134.6898,58.3011],[-134.6704,58.2794],[-134.5896,58.2302],[-134.5069,58.2165],[-134.4824,58.2298],[-134.4049,58.2191],[-134.3524,58.2005],[-134.2794,58.191],[-134.185,58.2084],[-134.1475,58.2007],[-134.1313,58.2323],[-134.1014,58.2449],[-134.1496,58.2819],[-134.1289,58.3056],[-134.0579,58.3332],[-134.0405,58.402],[-133.9949,58.3632],[-134.0044,58.3437],[-133.9668,58.3178],[-134.0032,58.2952],[-134.0811,58.2797],[-134.0588,58.2626],[-134.056,58.2257],[-134.0854,58.2136],[-134.0885,58.1869],[-134.0643,58.135],[-134.0688,58.0962],[-134.0522,58.0728],[-133.9269,57.9846],[-133.8877,57.9735],[-133.7971,58.0037],[-133.805,58.0386],[-133.7622,58.0513],[-133.6911,57.9581],[-133.7258,57.949],[-133.7605,57.9957],[-133.8329,57.9675],[-133.8492,57.9338],[-133.7821,57.8792],[-133.7111,57.7953],[-133.6315,57.7909],[-133.6246,57.8375],[-133.6498,57.8648],[-133.5685,57.8604],[-133.5796,57.8331],[-133.5573,57.7809],[-133.5005,57.7435],[-133.4237,57.7224],[-133.3284,57.6631],[-133.2814,57.6615],[-133.1891,57.614],[-133.2226,57.6022],[-133.3341,57.6356],[-133.3849,57.6573],[-133.5119,57.6809],[-133.5647,57.7146],[-133.655,57.7085],[-133.6484,57.6752],[-133.6729,57.6584],[-133.6635,57.6148],[-133.6187,57.5782],[-133.5618,57.562],[-133.4772,57.5847],[-133.4882,57.5514],[-133.5167,57.5439],[-133.524,57.4759],[-133.4677,57.4223],[-133.424,57.4141],[-133.476,57.3804],[-133.4525,57.3545],[-133.3567,57.3327],[-133.2849,57.3341],[-133.1896,57.3113],[-133.2486,57.2937],[-133.3638,57.2843],[-133.4862,57.2829],[-133.534,57.2607],[-133.4981,57.2257],[-133.5036,57.173],[-133.4644,57.1501],[-133.3657,57.1284],[-133.3153,57.1062],[-133.2086,57.1168],[-133.1868,57.0898],[-133.0791,57.0829],[-133.0201,57.0571],[-132.9348,57.0457],[-132.893,57.0245],[-132.8364,57.0614],[-132.8055,57.0202],[-132.7879,56.9756],[-132.811,56.9707],[-132.8521,57.0046],[-132.8924,56.993],[-132.9531,56.9936],[-132.9053,56.9559],[-132.8849,56.9213],[-132.8157,56.8912],[-132.7891,56.8433],[-132.6437,56.7814],[-132.5284,56.7486],[-132.5576,56.7155],[-132.5341,56.6972],[-132.5657,56.6286],[-132.4804,56.6031],[-132.4229,56.6093],[-132.3394,56.6405],[-132.3665,56.5949],[-132.3592,56.5274],[-132.2629,56.4866],[-132.2106,56.4568],[-132.1792,56.3993],[-132.1876,56.3669],[-132.2379,56.3976],[-132.2534,56.4495],[-132.3937,56.4837],[-132.3814,56.4449],[-132.3356,56.3966],[-132.3642,56.374],[-132.3407,56.3418],[-132.3654,56.283],[-132.3291,56.236],[-132.2753,56.2074],[-132.3185,56.1921],[-132.3976,56.2381],[-132.3783,56.3088],[-132.4348,56.3527],[-132.5294,56.3386],[-132.5733,56.2969],[-132.6014,56.2392],[-132.6729,56.2405],[-132.7164,56.2149],[-132.6962,56.1668],[-132.7225,56.1438],[-132.7051,56.1077],[-132.6421,56.0325],[-132.5857,56.0779],[-132.5527,56.0565],[-132.4952,56.0638],[-132.4734,56.0164],[-132.4397,56.019],[-132.4446,55.9533],[-132.4054,55.951],[-132.3639,55.9281],[-132.4008,55.8839],[-132.3723,55.8504],[-132.3085,55.8624],[-132.3195,55.8885],[-132.279,55.9249],[-132.1836,55.93],[-132.1366,55.9396],[-132.1323,55.9608],[-132.1687,55.9908],[-132.1559,56.008],[-132.2265,56.0801],[-132.1553,56.0832],[-132.0991,56.1033],[-132.1822,56.1584],[-132.124,56.166],[-132.0738,56.116],[-132.0269,56.1331],[-132.0164,56.1827],[-131.9405,56.193],[-131.8731,56.23],[-131.8063,56.2165],[-131.7571,56.2238],[-131.6954,56.2152],[-131.7098,56.1868],[-131.7708,56.2051],[-131.8244,56.1913],[-131.8711,56.2033],[-131.8915,56.1825],[-131.9732,56.1731],[-131.9817,56.0621],[-131.9551,55.9985],[-131.9676,55.9687],[-132.0425,55.9599],[-132.0709,55.9239],[-132.0485,55.8826],[-132.0965,55.8506],[-132.0745,55.81],[-132.186,55.8033],[-132.1927,55.7397],[-132.2351,55.7439],[-132.2284,55.6997],[-132.1857,55.5878],[-132.1201,55.5497],[-132.0449,55.5345],[-131.9798,55.4993],[-131.9404,55.5486],[-131.9364,55.5914],[-131.8925,55.6153],[-131.8499,55.6551],[-131.8195,55.6688],[-131.8674,55.722],[-131.8252,55.718],[-131.8003,55.7678],[-131.7682,55.7938],[-131.769,55.8241],[-131.8411,55.8444],[-131.8908,55.8445],[-131.9174,55.8639],[-131.7973,55.883],[-131.7583,55.8782],[-131.6792,55.9183],[-131.6168,55.9397],[-131.5993,55.9],[-131.5582,55.867],[-131.5374,55.8347],[-131.7114,55.8362],[-131.6745,55.7988],[-131.6291,55.7832],[-131.5358,55.8048],[-131.5472,55.7746],[-131.5815,55.781],[-131.6203,55.7632],[-131.6712,55.7712],[-131.7254,55.7446],[-131.7332,55.7276],[-131.7032,55.6867],[-131.7232,55.6346],[-131.674,55.5856],[-131.7175,55.5159],[-131.7782,55.4793],[-131.8266,55.4704],[-131.8302,55.449],[-131.735,55.4007],[-131.7321,55.364],[-131.836,55.4228],[-131.8464,55.3911],[-131.8802,55.3739],[-131.8552,55.3519],[-131.8703,55.3183],[-131.846,55.2703],[-131.8408,55.2318],[-131.7923,55.153],[-131.7646,55.1288],[-131.7103,55.1937],[-131.748,55.2197],[-131.6894,55.2239],[-131.6466,55.2853],[-131.6165,55.2938],[-131.6878,55.3444],[-131.6401,55.3407],[-131.5945,55.3152],[-131.5318,55.295],[-131.5042,55.3337],[-131.4608,55.2773],[-131.3553,55.2592],[-131.2991,55.2767],[-131.2532,55.3319],[-131.2933,55.381],[-131.2226,55.3958],[-131.1957,55.3589],[-131.2402,55.2872],[-131.3099,55.2399],[-131.2673,55.2082],[-131.2042,55.1899],[-131.1588,55.197],[-131.1339,55.2235],[-131.0636,55.2601],[-131.0518,55.326],[-131.0273,55.3714],[-131.036,55.3994],[-130.9699,55.3944],[-130.9887,55.4622],[-130.9831,55.5659],[-130.9399,55.6192],[-130.9727,55.7055],[-131.0525,55.7728],[-131.0432,55.783],[-131.0739,55.8309],[-131.1672,55.9092],[-131.2367,55.9498],[-131.2537,55.971],[-131.3098,55.9907],[-131.2287,56.0051],[-131.1294,56.0545],[-131.1002,56.036],[-131.2133,55.989],[-131.1796,55.9472],[-131.0923,55.8949],[-131.0036,55.8059],[-130.9677,55.7843],[-130.8946,55.7041],[-130.9042,55.6864],[-130.8647,55.5426],[-130.872,55.503],[-130.9203,55.4461],[-130.9038,55.4013],[-130.8759,55.3843],[-130.8836,55.3619],[-130.8719,55.314],[-130.9251,55.3007],[-130.9875,55.2488],[-131.0926,55.1927],[-131.0727,55.1236],[-130.9942,55.0851],[-130.8983,55.1041],[-130.8722,55.1259],[-130.827,55.1163],[-130.9107,55.0842],[-130.9895,55.068],[-131.0146,54.9996],[-130.9463,54.9476],[-130.9754,54.9214],[-130.957,54.9023],[-130.9482,54.8292],[-130.9346,54.8007],[-130.8574,54.7636],[-130.8144,54.774],[-130.7656,54.8103],[-130.7179,54.7367],[-130.6532,54.7239],[-130.6281,54.7393],[-130.659,54.7631],[-130.6289,54.7827],[-130.5682,54.7922],[-130.4594,54.8485],[-130.3445,54.9188],[-130.2733,54.974],[-130.1876,55.0628],[-130.1809,55.0913],[-130.1028,55.1926],[-129.9742,55.2819],[-129.9766,55.3004],[-130.0211,55.3379],[-130.0412,55.4517],[-130.0899,55.498],[-130.1279,55.581],[-130.1117,55.6829],[-130.148,55.715],[-130.1524,55.7663],[-130.1248,55.8056],[-130.0835,55.8217],[-130.0038,55.9073],[-130.0177,55.9119],[-130.0035,56.0081],[-130.1038,56.1228],[-130.2462,56.0964],[-130.3501,56.1285],[-130.426,56.1416],[-130.4679,56.2431],[-130.5405,56.2475],[-130.6233,56.2669],[-130.782,56.3668],[-131.0873,56.406],[-131.1735,56.4495],[-131.472,56.5527],[-131.5811,56.6122],[-131.8353,56.5992],[-131.8607,56.703],[-131.9011,56.7537],[-131.8729,56.806],[-132.1236,56.8736],[-132.0452,57.0451],[-132.369,57.0915],[-132.2479,57.2113],[-132.363,57.342],[-132.5537,57.4965],[-132.6581,57.6195],[-132.7568,57.7051],[-132.8693,57.8429],[-133.0764,57.9998],[-133.1764,58.1502],[-133.27,58.2271],[-133.3454,58.2763],[-133.4615,58.3877],[-133.3773,58.4305],[-133.5578,58.5231],[-133.7071,58.6123],[-133.8405,58.7294],[-133.9722,58.7673],[-134.2581,58.861],[-134.3365,58.9234],[-134.3137,58.9622],[-134.4071,58.9792],[-134.3819,59.0388],[-134.4471,59.0892],[-134.4834,59.1316],[-134.5656,59.1311],[-134.6791,59.1923],[-134.7007,59.249],[-134.9599,59.2809],[-135.0305,59.3463],[-134.9897,59.3871],[-135.101,59.4275],[-135.0276,59.4747],[-135.0289,59.5637],[-135.1178,59.6231],[-135.1576,59.6257],[-135.2198,59.6628],[-135.2528,59.6983],[-135.3601,59.7376],[-135.4792,59.798],[-135.9526,59.6622],[-136.1929,59.64],[-136.3539,59.5998],[-136.2398,59.5594],[-136.2385,59.5243],[-136.305,59.4645],[-136.3724,59.4496],[-136.4772,59.4658],[-136.4774,59.3762],[-136.4692,59.2841],[-136.5815,59.1649],[-136.8266,59.1584],[-136.8639,59.1385],[-137.2648,59.0024],[-137.4474,58.9095],[-137.5264,58.9068],[-137.5,58.9854],[-137.5418,59.1054],[-137.6074,59.2438],[-138.2318,59.5674],[-138.6262,59.7686],[-138.6686,59.8097],[-138.7074,59.9063],[-138.7985,59.9246],[-139.0537,59.9948],[-139.1988,60.0883],[-139.0721,60.3194],[-139.0748,60.3525],[-139.693,60.3352],[-139.9811,60.182],[-140.4582,60.3081],[-140.5204,60.2198],[-140.7694,60.2603],[-141.002,60.3064],[-141.0019,60.8131],[-141.002,61.235],[-141.002,61.6102],[-141.0023,61.9013],[-141.0015,62.2406],[-141.0015,62.5217],[-141.0014,62.8112],[-141.0014,63.0924],[-141.0013,64.0062],[-141.0013,64.985],[-141.0018,65.3323],[-141.0025,65.834],[-141.0025,65.9666],[-141.0026,66.5143],[-141.0027,67.5433],[-141.0027,67.9292],[-141.0027,68.1916],[-141.0008,68.5381],[-141.0008,68.8824],[-141.0007,69.2864],[-141.0006,69.6463],[-141.1192,69.6735],[-141.1996,69.6829],[-141.2497,69.6302],[-141.3664,69.6323],[-141.4287,69.6588],[-141.4529,69.702],[-141.5796,69.7512],[-141.7469,69.7935],[-141.9587,69.8234],[-142.142,69.8646],[-142.302,69.9119],[-142.3818,69.9234],[-142.5104,69.9546],[-142.4986,69.9713],[-142.629,70.0124],[-142.7706,70.0469],[-142.998,70.0846],[-143.2755,70.1535],[-143.3779,70.1286],[-143.4471,70.125],[-143.5495,70.1444],[-143.7736,70.1247],[-143.8262,70.1075],[-143.9072,70.1202],[-143.9506,70.1],[-144.2518,70.058],[-144.2934,70.0402],[-144.4554,70.0352],[-144.5775,69.9791],[-144.6378,69.9664],[-144.8331,69.9821],[-144.9032,69.9632],[-145.1832,69.9915],[-145.2677,70.0134],[-145.4386,70.0351],[-145.477,70.0597],[-145.6233,70.0844],[-145.7637,70.1265],[-145.8545,70.1623],[-145.9312,70.1321],[-146.1328,70.1599],[-146.2281,70.1639],[-146.2927,70.1776],[-146.5245,70.1861],[-146.6617,70.1744],[-146.8492,70.1812],[-146.9889,70.1534],[-147.1731,70.1528],[-147.2852,70.1945],[-147.3853,70.1853],[-147.5355,70.2043],[-147.6718,70.2034],[-147.7803,70.2158],[-147.8104,70.2437],[-147.8777,70.2657],[-147.9403,70.3037],[-148.0161,70.3077],[-148.1076,70.3415],[-148.1836,70.2927],[-148.2563,70.332],[-148.3544,70.3027],[-148.4049,70.3027],[-148.482,70.3248],[-148.4738,70.3585],[-148.5861,70.3971],[-148.7184,70.4121],[-148.7872,70.4022],[-148.9081,70.4238],[-148.944,70.4202],[-149.0603,70.4638],[-149.1565,70.4831],[-149.2808,70.4885],[-149.334,70.5015],[-149.4207,70.4909],[-149.4672,70.5163],[-149.5813,70.4959],[-149.7161,70.505],[-149.7786,70.4867],[-149.8639,70.511],[-150.1095,70.4293],[-150.1942,70.4345],[-150.3609,70.4092],[-150.4144,70.4597],[-150.5189,70.4831],[-150.6615,70.4776],[-150.6984,70.4478],[-150.7863,70.4633],[-150.8553,70.4517],[-150.9507,70.4596],[-151.0467,70.4279],[-151.1464,70.3776],[-151.2462,70.3725],[-151.2976,70.4007],[-151.5721,70.4393],[-151.7055,70.4312],[-151.8761,70.4308],[-151.9409,70.4468],[-151.9163,70.4753],[-151.8308,70.4856],[-151.7323,70.5423],[-151.9834,70.5647],[-152.0535,70.5452],[-152.1242,70.5514],[-152.2238,70.5397],[-152.4354,70.5524],[-152.5198,70.5391],[-152.5609,70.5642],[-152.5149,70.5816],[-152.4119,70.5726],[-152.2133,70.5827],[-152.0688,70.5646],[-152.0787,70.5845],[-152.183,70.5849],[-152.4251,70.6101],[-152.4644,70.6358],[-152.4794,70.6905],[-152.3818,70.7148],[-152.3049,70.7795],[-152.1954,70.8001],[-152.228,70.8265],[-152.4001,70.8573],[-152.5819,70.8813],[-152.781,70.8814],[-152.8152,70.848],[-152.8681,70.851],[-152.9252,70.8902],[-153.0418,70.9109],[-153.2532,70.9186],[-153.4057,70.891],[-153.5486,70.8836],[-153.7549,70.8887],[-153.9436,70.8764],[-154.0001,70.8182],[-154.0759,70.7895],[-154.1819,70.7683],[-154.2549,70.8162],[-154.3462,70.8304],[-154.4873,70.8235],[-154.5841,70.832],[-154.6026,70.8569],[-154.6167,70.9439],[-154.5663,70.9899],[-154.625,71.021],[-154.7581,71.0701],[-154.9157,71.1165],[-155.0722,71.1529],[-155.0745,71.0703],[-155.1193,71.0734],[-155.1511,71.1065],[-155.2572,71.0756],[-155.1561,71.004],[-155.2095,70.9797],[-155.2556,71.0156],[-155.367,70.9949],[-155.4685,70.9447],[-155.5119,70.9429],[-155.4818,70.881],[-155.4894,70.8563],[-155.5754,70.8441],[-155.608,70.8241],[-155.705,70.8346],[-155.8768,70.8292],[-155.9238,70.8574],[-156.0001,70.9492],[-156.0254,70.9588],[-155.7308,70.983],[-155.7125,71.0095],[-155.5442,71.0608],[-155.515,71.0962],[-155.5697,71.1365],[-155.5675,71.1625],[-155.7443,71.1928],[-155.9548,71.1865],[-156.0899,71.2222],[-156.0793,71.2389],[-156.2932,71.2646],[-156.3687,71.2618],[-156.4412,71.2905],[-156.5332,71.2958],[-156.5686,71.3526],[-156.6456,71.338],[-156.8097,71.2869],[-156.9626,71.2119],[-157.286,71.0319],[-157.5025,70.9487],[-157.7685,70.8758],[-158.0303,70.8312],[-158.2142,70.8175],[-158.3318,70.8195],[-158.3994,70.7991],[-158.452,70.8066],[-158.6677,70.7856],[-158.9496,70.7968],[-158.992,70.7647],[-159.1981,70.7601],[-159.3456,70.7813],[-159.3448,70.8047],[-159.1887,70.8175],[-159.1993,70.8476],[-159.3156,70.8504],[-159.546,70.8171],[-159.6489,70.7951],[-159.7985,70.7312],[-159.8917,70.7013],[-160.0448,70.6358],[-160.0985,70.6198],[-160.2077,70.5645],[-160.3244,70.5199],[-160.54,70.4471],[-160.7731,70.3847],[-161.0549,70.328],[-161.2882,70.2968],[-161.4453,70.2948],[-161.6242,70.3058],[-161.8793,70.3293],[-161.9367,70.3088],[-162.3334,70.1939],[-162.4753,70.124],[-162.5764,70.0617],[-162.6957,69.9767],[-162.9755,69.8334],[-163.0247,69.8004],[-163.1429,69.6376],[-163.1478,69.4188],[-163.2264,69.3203],[-163.3546,69.2419],[-163.4687,69.1895],[-163.5578,69.1287],[-163.6831,69.0756],[-163.8269,69.0372],[-163.9157,68.9989],[-164.0767,68.9678],[-164.2132,68.9348],[-164.4855,68.916],[-164.6106,68.916],[-164.7115,68.9027],[-164.8691,68.893],[-165.287,68.8606],[-165.5668,68.851],[-165.668,68.8533],[-166.0521,68.8717],[-166.2274,68.8758],[-166.1916,68.7909],[-166.2375,68.5601],[-166.3031,68.5151],[-166.3061,68.4641],[-166.3717,68.426],[-166.5141,68.3991],[-166.8197,68.3483],[-166.5874,68.3339],[-166.4095,68.3089],[-166.237,68.2731],[-166.1355,68.2422],[-166.0442,68.2007],[-165.9817,68.1434],[-165.8721,68.11],[-165.6608,68.0867],[-165.4751,68.0562],[-165.3361,68.0241],[-165.2333,67.9887],[-165.168,67.9561],[-165.0987,67.9369],[-164.8717,67.8571],[-164.5348,67.7244],[-164.1851,67.6325],[-164.0958,67.5963],[-164.013,67.5419],[-163.8644,67.406],[-163.7589,67.2485],[-163.7399,67.1833],[-163.7479,67.1293],[-163.666,67.1001],[-163.4669,67.0834],[-163.3105,67.0625],[-162.9762,67.0263],[-162.9024,67.0427],[-162.7241,67.0542],[-162.6807,67.0433],[-162.6209,67.0073],[-162.5898,67.0156],[-162.4802,67.0132],[-162.4337,66.9855],[-162.2519,66.9952],[-162.1279,67.0222],[-161.9707,67.0411],[-161.8252,67.0495],[-161.7341,67.0146],[-161.6917,67.0247],[-161.6191,67.0095],[-161.5922,66.9872],[-161.5377,66.9909],[-161.4775,66.964],[-161.4851,66.9401],[-161.5568,66.9369],[-161.6109,66.95],[-161.7049,66.9395],[-161.7101,66.9145],[-161.7932,66.8818],[-161.7915,66.8331],[-161.8515,66.8108],[-161.8424,66.7617],[-161.8816,66.7181],[-161.78,66.7162],[-161.8163,66.685],[-161.6859,66.6186],[-161.5804,66.5855],[-161.5342,66.5849],[-161.543,66.5517],[-161.3924,66.5243],[-161.2935,66.5241],[-161.2241,66.5418],[-161.2354,66.5754],[-161.1421,66.6363],[-160.983,66.6412],[-160.9279,66.6548],[-160.8367,66.6585],[-160.7457,66.6381],[-160.6819,66.5963],[-160.5433,66.5799],[-160.4828,66.6178],[-160.4183,66.6223],[-160.3475,66.6078],[-160.2377,66.5448],[-160.2019,66.5016],[-160.2274,66.3872],[-160.2667,66.3786],[-160.4826,66.3752],[-160.535,66.3585],[-160.6313,66.3552],[-160.6766,66.3668],[-160.7789,66.3629],[-160.8593,66.3989],[-160.9784,66.4291],[-161.0233,66.4653],[-161.0845,66.4897],[-161.1474,66.4893],[-161.1732,66.531],[-161.2459,66.5194],[-161.3263,66.4784],[-161.5174,66.4425],[-161.5822,66.44],[-161.6818,66.476],[-161.7948,66.5033],[-161.9301,66.5552],[-161.9601,66.5888],[-162.0704,66.6481],[-162.0753,66.7045],[-162.0287,66.7343],[-162.0198,66.7807],[-162.0907,66.7866],[-162.2302,66.8662],[-162.3076,66.939],[-162.4043,66.9188],[-162.4991,66.9345],[-162.5103,66.907],[-162.6011,66.8985],[-162.6131,66.8469],[-162.5147,66.7793],[-162.4979,66.7333],[-162.3509,66.7253],[-162.253,66.7129],[-162.1671,66.6825],[-162.1165,66.6435],[-162.0973,66.6095],[-161.9795,66.571],[-161.8856,66.5178],[-161.8694,66.447],[-161.9129,66.3516],[-161.8404,66.3615],[-161.6922,66.398],[-161.5426,66.3985],[-161.4166,66.3776],[-161.3625,66.3763],[-161.2305,66.3495],[-161.1335,66.3367],[-161.078,66.3056],[-161.0624,66.281],[-161.0013,66.2397],[-160.9545,66.2241],[-161.0168,66.1867],[-161.0908,66.1825],[-161.0945,66.2314],[-161.1909,66.2099],[-161.3178,66.2204],[-161.3507,66.2587],[-161.4914,66.2607],[-161.5524,66.2421],[-161.6195,66.1776],[-161.6879,66.0973],[-161.7368,66.0532],[-161.7911,66.033],[-161.828,66],[-161.7738,65.9813],[-161.798,65.9656],[-161.8953,65.9638],[-161.8697,66.0005],[-161.8847,66.0182],[-162.0259,66.062],[-162.1438,66.0755],[-162.2286,66.048],[-162.376,66.0271],[-162.4528,66.0574],[-162.6329,66.038],[-162.7534,66.0927],[-162.8746,66.081],[-162.9525,66.0895],[-162.9961,66.0755],[-163.1601,66.0577],[-163.3708,66.0811],[-163.4961,66.0834],[-163.6339,66.0564],[-163.7725,66.0801],[-163.8461,66.123],[-163.8957,66.1885],[-163.9756,66.1723],[-164.0871,66.1911],[-164.0723,66.2063],[-163.9285,66.2179],[-163.8282,66.2778],[-163.8357,66.3029],[-163.8813,66.323],[-163.8732,66.3865],[-163.8508,66.4161],[-163.7658,66.4528],[-163.7262,66.5126],[-163.779,66.5726],[-163.6427,66.5549],[-163.6331,66.5661],[-163.7662,66.5876],[-163.8857,66.5929],[-164.1563,66.5902],[-164.401,66.5814],[-164.7637,66.5331],[-165.1517,66.4691],[-165.3872,66.423],[-165.6169,66.3734],[-165.9254,66.2975],[-166.1359,66.238],[-166.1677,66.2164],[-166.2407,66.2095],[-166.5975,66.1175],[-167.1082,65.9567],[-167.3738,65.8662],[-167.5493,65.8171],[-167.8703,65.7511],[-167.9843,65.7243],[-168.0875,65.6885],[-168.1202,65.6479]]],[[[-169.1159,52.8221],[-169.0516,52.8312],[-169.0268,52.8616],[-168.9838,52.8601],[-168.8728,52.9008],[-168.8568,52.9136],[-168.7816,52.9296],[-168.7677,52.9565],[-168.718,52.9624],[-168.6359,52.9871],[-168.5881,53.0278],[-168.4589,53.0544],[-168.4503,53.0757],[-168.3714,53.1438],[-168.3325,53.204],[-168.2704,53.2416],[-168.1193,53.2758],[-168.1118,53.2886],[-168.002,53.3204],[-167.9794,53.3358],[-167.9083,53.3549],[-167.8409,53.3862],[-167.854,53.4477],[-167.8035,53.4761],[-167.7911,53.5214],[-167.9063,53.5222],[-167.9559,53.5333],[-167.9616,53.5517],[-168.0073,53.5667],[-168.0341,53.5556],[-168.0872,53.5595],[-168.1434,53.5436],[-168.2349,53.5279],[-168.2869,53.4913],[-168.3436,53.4717],[-168.4073,53.4223],[-168.3856,53.3824],[-168.431,53.3246],[-168.3711,53.3173],[-168.3423,53.2952],[-168.3447,53.2634],[-168.4381,53.2543],[-168.4524,53.2737],[-168.5363,53.2505],[-168.6143,53.2731],[-168.6621,53.2288],[-168.6895,53.2288],[-168.769,53.1779],[-168.793,53.1529],[-168.8032,53.1048],[-168.7673,53.0902],[-168.7715,53.064],[-168.8005,53.029],[-168.8725,53.0048],[-168.8545,52.9538],[-168.9161,52.9294],[-168.9595,52.9367],[-168.953,52.8996],[-168.9895,52.8722],[-169.0508,52.855],[-169.0667,52.8366],[-169.1159,52.8221]]],[[[-169.7631,52.9822],[-169.7446,52.9523],[-169.698,52.9569],[-169.6685,53.0063],[-169.6818,53.0356],[-169.7492,53.0209],[-169.7631,52.9822]]],[[[-169.7869,56.6142],[-169.7472,56.5868],[-169.6754,56.5758],[-169.6361,56.5378],[-169.5763,56.5318],[-169.535,56.5639],[-169.4983,56.5701],[-169.4659,56.5938],[-169.4983,56.6058],[-169.5861,56.6014],[-169.7869,56.6142]]],[[[-170.011,52.8316],[-169.9988,52.8097],[-169.9499,52.7872],[-169.923,52.7889],[-169.8577,52.8274],[-169.7488,52.7959],[-169.6739,52.8207],[-169.6739,52.8698],[-169.7459,52.8907],[-169.87,52.8748],[-169.8888,52.85],[-169.9475,52.8617],[-169.9879,52.8573],[-170.011,52.8316]]],[[[-170.1215,52.8996],[-170.0901,52.8698],[-170.0476,52.8601],[-170.0045,52.8755],[-170.015,52.9154],[-170.0877,52.9227],[-170.1215,52.8996]]],[[[-170.1837,52.7244],[-170.0777,52.7208],[-170.0521,52.7691],[-170.1129,52.7884],[-170.1712,52.7825],[-170.1837,52.7244]]],[[[-170.4215,57.1618],[-170.2549,57.1406],[-170.1738,57.1625],[-170.1321,57.226],[-170.2319,57.2107],[-170.3025,57.219],[-170.4167,57.1918],[-170.4215,57.1618]]],[[[-170.8424,52.5616],[-170.7948,52.5434],[-170.7359,52.5842],[-170.6836,52.6016],[-170.6085,52.6017],[-170.564,52.6414],[-170.5628,52.6746],[-170.599,52.6906],[-170.6641,52.7006],[-170.6929,52.6797],[-170.7261,52.6822],[-170.7535,52.649],[-170.8198,52.6352],[-170.8424,52.5616]]],[[[-171.1777,52.5624],[-171.1212,52.558],[-171.1395,52.5864],[-171.1777,52.5624]]],[[[-171.3149,52.4826],[-171.3063,52.458],[-171.2419,52.4525],[-171.1956,52.4943],[-171.2507,52.5302],[-171.2937,52.5155],[-171.3149,52.4826]]],[[[-171.8469,63.4868],[-171.8234,63.4369],[-171.7533,63.389],[-171.7015,63.3651],[-171.5945,63.3359],[-171.5627,63.3373],[-171.44,63.3075],[-171.2805,63.3586],[-171.2865,63.3801],[-171.1603,63.4014],[-171.1042,63.4215],[-170.9335,63.4215],[-170.8679,63.4146],[-170.5713,63.3614],[-170.433,63.3183],[-170.355,63.2802],[-170.2927,63.2282],[-170.2801,63.1978],[-170.2117,63.1816],[-170.1304,63.1844],[-170.0368,63.1678],[-170.0051,63.144],[-169.9635,63.1422],[-169.8694,63.1025],[-169.8278,63.0766],[-169.7449,62.985],[-169.7653,62.9642],[-169.6432,62.9377],[-169.5999,62.9728],[-169.531,62.9786],[-169.5797,63.0317],[-169.5383,63.0739],[-169.3936,63.1278],[-169.3789,63.1493],[-169.2189,63.1743],[-169.1089,63.1787],[-168.9641,63.1663],[-168.8778,63.1452],[-168.7832,63.1841],[-168.7244,63.2297],[-168.6974,63.3008],[-168.8125,63.3103],[-168.8816,63.3307],[-169.0516,63.3426],[-169.0832,63.3388],[-169.2617,63.3445],[-169.3109,63.3528],[-169.4875,63.361],[-169.5471,63.3726],[-169.5695,63.4008],[-169.6493,63.4295],[-169.8623,63.4427],[-170.0581,63.4973],[-170.0403,63.5213],[-170.0684,63.5429],[-170.0767,63.5868],[-170.1116,63.616],[-170.1561,63.6187],[-170.2894,63.6875],[-170.4194,63.6873],[-170.4755,63.6974],[-170.5451,63.6662],[-170.6493,63.6669],[-170.7453,63.6268],[-170.9036,63.5728],[-171.0417,63.581],[-171.2149,63.6097],[-171.3685,63.6299],[-171.5472,63.6646],[-171.6344,63.6918],[-171.6494,63.709],[-171.6397,63.7693],[-171.6798,63.7867],[-171.7402,63.7834],[-171.7231,63.7276],[-171.7552,63.6869],[-171.7376,63.6627],[-171.7794,63.6333],[-171.8291,63.5796],[-171.8289,63.5154],[-171.8469,63.4868]]],[[[-172.6322,52.2711],[-172.6185,52.2563],[-172.5523,52.2559],[-172.4747,52.2658],[-172.4438,52.2833],[-172.3162,52.317],[-172.3055,52.3543],[-172.3778,52.367],[-172.4071,52.3914],[-172.4759,52.3844],[-172.4911,52.3708],[-172.5717,52.3489],[-172.6322,52.2711]]],[[[-173.0638,60.5026],[-172.9837,60.4812],[-172.9324,60.4764],[-172.896,60.4506],[-172.7691,60.3906],[-172.7291,60.3614],[-172.6303,60.3349],[-172.5984,60.3168],[-172.5019,60.3349],[-172.4104,60.3361],[-172.326,60.3276],[-172.294,60.2954],[-172.2571,60.3226],[-172.3826,60.3791],[-172.5316,60.383],[-172.6105,60.3973],[-172.7764,60.4519],[-172.8805,60.5024],[-172.9314,60.562],[-172.9728,60.5846],[-173.0398,60.5478],[-173.0638,60.5026]]],[[[-173.1213,60.6614],[-173.0595,60.6458],[-173.0655,60.6959],[-173.0926,60.6963],[-173.1213,60.6614]]],[[[-174.0538,52.1306],[-174.0157,52.1011],[-173.9844,52.107],[-173.9359,52.0556],[-173.876,52.0541],[-173.8361,52.0408],[-173.6568,52.0589],[-173.5722,52.0448],[-173.548,52.025],[-173.4776,52.0453],[-173.3745,52.0395],[-173.3452,52.0522],[-173.1511,52.06],[-173.0988,52.0778],[-173.0227,52.076],[-173.0282,52.0991],[-173.1099,52.1019],[-173.1387,52.0884],[-173.187,52.1098],[-173.2328,52.0949],[-173.2735,52.1093],[-173.3545,52.0984],[-173.389,52.1041],[-173.4955,52.1038],[-173.5442,52.1206],[-173.595,52.1525],[-173.7091,52.1337],[-173.7716,52.1317],[-173.7897,52.1122],[-173.8993,52.1117],[-173.9449,52.127],[-174.0538,52.1306]]],[[[-175.342,52.0236],[-175.3082,52.0078],[-175.2724,52.018],[-175.2117,52.006],[-175.0252,52.0064],[-174.9676,52.0381],[-174.9255,52.0342],[-174.8938,52.0466],[-174.8272,52.0304],[-174.7913,52.032],[-174.7358,52.0076],[-174.6886,52.0395],[-174.6253,52.0303],[-174.5982,52.0482],[-174.489,52.0737],[-174.435,52.0383],[-174.3967,52.0621],[-174.3958,52.0895],[-174.33,52.1217],[-174.2829,52.1146],[-174.2722,52.0961],[-174.22,52.101],[-174.1449,52.1255],[-174.1102,52.1141],[-174.0888,52.1389],[-174.1516,52.1702],[-174.1594,52.1925],[-174.2075,52.2138],[-174.1892,52.2311],[-174.0626,52.2242],[-174.0395,52.2639],[-173.9951,52.2895],[-173.9889,52.3113],[-174.0104,52.3609],[-174.0585,52.3721],[-174.0748,52.3924],[-174.1188,52.4005],[-174.154,52.4203],[-174.2206,52.4008],[-174.2737,52.3954],[-174.2873,52.3779],[-174.3322,52.3738],[-174.3212,52.3397],[-174.3454,52.3183],[-174.4402,52.3269],[-174.448,52.3026],[-174.3921,52.2951],[-174.3543,52.2795],[-174.2415,52.2762],[-174.2285,52.253],[-174.2956,52.225],[-174.3406,52.1973],[-174.3953,52.219],[-174.4556,52.2011],[-174.5446,52.1484],[-174.5988,52.1229],[-174.6748,52.107],[-174.7205,52.1214],[-174.7476,52.0957],[-174.8403,52.0918],[-174.883,52.1009],[-174.9263,52.0953],[-174.9898,52.0605],[-175.0316,52.0791],[-175.0939,52.0363],[-175.1286,52.0589],[-175.1882,52.0543],[-175.2167,52.0332],[-175.2567,52.0423],[-175.2999,52.0198],[-175.342,52.0236]]],[[[-175.8765,51.9438],[-175.8196,51.9214],[-175.7799,51.9253],[-175.7982,51.9593],[-175.8765,51.9438]]],[[[-175.9604,51.9846],[-175.8802,51.9644],[-175.8349,51.9908],[-175.9123,51.9953],[-175.9604,51.9846]]],[[[-176.1162,51.888],[-175.9635,51.8462],[-175.9645,51.8727],[-175.9968,51.8897],[-175.9898,51.9119],[-176.0658,51.9032],[-176.1162,51.888]]],[[[-176.2125,52.0616],[-176.1784,52.0162],[-176.1812,52.0007],[-176.0229,51.9824],[-176.0503,52.0183],[-175.9815,52.0283],[-176.0125,52.0508],[-176.0532,52.1053],[-176.1436,52.1144],[-176.2086,52.0745],[-176.2125,52.0616]]],[[[-176.235,51.829],[-176.1682,51.8004],[-176.1092,51.7989],[-176.0783,51.8209],[-176.0263,51.826],[-176.0285,51.844],[-176.1339,51.8557],[-176.1715,51.8802],[-176.2071,51.8815],[-176.2027,51.8484],[-176.235,51.829]]],[[[-176.992,51.6293],[-176.9841,51.604],[-176.9415,51.5911],[-176.9047,51.6389],[-176.8365,51.681],[-176.8131,51.6474],[-176.8084,51.6093],[-176.7588,51.6382],[-176.7259,51.6242],[-176.7258,51.6798],[-176.6858,51.6758],[-176.6617,51.6897],[-176.5706,51.6936],[-176.4747,51.7462],[-176.4285,51.7384],[-176.4283,51.7857],[-176.4032,51.7882],[-176.3999,51.7356],[-176.3481,51.7261],[-176.3186,51.735],[-176.2963,51.7691],[-176.2664,51.7832],[-176.2903,51.8372],[-176.2807,51.8608],[-176.3085,51.8741],[-176.3416,51.8631],[-176.3998,51.8679],[-176.4541,51.8394],[-176.4956,51.8512],[-176.5429,51.8358],[-176.625,51.8692],[-176.6192,51.9012],[-176.549,51.9171],[-176.5654,51.9489],[-176.5568,51.9929],[-176.59,52.0013],[-176.6673,51.9526],[-176.7212,51.9686],[-176.7712,51.9651],[-176.8088,51.9297],[-176.7628,51.8823],[-176.7619,51.8653],[-176.7971,51.8293],[-176.8477,51.8061],[-176.8665,51.8261],[-176.9141,51.8053],[-176.904,51.7711],[-176.8673,51.7557],[-176.8644,51.7214],[-176.9007,51.6966],[-176.9694,51.6774],[-176.992,51.6293]]],[[[-177.7053,51.7072],[-177.6749,51.6867],[-177.6718,51.6588],[-177.6359,51.6595],[-177.6419,51.6875],[-177.6081,51.7052],[-177.5057,51.6985],[-177.4447,51.7254],[-177.3645,51.733],[-177.2993,51.6849],[-177.2775,51.6786],[-177.2053,51.7033],[-177.1465,51.7058],[-177.1228,51.7294],[-177.1153,51.7845],[-177.1327,51.8309],[-177.0677,51.8593],[-177.0747,51.8841],[-177.0548,51.9089],[-177.0889,51.93],[-177.1813,51.9432],[-177.1975,51.9313],[-177.2082,51.8173],[-177.2879,51.782],[-177.4464,51.7586],[-177.5156,51.725],[-177.5552,51.7211],[-177.64,51.7361],[-177.7053,51.7072]]],[[[-178.2269,51.8777],[-178.2096,51.8541],[-178.0988,51.8183],[-178.0584,51.7803],[-178.0149,51.7905],[-177.9591,51.7724],[-177.9596,51.7212],[-178.0453,51.7036],[-178.0802,51.7028],[-178.1205,51.6767],[-178.0846,51.6599],[-177.9648,51.6474],[-177.9348,51.5966],[-177.9004,51.6016],[-177.9279,51.6471],[-177.9187,51.6723],[-177.8662,51.6771],[-177.8293,51.6939],[-177.8402,51.7318],[-177.786,51.7942],[-177.7133,51.8156],[-177.6785,51.8141],[-177.6218,51.8327],[-177.6339,51.849],[-177.6917,51.844],[-177.7349,51.8259],[-177.7862,51.8438],[-177.8252,51.8296],[-177.9243,51.8575],[-177.9043,51.8766],[-177.977,51.9172],[-178.0525,51.9125],[-178.1266,51.9188],[-178.1951,51.9081],[-178.2269,51.8777]]],[[[-178.6866,51.6026],[-178.6712,51.5897],[-178.5937,51.5819],[-178.5673,51.5984],[-178.6431,51.6148],[-178.6866,51.6026]]],[[[-178.8616,51.5758],[-178.8202,51.5405],[-178.7413,51.5562],[-178.8616,51.5758]]],[[[-178.8706,51.7854],[-178.8132,51.7464],[-178.7703,51.7477],[-178.7337,51.7819],[-178.7475,51.8096],[-178.7951,51.8345],[-178.8595,51.8193],[-178.8706,51.7854]]],[[[-178.9904,51.3831],[-178.9724,51.3652],[-178.9896,51.3418],[-178.9547,51.3328],[-178.9085,51.3422],[-178.922,51.3781],[-178.9769,51.3988],[-178.9904,51.3831]]],[[[-179.1467,51.2771],[-179.1404,51.2312],[-179.0983,51.2261],[-179.0745,51.2586],[-179.0744,51.2823],[-179.113,51.3007],[-179.1467,51.2771]]],[[[179.4825,51.9828],[179.4756,51.9375],[179.5219,51.8968],[179.6144,51.8718],[179.6495,51.8737],[179.7348,51.9076],[179.7739,51.9707],[179.6633,52.0229],[179.5829,52.0168],[179.5392,51.9852],[179.4825,51.9828]]],[[[178.6255,51.6373],[178.634,51.624],[178.706,51.5932],[178.7851,51.5719],[178.8436,51.5786],[178.9516,51.542],[179.0604,51.4549],[179.2182,51.3874],[179.2616,51.3577],[179.3668,51.3718],[179.3995,51.3594],[179.4628,51.3762],[179.3862,51.4044],[179.2639,51.4058],[179.2303,51.4134],[179.1911,51.4629],[179.1437,51.4694],[179.0768,51.4985],[179.0029,51.5525],[178.9208,51.5861],[178.9039,51.6149],[178.8041,51.635],[178.738,51.6327],[178.6455,51.6576],[178.6255,51.6373]]],[[[178.447,51.9782],[178.468,51.9316],[178.5025,51.8996],[178.5394,51.9032],[178.5902,51.9455],[178.5526,51.974],[178.4786,51.9875],[178.447,51.9782]]],[[[178.2369,51.8282],[178.3188,51.7723],[178.3723,51.7741],[178.3056,51.8217],[178.2369,51.8282]]],[[[178.0946,52.0333],[178.1059,51.9984],[178.1325,51.987],[178.191,52.0035],[178.18,52.0332],[178.1191,52.0517],[178.0946,52.0333]]],[[[177.2033,51.8966],[177.2934,51.8456],[177.334,51.8444],[177.3268,51.8736],[177.3488,51.9045],[177.4095,51.9308],[177.5605,51.9164],[177.6065,51.9251],[177.6116,51.9508],[177.5435,51.9562],[177.5382,51.9789],[177.6016,52.0164],[177.6326,52.0648],[177.676,52.0922],[177.6616,52.1127],[177.6027,52.1373],[177.5634,52.122],[177.5053,52.0388],[177.4974,51.9933],[177.3456,51.963],[177.2913,51.9194],[177.2033,51.8966]]],[[[175.8744,52.371],[175.9113,52.3348],[175.9442,52.3364],[175.9665,52.3597],[175.9067,52.3757],[175.8744,52.371]]],[[[174.0662,52.731],[174.1094,52.7086],[174.1453,52.7286],[174.0967,52.7435],[174.0662,52.731]]],[[[173.3561,52.4056],[173.4654,52.3846],[173.5122,52.385],[173.5888,52.401],[173.6068,52.3782],[173.6513,52.3564],[173.7257,52.3566],[173.7123,52.421],[173.6916,52.4459],[173.7077,52.4774],[173.7695,52.5121],[173.6806,52.5129],[173.6239,52.5069],[173.5876,52.4768],[173.5557,52.4795],[173.5301,52.45],[173.4762,52.4419],[173.4457,52.455],[173.3801,52.4318],[173.3561,52.4056]]],[[[172.4617,52.9272],[172.513,52.9052],[172.5851,52.9213],[172.6404,52.9254],[172.7542,52.8775],[172.7634,52.8237],[172.8094,52.7893],[172.9036,52.7617],[172.9985,52.797],[173.1186,52.7844],[173.1669,52.7952],[173.2049,52.8489],[173.2291,52.8562],[173.3023,52.8233],[173.413,52.8279],[173.4217,52.8455],[173.2954,52.927],[173.2513,52.9444],[173.2118,52.9395],[173.1596,52.9742],[173.1072,52.9932],[172.7466,53.0108],[172.6291,53.0013],[172.4617,52.9272]]],[[[-130.9831,55.366],[-130.961,55.3159],[-130.9296,55.3408],[-130.9482,55.3825],[-130.9831,55.366]]],[[[-131.2447,55.0745],[-131.1936,55.0712],[-131.1751,55.0867],[-131.2112,55.1127],[-131.2447,55.0745]]],[[[-131.4984,54.9347],[-131.3989,54.8895],[-131.3894,54.8695],[-131.3436,54.8558],[-131.3202,54.8709],[-131.2561,54.8769],[-131.1915,54.9146],[-131.2455,54.9335],[-131.2544,54.9757],[-131.335,54.9949],[-131.417,54.9633],[-131.467,54.9685],[-131.4984,54.9347]]]]},"properties":{"district_code":"AK-AL","state_code":"AK","state_name":"Alaska","district_number":"AL","label":"Alaska — At-large"}},{"type":"Feature","geometry":{"type":"Polygon","coordinates":[[[-78.947,35.7414],[-78.995,35.6102],[-78.9161,35.5841],[-78.9688,35.5225],[-79.0766,35.4146],[-79.0178,35.3934],[-78.9666,35.349],[-78.919,35.3257],[-78.8852,35.3297],[-78.8568,35.3623],[-78.8345,35.3605],[-78.7841,35.3255],[-78.8356,35.3027],[-78.8554,35.3027],[-78.8675,35.245],[-78.7934,35.266],[-78.7699,35.2596],[-78.7259,35.2669],[-78.7052,35.257],[-78.6171,35.2457],[-78.5846,35.2733],[-78.5818,35.2982],[-78.5383,35.3164],[-78.4919,35.2633],[-78.4118,35.2547],[-78.3066,35.2876],[-78.2462,35.226],[-78.1618,35.2043],[-78.1634,35.1897],[-78.0774,35.1751],[-78.0174,35.2561],[-78.0085,35.2821],[-78.0169,35.3171],[-77.9874,35.3371],[-77.9415,35.3466],[-77.9567,35.3676],[-77.9504,35.4018],[-77.9736,35.4667],[-77.9301,35.5285],[-77.9366,35.5491],[-77.9674,35.5597],[-77.9539,35.5858],[-77.9984,35.5856],[-78.058,35.5978],[-78.0648,35.5853],[-78.1256,35.6031],[-78.1575,35.6853],[-78.1603,35.711],[-78.2041,35.7281],[-78.2491,35.7724],[-78.256,35.8181],[-78.4135,35.7304],[-78.4552,35.7327],[-78.4747,35.7706],[-78.5572,35.7981],[-78.5984,35.7801],[-78.7449,35.762],[-78.7808,35.771],[-78.8491,35.7356],[-78.8946,35.7467],[-78.947,35.7414]]]},"properties":{"district_code":"NC-13","state_code":"NC","state_name":"North Carolina","district_number":"13","label":"North Carolina — District 13"}},{"type":"Feature","geometry":{"type":"Polygon","coordinates":[[[-73.521,41.6198],[-73.5434,41.3768],[-73.5064,41.3774],[-73.4701,41.3264],[-73.3471,41.3504],[-73.3333,41.3183],[-73.2036,41.3792],[-73.1849,41.4063],[-73.2077,41.4205],[-73.1648,41.4478],[-73.1579,41.4894],[-73.1042,41.4894],[-73.0938,41.5139],[-73.0264,41.5463],[-73.0021,41.5248],[-72.9776,41.5338],[-72.9351,41.5076],[-72.9524,41.4646],[-72.8867,41.448],[-72.8463,41.5028],[-72.7448,41.4982],[-72.7489,41.5443],[-72.7522,41.5789],[-72.9463,41.5568],[-72.9336,41.6078],[-72.9385,41.6443],[-72.9831,41.6395],[-72.9985,41.7125],[-72.8983,41.7232],[-72.8834,41.6495],[-72.8192,41.645],[-72.7504,41.6502],[-72.7625,41.7377],[-72.795,41.7475],[-72.7986,41.8249],[-72.7704,41.8808],[-72.7682,41.9177],[-72.9059,41.9217],[-72.9406,41.8952],[-72.9536,41.8539],[-72.9365,41.8403],[-72.949,41.8064],[-73.0169,41.7982],[-73.0825,41.7984],[-73.0977,41.814],[-73.143,41.8081],[-73.2018,41.79],[-73.1273,42.042],[-73.4328,42.0506],[-73.4873,42.0496],[-73.4896,42.0001],[-73.511,41.7587],[-73.521,41.6198]]]},"properties":{"district_code":"CT-05","state_code":"CT","state_name":"Connecticut","district_number":"05","label":"Connecticut — District 5"}},{"type":"Feature","geometry":{"type":"Polygon","coordinates":[[[-76.4434,39.2559],[-76.4559,39.2819],[-76.5141,39.3083],[-76.5297,39.3303],[-76.5298,39.3721],[-76.6098,39.3722],[-76.6148,39.3458],[-76.6401,39.3299],[-76.6782,39.372],[-76.749,39.3695],[-76.7954,39.355],[-76.7459,39.3257],[-76.7454,39.2809],[-76.7234,39.2498],[-76.7284,39.2294],[-76.681,39.22],[-76.6186,39.2374],[-76.5833,39.2074],[-76.5331,39.2076],[-76.5332,39.2393],[-76.4974,39.2269],[-76.4957,39.2019],[-76.4365,39.2022],[-76.4177,39.2198],[-76.4434,39.2559]]]},"properties":{"district_code":"MD-07","state_code":"MD","state_name":"Maryland","district_number":"07","label":"Maryland — District 7"}},{"type":"Feature","geometry":{"type":"Polygon","coordinates":[[[-116.0491,49.0008],[-116.0492,48.4812],[-116.0491,47.9768],[-116.0304,47.9726],[-115.9831,47.9163],[-115.9654,47.9109],[-115.9193,47.8574],[-115.882,47.8494],[-115.8451,47.8149],[-115.8475,47.7852],[-115.825,47.7524],[-115.7228,47.6947],[-115.7365,47.6547],[-115.6944,47.6238],[-115.6884,47.5956],[-115.7543,47.5526],[-115.7112,47.5233],[-115.6863,47.4849],[-115.6919,47.4571],[-115.7479,47.4417],[-115.5491,47.3472],[-115.5285,47.2993],[-115.3235,47.2563],[-115.2431,47.1507],[-115.186,47.1294],[-115.1443,47.102],[-115.1311,47.069],[-115.0717,47.0259],[-115.0502,46.9812],[-115.0013,46.9719],[-114.961,46.9304],[-114.9253,46.9187],[-114.9367,46.8973],[-114.9207,46.8271],[-114.8658,46.8145],[-114.8296,46.783],[-114.7652,46.7583],[-114.7881,46.7121],[-114.7526,46.6972],[-114.6646,46.7391],[-114.6246,46.7118],[-114.6417,46.6792],[-114.6141,46.6391],[-114.5834,46.6332],[-114.547,46.6447],[-114.4671,46.6318],[-114.4244,46.6606],[-114.3579,46.6687],[-114.3211,46.6475],[-114.3225,46.6113],[-114.3438,46.5897],[-114.3519,46.5077],[-114.3999,46.5022],[-114.4012,46.4791],[-114.3723,46.4428],[-114.385,46.4112],[-114.4222,46.3873],[-114.4143,46.3355],[-114.4328,46.3061],[-114.4273,46.2836],[-114.4707,46.266],[-114.4519,46.2407],[-114.4459,46.1739],[-114.476,46.1606],[-114.5156,46.1661],[-114.5205,46.1249],[-114.4605,46.0978],[-114.4694,46.0618],[-114.4935,46.0524],[-114.4741,45.9922],[-114.4118,45.9779],[-114.4025,45.9579],[-114.4314,45.936],[-114.3886,45.8822],[-114.4096,45.8523],[-114.4383,45.8626],[-114.5093,45.8455],[-114.5144,45.8271],[-114.5665,45.7733],[-114.5465,45.743],[-114.5042,45.7217],[-114.4996,45.6696],[-114.5635,45.6323],[-114.5385,45.6078],[-114.565,45.5578],[-114.5276,45.5708],[-114.4306,45.5295],[-114.418,45.5097],[-114.3661,45.491],[-114.3442,45.4597],[-114.279,45.4801],[-114.2471,45.5252],[-114.1807,45.5507],[-114.1362,45.557],[-114.1216,45.5843],[-114.0823,45.5968],[-114.067,45.628],[-114.0153,45.6634],[-114.019,45.6928],[-113.994,45.7032],[-113.9391,45.6958],[-113.9195,45.6579],[-113.8612,45.6236],[-113.8074,45.6028],[-113.7971,45.5821],[-113.8341,45.5205],[-113.7727,45.5143],[-113.76,45.4807],[-113.7836,45.4557],[-113.7742,45.4065],[-113.7344,45.3924],[-113.7381,45.3284],[-113.6808,45.2793],[-113.6925,45.2634],[-113.6578,45.2414],[-113.637,45.2129],[-113.5919,45.1842],[-113.5766,45.1315],[-113.5226,45.0927],[-113.452,45.0592],[-113.4439,44.9602],[-113.4984,44.9417],[-113.4719,44.9095],[-113.4551,44.8654],[-113.4216,44.8376],[-113.3843,44.8375],[-113.3561,44.8198],[-113.34,44.7848],[-113.2465,44.8227],[-113.1795,44.7872],[-113.1016,44.7294],[-113.1013,44.7062],[-113.0678,44.6788],[-113.0571,44.6186],[-113.0875,44.5995],[-113.0378,44.5651],[-113.0156,44.5162],[-113.0265,44.4962],[-113.0051,44.4537],[-112.9511,44.4174],[-112.9027,44.3991],[-112.8452,44.358],[-112.8132,44.3767],[-112.8394,44.4238],[-112.7798,44.4846],[-112.7191,44.5043],[-112.6636,44.4862],[-112.602,44.4907],[-112.485,44.4709],[-112.4739,44.4792],[-112.3863,44.4478],[-112.3566,44.4931],[-112.3542,44.5356],[-112.3192,44.5391],[-112.286,44.5686],[-112.2293,44.5641],[-112.2217,44.5435],[-112.1839,44.5331],[-112.1371,44.5398],[-112.1016,44.5208],[-112.0327,44.5466],[-111.9775,44.5358],[-111.9489,44.5563],[-111.8704,44.5635],[-111.8215,44.5089],[-111.7042,44.5596],[-111.6127,44.5488],[-111.5865,44.5627],[-111.5236,44.5479],[-111.5074,44.5621],[-111.5252,44.6052],[-111.4723,44.6669],[-111.4899,44.7006],[-111.4661,44.7135],[-111.3978,44.7241],[-111.3925,44.7524],[-111.3374,44.7332],[-111.296,44.7021],[-111.2672,44.6646],[-111.2201,44.6221],[-111.24,44.6148],[-111.2275,44.5772],[-111.181,44.5692],[-111.1307,44.5001],[-111.0524,44.4784],[-111.0546,45.001],[-111.0451,45.0009],[-111.0466,45.1763],[-111.0386,45.1764],[-111.0382,45.3514],[-110.9179,45.3513],[-110.9192,45.5249],[-110.8583,45.5249],[-110.8574,45.5906],[-110.7948,45.5907],[-110.7953,45.7863],[-110.7885,45.9049],[-110.7924,45.9888],[-110.7908,46.1418],[-110.7838,46.1927],[-111.1595,46.1928],[-111.1595,46.1878],[-111.3467,46.1878],[-111.3494,46.1226],[-111.3786,46.1133],[-111.4238,46.062],[-111.4196,45.9963],[-111.4636,45.9899],[-111.4641,45.9636],[-111.4954,45.9344],[-111.5487,45.9098],[-111.5877,45.9067],[-111.6129,45.8745],[-111.7055,45.7957],[-111.7559,45.8042],[-111.7882,45.7925],[-111.8106,45.8129],[-111.9066,45.828],[-111.927,45.8557],[-111.984,45.8465],[-112.0229,45.8588],[-112.1049,45.8411],[-112.1122,45.8062],[-112.1568,45.7555],[-112.1884,45.7477],[-112.2668,45.7863],[-112.4014,45.8319],[-112.4305,45.8539],[-112.4043,45.888],[-112.4313,45.9295],[-112.4446,46.002],[-112.442,46.0295],[-112.477,46.0517],[-112.4663,46.0927],[-112.5201,46.1373],[-112.517,46.1659],[-112.5771,46.179],[-112.5736,46.2118],[-112.5944,46.228],[-112.5607,46.2611],[-112.5724,46.2966],[-112.5336,46.3309],[-112.4514,46.35],[-112.4038,46.3866],[-112.3501,46.3851],[-112.3125,46.4184],[-112.3045,46.4501],[-112.3063,46.5104],[-112.2937,46.5311],[-112.3167,46.5749],[-112.2932,46.6051],[-112.3209,46.6559],[-112.4106,46.656],[-112.4108,46.6995],[-112.5356,46.6995],[-112.5357,46.8342],[-112.7956,46.8317],[-112.7958,47.177],[-113.0494,47.1771],[-113.0591,47.1796],[-113.0592,47.4886],[-113.1145,47.4904],[-113.1231,47.5157],[-113.1177,47.5705],[-113.1422,47.5931],[-113.1285,47.661],[-113.1658,47.7198],[-113.138,47.7458],[-113.081,47.7499],[-113.06,47.8081],[-113.0633,47.8856],[-113.0925,47.8961],[-113.0866,47.9182],[-113.0221,47.9271],[-112.9818,47.9553],[-112.9126,47.9464],[-112.8849,47.9854],[-112.8967,48.019],[-112.9357,48.0352],[-112.9378,48.0609],[-112.9818,48.0738],[-113.0006,48.1307],[-112.8267,48.1332],[-112.2643,48.1313],[-112.2693,48.1993],[-112.1354,48.2512],[-112.0557,48.2422],[-112.0556,48.3031],[-112.0917,48.3083],[-112.0992,48.3369],[-112.1428,48.3515],[-112.3349,48.3518],[-112.3282,48.3801],[-112.2623,48.4256],[-112.2246,48.4717],[-112.1848,48.4776],[-112.1891,48.5665],[-112.189,48.914],[-112.1934,48.9989],[-112.365,48.9988],[-113.0099,48.9986],[-113.693,48.9976],[-114.0592,48.9989],[-114.376,49.0014],[-114.7271,49.0006],[-115.2079,48.9992],[-115.501,49.0007],[-116.0491,49.0008]]]},"properties":{"district_code":"MT-01","state_code":"MT","state_name":"Montana","district_number":"01","label":"Montana — District 1"}},{"type":"Feature","geometry":{"type":"Polygon","coordinates":[[[-75.9976,40.9133],[-75.886,40.8163],[-75.7578,40.7354],[-75.8083,40.7073],[-75.8915,40.6773],[-75.7667,40.597],[-75.5297,40.447],[-75.4841,40.4185],[-75.4097,40.488],[-75.2582,40.582],[-75.1968,40.6086],[-75.2005,40.6469],[-75.1776,40.6777],[-75.2039,40.6915],[-75.1825,40.7299],[-75.1965,40.7516],[-75.1716,40.7777],[-75.1344,40.7738],[-75.1085,40.7911],[-75.0635,40.8495],[-75.0537,40.8737],[-75.1178,40.953],[-75.1202,40.9687],[-75.1292,40.9589],[-75.2182,40.9279],[-75.2325,40.8998],[-75.2948,40.8622],[-75.3154,40.8896],[-75.4122,40.8898],[-75.4271,40.8971],[-75.4974,40.9884],[-75.5772,41.0682],[-75.6675,41.134],[-75.6919,41.1312],[-75.772,41.0768],[-75.7703,41.0501],[-75.7322,41.0081],[-75.9976,40.9133]]]},"properties":{"district_code":"PA-07","state_code":"PA","state_name":"Pennsylvania","district_number":"07","label":"Pennsylvania — District 7"}},{"type":"Feature","geometry":{"type":"Polygon","coordinates":[[[-86.5639,36.6336],[-86.6028,36.5728],[-86.634,36.5364],[-86.6519,36.4701],[-86.6944,36.4237],[-86.7499,36.4105],[-86.7643,36.3943],[-86.7561,36.3429],[-86.7748,36.3335],[-86.7309,36.2887],[-86.7385,36.2554],[-86.7571,36.2497],[-86.7803,36.1752],[-86.7658,36.159],[-86.7253,36.1642],[-86.7288,36.1264],[-86.7515,36.1112],[-86.7345,36.0908],[-86.7082,36.0963],[-86.6714,36.0772],[-86.6546,36.0968],[-86.6193,36.0893],[-86.61,36.1379],[-86.641,36.1759],[-86.6134,36.2441],[-86.5228,36.2595],[-86.5058,36.2324],[-86.4773,36.231],[-86.4342,36.247],[-86.4173,36.265],[-86.3212,36.2617],[-86.2886,36.2492],[-86.2749,36.1951],[-86.2352,36.1464],[-86.186,36.0983],[-86.1857,36.0723],[-86.2059,36.0493],[-86.198,36.0185],[-86.2161,36.0036],[-86.1743,35.9827],[-86.177,35.9575],[-86.1529,35.9544],[-86.1586,35.8808],[-86.1728,35.873],[-86.1871,35.7637],[-86.2079,35.7323],[-86.2071,35.7038],[-86.1434,35.6617],[-86.0532,35.644],[-86.0016,35.6526],[-85.985,35.6666],[-85.9913,35.6974],[-85.9849,35.7346],[-85.9139,35.8225],[-85.8729,35.8464],[-85.7875,35.843],[-85.7518,35.85],[-85.6417,35.8167],[-85.6203,35.8012],[-85.6337,35.764],[-85.6022,35.7451],[-85.6051,35.7085],[-85.5946,35.6179],[-85.5575,35.533],[-85.4958,35.5476],[-85.4599,35.5469],[-85.4238,35.5674],[-85.3054,35.6783],[-85.2654,35.7212],[-85.2541,35.7656],[-85.1034,35.7699],[-85.085,35.7605],[-85.0411,35.7718],[-85.0288,35.7463],[-84.8824,35.7788],[-84.7979,35.825],[-84.7819,35.825],[-84.7288,35.8592],[-84.7062,35.8961],[-84.6806,35.9085],[-84.7207,35.9949],[-84.7919,36.0594],[-84.8049,36.0886],[-84.8324,36.084],[-84.8709,36.1369],[-84.9078,36.1563],[-84.9,36.1724],[-84.9142,36.2083],[-84.8974,36.2241],[-84.8661,36.2929],[-84.8431,36.287],[-84.7957,36.2977],[-84.7864,36.3239],[-84.7397,36.3379],[-84.7325,36.3663],[-84.6702,36.3833],[-84.6273,36.382],[-84.5533,36.3977],[-84.485,36.3815],[-84.4496,36.3855],[-84.4177,36.4367],[-84.3678,36.4168],[-84.3455,36.4296],[-84.3529,36.4646],[-84.3253,36.5094],[-84.2865,36.5039],[-84.2596,36.514],[-84.2492,36.5647],[-84.2613,36.592],[-84.5431,36.5963],[-84.8431,36.6051],[-84.9749,36.6156],[-85.1954,36.6255],[-85.3004,36.6244],[-85.4884,36.615],[-85.8322,36.622],[-86.0328,36.6304],[-86.3331,36.6488],[-86.5078,36.6524],[-86.5639,36.6336]]]},"properties":{"district_code":"TN-06","state_code":"TN","state_name":"Tennessee","district_number":"06","label":"Tennessee — District 6"}},{"type":"Feature","geometry":{"type":"Polygon","coordinates":[[[-84.6544,34.5489],[-84.6532,34.4126],[-84.7339,34.413],[-84.7341,34.3965],[-84.8963,34.3963],[-84.9472,34.3989],[-84.9539,34.3842],[-85.0058,34.3924],[-85.0052,34.3471],[-85.0231,34.3471],[-85.0238,34.2134],[-85.0447,34.2136],[-85.047,34.0829],[-84.7378,34.0823],[-84.7396,33.9478],[-84.703,33.9404],[-84.6431,33.9489],[-84.6309,33.8677],[-84.604,33.9053],[-84.5371,33.8909],[-84.5195,33.8766],[-84.5106,33.84],[-84.4804,33.8175],[-84.4602,33.8382],[-84.4433,33.8793],[-84.4475,33.9079],[-84.4011,33.9478],[-84.3937,33.9719],[-84.4614,33.9469],[-84.5102,33.965],[-84.5622,34],[-84.5507,34.0397],[-84.5718,34.0766],[-84.4189,34.0735],[-84.4268,34.1249],[-84.4157,34.1692],[-84.4233,34.1967],[-84.3965,34.2121],[-84.4303,34.2798],[-84.4081,34.2774],[-84.3938,34.3029],[-84.412,34.3143],[-84.412,34.3806],[-84.2576,34.381],[-84.2569,34.4673],[-84.3197,34.4679],[-84.3456,34.5627],[-84.3714,34.5485],[-84.5028,34.5505],[-84.6544,34.5489]]]},"properties":{"district_code":"GA-11","state_code":"GA","state_name":"Georgia","district_number":"11","label":"Georgia — District 11"}},{"type":"Feature","geometry":{"type":"Polygon","coordinates":[[[-122.7437,45.4429],[-122.7437,45.4871],[-122.7859,45.4694],[-122.8363,45.4656],[-122.8416,45.3977],[-122.8634,45.3677],[-122.9068,45.3679],[-122.9161,45.3489],[-122.9626,45.3464],[-123.0117,45.3763],[-123.0322,45.405],[-123.1146,45.4044],[-123.1354,45.4335],[-123.4649,45.4333],[-123.4635,45.2163],[-123.7845,45.2163],[-123.784,45.0767],[-123.7244,45.0768],[-123.7247,45.0444],[-123.725,44.739],[-123.7045,44.7212],[-123.3019,44.7198],[-123.149,44.7202],[-123.1338,44.7521],[-123.042,44.7376],[-123.014,44.714],[-123.0103,44.689],[-122.9341,44.7158],[-122.865,44.7583],[-122.8749,44.7854],[-122.8349,44.7914],[-122.8544,44.846],[-122.9505,44.906],[-122.9609,44.9623],[-122.9532,45.0045],[-122.9757,45.0228],[-122.9374,45.0682],[-122.8803,45.1107],[-122.8402,45.128],[-122.8001,45.1864],[-122.7453,45.2328],[-122.7519,45.2425],[-122.7236,45.291],[-122.7438,45.3175],[-122.7439,45.3722],[-122.7193,45.3952],[-122.744,45.4153],[-122.7437,45.4429]]]},"properties":{"district_code":"OR-06","state_code":"OR","state_name":"Oregon","district_number":"06","label":"Oregon — District 6"}},{"type":"Feature","geometry":{"type":"MultiPolygon","coordinates":[[[[-75.9939,37.9535],[-75.9801,38.0049],[-76.0073,38.0367],[-76.041,38.032],[-76.05,37.9901],[-76.0465,37.9536],[-75.9939,37.9535]]],[[[-76.0888,38.1631],[-76.0261,38.1821],[-76.049,38.2038],[-76.0888,38.1631]]],[[[-76.6977,39.7211],[-76.6674,39.6934],[-76.675,39.673],[-76.6567,39.6193],[-76.6127,39.5825],[-76.6132,39.5059],[-76.5384,39.4801],[-76.5579,39.4397],[-76.473,39.4196],[-76.4228,39.3761],[-76.4357,39.3535],[-76.4093,39.3415],[-76.3731,39.3582],[-76.3493,39.3369],[-76.3571,39.3941],[-76.3114,39.3885],[-76.3094,39.3542],[-76.2896,39.3172],[-76.2571,39.3379],[-76.2777,39.3715],[-76.2534,39.3787],[-76.2338,39.352],[-76.1969,39.3678],[-76.0893,39.4451],[-76.072,39.475],[-76.1231,39.4889],[-76.0961,39.5369],[-75.9997,39.5605],[-75.97,39.5573],[-75.9994,39.4659],[-75.9666,39.4628],[-75.9826,39.4353],[-76.0331,39.4031],[-76.023,39.3619],[-76.0623,39.372],[-76.1105,39.3723],[-76.1856,39.3193],[-76.1791,39.3001],[-76.2225,39.2577],[-76.2761,39.1462],[-76.2449,39.1306],[-76.2311,39.061],[-76.2427,39.0289],[-76.2015,39.0135],[-76.2153,39.0532],[-76.2034,39.0856],[-76.169,39.1118],[-76.1343,39.1043],[-76.1783,39.0317],[-76.164,38.9995],[-76.2024,38.9731],[-76.2775,38.9825],[-76.2979,39.0192],[-76.3245,38.9957],[-76.3617,38.9392],[-76.3635,38.85],[-76.331,38.8643],[-76.3402,38.9118],[-76.2731,38.9419],[-76.2086,38.944],[-76.2061,38.853],[-76.1911,38.8297],[-76.2003,38.803],[-76.2421,38.8174],[-76.2658,38.8475],[-76.2978,38.8283],[-76.3425,38.749],[-76.3128,38.7458],[-76.296,38.7242],[-76.2387,38.7128],[-76.2128,38.6819],[-76.1773,38.676],[-76.1134,38.6213],[-76.0885,38.6259],[-76.0316,38.5813],[-76.0431,38.5621],[-76.0865,38.5859],[-76.1143,38.583],[-76.1766,38.6276],[-76.2031,38.6107],[-76.2789,38.6115],[-76.2662,38.5861],[-76.29,38.5692],[-76.2473,38.5238],[-76.2654,38.4975],[-76.2997,38.5013],[-76.3335,38.4821],[-76.2828,38.4158],[-76.2781,38.3824],[-76.2497,38.3642],[-76.2138,38.3783],[-76.1824,38.3596],[-76.1644,38.3158],[-76.1147,38.3007],[-76.0441,38.2417],[-76.027,38.2814],[-76.0502,38.3041],[-76.0172,38.3329],[-76.0103,38.3636],[-75.9739,38.3659],[-75.9653,38.3225],[-76.0086,38.3123],[-75.9811,38.2686],[-75.9402,38.2709],[-75.9409,38.294],[-75.9122,38.3432],[-75.8825,38.3291],[-75.917,38.2632],[-75.8834,38.2444],[-75.8187,38.2261],[-75.8641,38.2009],[-75.8881,38.2038],[-75.9424,38.1871],[-75.9596,38.1371],[-75.9371,38.1242],[-75.8808,38.148],[-75.8383,38.1262],[-75.8756,38.0802],[-75.8006,38.0619],[-75.8855,37.9961],[-75.8612,37.9553],[-75.8899,37.9537],[-75.8927,37.9168],[-75.8332,37.9308],[-75.7838,37.9726],[-75.7152,37.9782],[-75.6581,37.9595],[-75.6482,37.9668],[-75.6244,37.9942],[-75.2425,38.027],[-75.1938,38.096],[-75.159,38.1842],[-75.1029,38.3115],[-75.0855,38.3243],[-75.0546,38.4148],[-75.0489,38.4513],[-75.3842,38.4521],[-75.6937,38.4601],[-75.7176,38.7656],[-75.7494,39.1648],[-75.7808,39.5503],[-75.7887,39.6582],[-75.7886,39.7222],[-76.1356,39.7216],[-76.6977,39.7211]]]]},"properties":{"district_code":"MD-01","state_code":"MD","state_name":"Maryland","district_number":"01","label":"Maryland — District 1"}},{"type":"Feature","geometry":{"type":"Polygon","coordinates":[[[-71.5011,45.0133],[-71.5386,44.9873],[-71.5162,44.9641],[-71.5154,44.9269],[-71.496,44.9089],[-71.5455,44.8661],[-71.5797,44.7847],[-71.6319,44.7525],[-71.5988,44.7033],[-71.5857,44.6579],[-71.5521,44.6301],[-71.5604,44.5998],[-71.5494,44.5696],[-71.5877,44.5658],[-71.5744,44.5406],[-71.5768,44.5041],[-71.6246,44.4752],[-71.6449,44.4752],[-71.6597,44.4415],[-71.7146,44.4096],[-71.7907,44.4003],[-71.8144,44.3819],[-71.8124,44.3573],[-71.8725,44.3366],[-71.9023,44.3475],[-71.9291,44.3376],[-71.9811,44.3375],[-72.0189,44.3202],[-72.0684,44.2713],[-72.0479,44.2385],[-72.0662,44.1898],[-72.0411,44.1543],[-72.0324,44.0915],[-72.0855,44.0213],[-72.117,43.9945],[-72.0991,43.9574],[-72.1181,43.9236],[-72.1513,43.9017],[-72.1879,43.8561],[-72.1848,43.8047],[-72.2342,43.746],[-72.2996,43.7063],[-72.3324,43.5994],[-72.3734,43.5797],[-72.3804,43.5409],[-72.3986,43.5134],[-72.3809,43.4934],[-72.3926,43.4651],[-72.4134,43.3627],[-72.3955,43.313],[-72.4216,43.2634],[-72.4352,43.2585],[-72.4377,43.2028],[-72.4503,43.1925],[-72.4569,43.1466],[-72.433,43.1197],[-72.4352,43.0866],[-72.4674,43.0526],[-72.4446,43.0106],[-72.4738,42.972],[-72.5346,42.9499],[-72.5242,42.9185],[-72.5528,42.885],[-72.5572,42.853],[-72.5396,42.8048],[-72.4759,42.7577],[-72.4585,42.7269],[-72.1111,42.7172],[-71.7458,42.7073],[-71.2942,42.697],[-71.2455,42.7426],[-71.1818,42.7376],[-71.1861,42.7907],[-71.1656,42.8087],[-71.1158,42.8177],[-71.1365,42.8605],[-71.3495,42.8392],[-71.3872,42.8236],[-71.4271,42.8248],[-71.4423,42.8904],[-71.4848,42.8662],[-71.4696,42.7939],[-71.5434,42.8058],[-71.5562,42.7923],[-71.5775,42.8954],[-71.582,42.9433],[-71.6104,42.9397],[-71.6413,43.0542],[-71.5111,43.0697],[-71.4663,43.1223],[-71.213,43.077],[-71.1595,43.1356],[-71.1772,43.144],[-71.1279,43.2001],[-71.2473,43.2752],[-71.236,43.285],[-71.5494,43.4524],[-71.6011,43.435],[-71.62,43.4439],[-71.638,43.4918],[-71.6773,43.5005],[-71.7063,43.5376],[-71.479,43.6986],[-71.4399,43.6956],[-71.5323,43.7648],[-71.3288,43.7827],[-71.3601,43.9084],[-71.2125,43.9244],[-71.1688,43.9621],[-71.1401,43.9629],[-71.1555,44.0246],[-71.3836,44.0226],[-71.3664,44.0685],[-71.3816,44.0979],[-71.3871,44.1552],[-71.4132,44.1675],[-71.4265,44.2109],[-71.3949,44.2147],[-71.3842,44.1788],[-71.3565,44.1658],[-71.3436,44.0921],[-71.3118,44.0918],[-71.3024,44.1374],[-71.2068,44.1396],[-71.1468,44.1263],[-71.0977,44.1241],[-71.0984,44.2355],[-71.0423,44.2375],[-71.0444,44.2838],[-71.0103,44.2849],[-71.031,44.6555],[-71.0446,44.845],[-71.059,45.0049],[-71.0769,45.2469],[-71.0839,45.3055],[-71.0978,45.3019],[-71.134,45.2442],[-71.203,45.2543],[-71.228,45.2497],[-71.2837,45.302],[-71.3364,45.2731],[-71.3832,45.2349],[-71.4683,45.0841],[-71.4984,45.0696],[-71.5011,45.0133]]]},"properties":{"district_code":"NH-02","state_code":"NH","state_name":"New Hampshire","district_number":"02","label":"New Hampshire — District 2"}},{"type":"Feature","geometry":{"type":"MultiPolygon","coordinates":[[[[-76.4069,36.8975],[-76.4041,36.885],[-76.4575,36.8148],[-76.4452,36.7874],[-76.3997,36.7874],[-76.2911,36.7577],[-76.2534,36.7426],[-76.2064,36.777],[-76.2281,36.8329],[-76.1947,36.83],[-76.1769,36.857],[-76.1985,36.8866],[-76.1771,36.9301],[-76.2217,36.9395],[-76.2679,36.9645],[-76.2961,36.969],[-76.3302,36.9421],[-76.3157,36.8882],[-76.3513,36.88],[-76.3545,36.9228],[-76.3859,36.9232],[-76.4069,36.8975]]],[[[-76.6074,37.1688],[-76.6255,37.1273],[-76.5671,37.0838],[-76.5431,37.0891],[-76.5263,37.0629],[-76.4645,37.0275],[-76.4521,36.9982],[-76.411,36.963],[-76.3775,36.997],[-76.3407,37.0152],[-76.3004,37.0089],[-76.2714,37.0876],[-76.296,37.1098],[-76.3447,37.0968],[-76.3675,37.113],[-76.4096,37.0919],[-76.4591,37.101],[-76.5652,37.2205],[-76.5913,37.2132],[-76.5812,37.1825],[-76.6074,37.1688]]]]},"properties":{"district_code":"VA-03","state_code":"VA","state_name":"Virginia","district_number":"03","label":"Virginia — District 3"}},{"type":"Feature","geometry":{"type":"Polygon","coordinates":[[[-87.896,42.0003],[-87.9005,42.0237],[-87.9792,42.0153],[-87.9692,41.9496],[-88.0033,41.949],[-88.0521,41.921],[-88.0814,41.9212],[-88.1206,41.9043],[-88.1797,41.9221],[-88.1842,41.9876],[-88.2173,42.0129],[-88.233,42.0467],[-88.2635,42.059],[-88.2626,41.8712],[-88.2628,41.8156],[-88.1659,41.8304],[-88.1513,41.8136],[-88.1138,41.8147],[-88.103,41.8653],[-88.0346,41.8842],[-88.0381,41.9043],[-87.9884,41.9053],[-87.9668,41.9301],[-87.9203,41.9313],[-87.9149,41.9482],[-87.8588,41.9343],[-87.8255,41.911],[-87.7529,41.9153],[-87.7458,41.895],[-87.6872,41.9103],[-87.6883,41.9467],[-87.7047,41.9758],[-87.7906,41.9528],[-87.9157,41.9587],[-87.9205,41.9939],[-87.896,42.0003]]]},"properties":{"district_code":"IL-03","state_code":"IL","state_name":"Illinois","district_number":"03","label":"Illinois — District 3"}},{"type":"Feature","geometry":{"type":"Polygon","coordinates":[[[-106.4265,39.3619],[-106.4269,39.3234],[-106.5027,39.2981],[-106.4833,39.2727],[-106.4973,39.2427],[-106.4936,39.1983],[-106.5212,39.1573],[-106.5626,39.1519],[-106.5582,39.1202],[-106.5863,39.0877],[-106.5776,39.0532],[-106.5972,39.0448],[-106.5955,38.9913],[-106.5522,38.9935],[-106.5285,38.9599],[-106.465,38.9104],[-106.4218,38.9281],[-106.4021,38.9106],[-106.377,38.9227],[-106.3452,38.9071],[-106.3275,38.8823],[-106.3975,38.8231],[-106.4163,38.8239],[-106.4174,38.7257],[-106.4402,38.6869],[-106.4302,38.6535],[-106.3804,38.6371],[-106.3446,38.5686],[-106.3481,38.5125],[-106.3045,38.4784],[-106.2469,38.4228],[-106.0759,38.4238],[-106.0432,38.4577],[-106.0194,38.4544],[-105.9968,38.4203],[-105.9476,38.3905],[-105.8976,38.3501],[-105.8668,38.3057],[-105.8,38.2699],[-105.7839,38.2396],[-105.7367,38.2096],[-105.6868,38.1668],[-105.6559,38.0923],[-105.6272,38.0673],[-105.5777,37.9655],[-105.5333,37.9552],[-105.4711,37.8953],[-105.4136,37.8905],[-105.3771,37.9161],[-105.3171,37.9389],[-105.2974,37.9093],[-105.2738,37.9077],[-105.2389,37.9626],[-105.2154,37.9705],[-105.1946,38.0076],[-105.1687,38.0189],[-105.1085,37.9434],[-105.0661,37.9442],[-105.0499,37.9155],[-105.0492,38.258],[-104.9404,38.2583],[-104.9415,38.5196],[-104.9422,38.6963],[-104.9399,38.7965],[-105.0722,38.7994],[-105.0664,38.8692],[-105.0286,38.8687],[-105.0271,39.029],[-105.0335,39.1298],[-105.3294,39.1295],[-105.31,39.1635],[-105.2874,39.1794],[-105.2636,39.2288],[-105.2192,39.2705],[-105.1664,39.363],[-105.1713,39.4069],[-105.1235,39.4343],[-105.135,39.4708],[-105.0861,39.4949],[-105.073,39.5453],[-105.111,39.5362],[-105.1338,39.5527],[-105.1557,39.5911],[-105.1102,39.593],[-105.11,39.6097],[-105.0581,39.6175],[-105.0802,39.6295],[-105.0533,39.6678],[-105.0532,39.7911],[-105.0529,39.9142],[-105.0155,39.9213],[-105.0158,39.9812],[-104.9614,40.0003],[-104.9785,40.0439],[-105.0079,40.0005],[-105.0528,40.0003],[-105.0529,39.9578],[-105.0909,39.9361],[-105.1186,39.9432],[-105.1471,39.9139],[-105.2389,39.9144],[-105.2411,39.8685],[-105.2945,39.8764],[-105.3008,39.854],[-105.3979,39.8409],[-105.3989,39.5661],[-105.588,39.5682],[-105.8297,39.5649],[-105.8176,39.5383],[-105.9105,39.4584],[-105.9387,39.4585],[-105.9517,39.4146],[-105.9769,39.4086],[-106.0561,39.3584],[-106.0972,39.378],[-106.2256,39.3796],[-106.2797,39.3523],[-106.3036,39.3614],[-106.3517,39.3537],[-106.4006,39.381],[-106.4265,39.3619]]]},"properties":{"district_code":"CO-07","state_code":"CO","state_name":"Colorado","district_number":"07","label":"Colorado — District 7"}},{"type":"Feature","geometry":{"type":"Polygon","coordinates":[[[-74.5359,41.0585],[-74.6067,40.9981],[-74.6414,40.9594],[-74.5949,40.9024],[-74.5688,40.8921],[-74.6023,40.8626],[-74.6236,40.8659],[-74.6447,40.8358],[-74.6306,40.8047],[-74.5716,40.8156],[-74.5426,40.8017],[-74.5477,40.737],[-74.5137,40.6978],[-74.4494,40.7174],[-74.4438,40.688],[-74.4018,40.7181],[-74.3589,40.736],[-74.2972,40.7152],[-74.256,40.7134],[-74.2353,40.7501],[-74.2678,40.7623],[-74.3047,40.7579],[-74.2764,40.8146],[-74.2935,40.834],[-74.2516,40.8496],[-74.2233,40.8296],[-74.2373,40.8032],[-74.1898,40.7686],[-74.1483,40.7799],[-74.13,40.8199],[-74.1979,40.8571],[-74.1742,40.9012],[-74.2061,40.917],[-74.2017,40.95],[-74.2852,40.9788],[-74.3,41.0031],[-74.3891,41.0122],[-74.4236,41.0277],[-74.447,41.0544],[-74.5017,41.0421],[-74.5359,41.0585]]]},"properties":{"district_code":"NJ-11","state_code":"NJ","state_name":"New Jersey","district_number":"11","label":"New Jersey — District 11"}},{"type":"Feature","geometry":{"type":"Polygon","coordinates":[[[-82.0492,29.7187],[-82.055,29.6696],[-82.0556,29.4418],[-82.1098,29.4354],[-82.1099,29.4118],[-82.1515,29.338],[-82.152,29.2412],[-82.144,29.2231],[-82.0703,29.2229],[-82.0578,29.2119],[-82.0661,29.1499],[-82.0785,29.1353],[-82.136,29.1354],[-82.1847,29.1209],[-82.1849,29.0812],[-82.1503,29.005],[-82.1236,28.9602],[-81.9542,28.9601],[-81.9535,28.887],[-81.8643,28.8871],[-81.8392,28.8947],[-81.7988,28.8811],[-81.7579,28.8524],[-81.7498,28.8354],[-81.6936,28.8363],[-81.6874,28.7879],[-81.593,28.786],[-81.56,28.8077],[-81.4748,28.8181],[-81.4196,28.8152],[-81.3663,28.8736],[-81.3528,28.9231],[-81.3329,28.9196],[-81.3322,28.9748],[-81.28,28.9693],[-81.2578,28.9555],[-81.2489,28.9994],[-81.2316,29.0176],[-81.1793,29.0299],[-81.1193,29.0239],[-81.084,29.0121],[-81.0875,29.1026],[-81.0484,29.1201],[-81.0449,29.1549],[-80.9792,29.1549],[-80.9954,29.2061],[-81.0467,29.3079],[-81.1636,29.5553],[-81.2116,29.6671],[-81.2539,29.7769],[-81.2621,29.8195],[-81.2766,29.841],[-81.3409,29.8178],[-81.3791,29.8257],[-81.3949,29.8614],[-81.5419,29.845],[-81.5835,29.8446],[-81.5812,29.8402],[-81.8124,29.8365],[-81.862,29.8002],[-81.9093,29.7936],[-81.9394,29.7475],[-82.0071,29.7395],[-82.0492,29.7187]]]},"properties":{"district_code":"FL-06","state_code":"FL","state_name":"Florida","district_number":"06","label":"Florida — District 6"}},{"type":"Feature","geometry":{"type":"Polygon","coordinates":[[[-87.3029,37.8977],[-87.3234,37.8192],[-87.3074,37.8152],[-87.2898,37.7611],[-87.3208,37.7425],[-87.3708,37.7378],[-87.3941,37.724],[-87.413,37.6747],[-87.4728,37.6649],[-87.4996,37.6274],[-87.4645,37.5938],[-87.397,37.5893],[-87.3596,37.5461],[-87.35,37.5141],[-87.3617,37.4881],[-87.3511,37.4249],[-87.3115,37.4019],[-87.2996,37.3683],[-87.3304,37.3441],[-87.3452,37.3099],[-87.372,37.2992],[-87.3873,37.2554],[-87.3559,37.2366],[-87.3457,37.2123],[-87.3079,37.1946],[-87.3336,37.1615],[-87.3128,37.1137],[-87.2859,37.0873],[-87.2452,37.0641],[-87.2503,37.0406],[-87.1181,37.0447],[-87.0532,37.061],[-86.9764,37.0736],[-86.8453,37.0565],[-86.6745,36.9998],[-86.7045,36.9778],[-86.7138,36.9368],[-86.7412,36.9287],[-86.7365,36.896],[-86.6907,36.8443],[-86.6559,36.8763],[-86.6116,36.8831],[-86.5833,36.8303],[-86.4005,36.8072],[-86.4058,36.7762],[-86.2634,36.8731],[-86.2263,36.9126],[-86.2127,36.9037],[-86.1704,36.935],[-86.1248,36.8954],[-86.0974,36.9008],[-86.0702,36.8773],[-86.078,36.8547],[-86.066,36.8228],[-86.0307,36.7644],[-86.0023,36.7587],[-85.9769,36.7227],[-85.807,36.8216],[-85.7393,36.8415],[-85.7504,37.0059],[-85.7593,37.0686],[-85.7561,37.1098],[-85.777,37.1383],[-85.7442,37.1698],[-85.6865,37.1824],[-85.6609,37.143],[-85.6323,37.1251],[-85.5269,37.1095],[-85.3803,37.1683],[-85.3528,37.1924],[-85.3719,37.2213],[-85.4065,37.2221],[-85.3928,37.2493],[-85.4781,37.3637],[-85.5845,37.4321],[-85.5846,37.4646],[-85.5289,37.4541],[-85.5028,37.4823],[-85.4666,37.4674],[-85.503,37.5491],[-85.5213,37.5543],[-85.4505,37.6859],[-85.4019,37.7305],[-85.432,37.7266],[-85.4404,37.7595],[-85.4619,37.7646],[-85.427,37.8133],[-85.5039,37.8476],[-85.584,37.9097],[-85.5491,37.9282],[-85.4892,37.9907],[-85.5119,38.0129],[-85.4692,38.0962],[-85.4305,38.1073],[-85.4049,38.2637],[-85.4763,38.2897],[-85.5009,38.27],[-85.5095,38.1801],[-85.5424,38.1479],[-85.5796,38.1341],[-85.5656,38.1035],[-85.5671,38.0747],[-85.7126,38.0873],[-85.877,38.0418],[-85.9471,38.0051],[-86.0256,37.9945],[-86.05,37.9605],[-86.0794,38.0006],[-86.1283,38.0162],[-86.1766,38.0102],[-86.2672,38.0568],[-86.2791,38.1008],[-86.2703,38.1298],[-86.2871,38.1579],[-86.3297,38.1817],[-86.3738,38.1934],[-86.3661,38.1615],[-86.328,38.1548],[-86.3406,38.1277],[-86.3753,38.1306],[-86.4051,38.1058],[-86.4295,38.1253],[-86.4661,38.1144],[-86.434,38.0868],[-86.4522,38.0505],[-86.5173,38.0426],[-86.525,38.0279],[-86.5252,37.9682],[-86.507,37.9364],[-86.5342,37.917],[-86.5886,37.9212],[-86.5998,37.9068],[-86.5981,37.8674],[-86.6383,37.8427],[-86.6625,37.857],[-86.6448,37.8948],[-86.686,37.9131],[-86.7185,37.8931],[-86.751,37.9129],[-86.7955,37.9895],[-86.8235,37.9989],[-86.856,37.9873],[-86.902,37.9464],[-86.9258,37.9351],[-86.979,37.9302],[-87.0452,37.8943],[-87.0433,37.8686],[-87.0697,37.8015],[-87.096,37.7853],[-87.1296,37.7866],[-87.1647,37.8414],[-87.2203,37.8491],[-87.3029,37.8977]]]},"properties":{"district_code":"KY-02","state_code":"KY","state_name":"Kentucky","district_number":"02","label":"Kentucky — District 2"}},{"type":"Feature","geometry":{"type":"Polygon","coordinates":[[[-97.2287,49.0006],[-97.2341,48.9476],[-97.2077,48.9026],[-97.1898,48.8945],[-97.1588,48.8109],[-97.1421,48.7375],[-97.1018,48.6812],[-97.1135,48.6304],[-97.1438,48.5984],[-97.1574,48.4816],[-97.1285,48.4603],[-97.1572,48.3857],[-97.1555,48.3638],[-97.1259,48.3383],[-97.1379,48.312],[-97.1249,48.2532],[-97.1445,48.2461],[-97.1459,48.1451],[-97.1295,48.1331],[-97.0756,48.0527],[-97.0546,47.9463],[-97.0178,47.9198],[-97.0213,47.8726],[-96.9817,47.8304],[-96.9791,47.804],[-96.9348,47.7665],[-96.9328,47.7371],[-96.8571,47.6108],[-96.8499,47.5525],[-96.8695,47.5288],[-96.849,47.4978],[-96.8618,47.4143],[-96.8399,47.3982],[-96.8521,47.3599],[-96.8315,47.307],[-96.8458,47.2731],[-96.8428,47.2313],[-96.8234,47.174],[-96.8295,47.1409],[-96.8168,47.1091],[-96.8176,47.0459],[-96.8335,47.0101],[-96.7918,46.9285],[-96.7591,46.9278],[-96.782,46.8708],[-96.7967,46.7775],[-96.7762,46.7678],[-96.7798,46.7233],[-96.7989,46.6541],[-96.7725,46.6037],[-96.7469,46.5757],[-96.7492,46.5497],[-96.7186,46.44],[-96.6935,46.4221],[-96.666,46.3746],[-96.5999,46.3293],[-96.5997,46.2621],[-96.5916,46.1847],[-96.5797,46.1764],[-96.5545,46.084],[-96.5779,46.0269],[-96.5637,45.9352],[-96.5797,45.8258],[-96.6253,45.7879],[-96.6522,45.7468],[-96.7503,45.6988],[-96.8407,45.6453],[-96.8578,45.606],[-96.7653,45.5214],[-96.7314,45.457],[-96.6805,45.4105],[-96.6177,45.4081],[-96.4891,45.3571],[-96.4531,45.2981],[-96.4523,44.9627],[-96.4515,44.7031],[-96.4528,44.1969],[-96.4533,43.8495],[-96.2453,43.8486],[-95.7527,43.848],[-95.1807,43.8477],[-94.8594,43.8481],[-94.8598,44.108],[-94.7383,44.1089],[-94.7459,44.1958],[-94.7458,44.2972],[-94.7613,44.3117],[-94.8062,44.3116],[-94.8662,44.3402],[-94.8658,44.4982],[-94.8237,44.4855],[-94.7902,44.4563],[-94.573,44.4559],[-93.9349,44.4567],[-93.9168,44.4632],[-93.8873,44.5044],[-93.9122,44.5381],[-93.8897,44.5967],[-93.8155,44.633],[-93.768,44.6404],[-93.7682,44.6735],[-93.8888,44.6734],[-93.8886,44.717],[-94.0105,44.7175],[-94.0122,44.9787],[-94.2561,44.9795],[-94.2557,45.1669],[-94.2615,45.3557],[-94.2214,45.3558],[-94.2203,45.4068],[-94.2611,45.4068],[-94.2612,45.4287],[-94.3838,45.4279],[-94.3845,45.5004],[-94.5055,45.4995],[-94.5061,45.5859],[-94.3872,45.5868],[-94.3873,45.612],[-94.317,45.5901],[-94.2935,45.6087],[-94.2887,45.6437],[-94.2638,45.6738],[-94.203,45.6782],[-94.21,45.7011],[-94.2597,45.7424],[-94.274,45.7766],[-94.3055,45.7853],[-94.3529,45.822],[-93.9382,45.824],[-93.7639,45.8221],[-93.7689,45.9825],[-93.8103,45.9831],[-93.8104,46.1566],[-94.3746,46.1571],[-94.3662,46.1801],[-94.3957,46.2119],[-94.3889,46.2382],[-94.3413,46.2692],[-94.3607,46.3],[-94.4303,46.3324],[-94.5347,46.3028],[-94.5856,46.3244],[-94.6253,46.3304],[-94.6662,46.3591],[-94.7228,46.3523],[-94.7791,46.3942],[-94.7805,46.6297],[-94.7859,46.6302],[-94.7871,46.8039],[-94.6599,46.8037],[-94.6584,46.9769],[-94.6639,47.0355],[-94.743,47.0009],[-94.7909,46.9864],[-94.7913,47.0641],[-94.9175,47.0653],[-94.9167,46.9778],[-95.5571,46.9764],[-96.066,46.9773],[-96.0676,47.4991],[-95.5542,47.4999],[-95.5534,47.6736],[-95.5788,47.6737],[-95.5829,48.0207],[-95.5925,48.0207],[-95.5931,48.3654],[-95.6029,48.395],[-95.6023,48.5389],[-95.3425,48.5402],[-95.3427,48.713],[-95.0899,48.7131],[-95.0915,48.9206],[-95.1381,48.8948],[-95.2356,48.8815],[-95.288,48.8978],[-95.3228,48.9354],[-95.3199,48.9988],[-95.7664,48.9996],[-96.2088,49],[-96.6692,49],[-97.2287,49.0006]]]},"properties":{"district_code":"MN-07","state_code":"MN","state_name":"Minnesota","district_number":"07","label":"Minnesota — District 7"}},{"type":"Feature","geometry":{"type":"Polygon","coordinates":[[[-78.8675,35.245],[-78.8784,35.2316],[-78.849,35.2054],[-78.8526,35.1798],[-78.879,35.1287],[-78.8837,35.0706],[-78.9474,35.0222],[-78.9445,34.993],[-78.9732,34.9756],[-79.0152,34.9813],[-79.0356,34.9552],[-79.1914,34.8337],[-79.3479,34.8386],[-79.3576,34.8203],[-79.3317,34.773],[-79.4616,34.6303],[-79.3583,34.5454],[-79.2498,34.4498],[-78.8747,34.1344],[-78.5473,33.8565],[-78.3802,33.9033],[-78.2478,33.9148],[-78.1203,33.9103],[-78.0164,33.8886],[-77.9959,33.8551],[-77.9605,33.8432],[-77.9534,33.8956],[-77.9155,33.9717],[-77.8752,34.0747],[-77.8294,34.1633],[-77.7753,34.2333],[-77.6891,34.3203],[-77.5827,34.4007],[-77.5184,34.4409],[-77.5749,34.4787],[-77.6139,34.576],[-77.6801,34.7206],[-77.9215,34.7197],[-77.9807,34.714],[-78.0079,34.7262],[-78.0662,34.7279],[-78.114,34.7218],[-78.1135,34.7072],[-78.1565,34.6791],[-78.2517,34.562],[-78.2676,34.584],[-78.3027,34.6025],[-78.3127,34.6436],[-78.3459,34.6885],[-78.3667,34.6931],[-78.3953,34.7511],[-78.4369,34.7842],[-78.4498,34.8135],[-78.4936,34.8431],[-78.5158,34.883],[-78.5451,34.9007],[-78.5727,34.9374],[-78.6075,34.9536],[-78.647,34.9923],[-78.663,35.078],[-78.6368,35.1415],[-78.6373,35.1979],[-78.6244,35.204],[-78.6171,35.2457],[-78.7052,35.257],[-78.7259,35.2669],[-78.7699,35.2596],[-78.7934,35.266],[-78.8675,35.245]]]},"properties":{"district_code":"NC-07","state_code":"NC","state_name":"North Carolina","district_number":"07","label":"North Carolina — District 7"}},{"type":"Feature","geometry":{"type":"Polygon","coordinates":[[[-92.7691,44.862],[-92.7653,44.8411],[-92.808,44.7515],[-92.732,44.7137],[-92.6647,44.6634],[-92.6217,44.639],[-92.6215,44.615],[-92.5694,44.6035],[-92.5406,44.5673],[-92.5184,44.5752],[-92.4373,44.5528],[-92.4151,44.5604],[-92.3476,44.5571],[-92.3141,44.538],[-92.3022,44.5003],[-92.2768,44.4736],[-92.2152,44.4385],[-92.1245,44.4221],[-92.0535,44.4014],[-92.0381,44.3887],[-91.9595,44.3594],[-91.9256,44.3335],[-91.9203,44.2865],[-91.8957,44.273],[-91.893,44.2351],[-91.8752,44.2006],[-91.8173,44.1642],[-91.7106,44.1205],[-91.6447,44.0628],[-91.5826,44.0274],[-91.5071,44.019],[-91.4405,44.0015],[-91.406,43.9639],[-91.3647,43.9349],[-91.2841,43.8471],[-91.2624,43.7922],[-91.2441,43.7747],[-91.2685,43.7098],[-91.2687,43.6153],[-91.2319,43.5818],[-91.2438,43.5491],[-91.2177,43.5005],[-91.2322,43.46],[-91.2031,43.4198],[-91.1977,43.3953],[-91.2148,43.3659],[-91.2018,43.3491],[-91.1291,43.3264],[-91.0857,43.2919],[-91.0579,43.254],[-91.1191,43.2004],[-91.1433,43.1564],[-91.1779,43.1289],[-91.1747,43.0387],[-91.1465,42.9633],[-91.1462,42.9099],[-91.1006,42.8831],[-91.0787,42.8277],[-91.0655,42.7571],[-91.0513,42.737],[-90.9955,42.7137],[-90.9524,42.6868],[-90.9212,42.6854],[-90.8525,42.6648],[-90.7202,42.6408],[-90.7027,42.6308],[-90.687,42.5918],[-90.644,42.5399],[-90.6428,42.5085],[-90.4264,42.5071],[-90.4264,42.7839],[-90.4298,43.2009],[-90.3527,43.2096],[-90.2925,43.2069],[-90.1926,43.1665],[-90.1918,43.4674],[-90.1475,43.4604],[-90.1233,43.4985],[-90.0732,43.4822],[-90.0724,43.6417],[-89.7858,43.641],[-89.5995,43.6426],[-89.5973,43.8833],[-89.598,44.2457],[-89.2248,44.2434],[-89.2237,44.6814],[-89.3459,44.6814],[-89.4899,44.6858],[-89.964,44.6848],[-89.9636,44.4236],[-90.0795,44.4243],[-90.0808,44.249],[-89.9028,44.2495],[-89.8976,44.2298],[-89.9205,44.2089],[-89.9002,44.1843],[-89.9417,44.1634],[-89.9705,44.1671],[-89.9769,44.1225],[-90.026,44.0917],[-90.0059,44.0084],[-89.9626,43.9792],[-89.9512,43.9266],[-90.0265,43.9071],[-90.0419,43.9298],[-90.1127,43.923],[-90.1517,43.8858],[-90.1917,43.9004],[-90.1918,43.9813],[-90.3127,43.9814],[-90.4402,43.9867],[-90.5098,44.0241],[-90.5354,43.9859],[-90.5528,43.9859],[-90.5537,44.2483],[-90.5584,44.2484],[-90.5587,44.4222],[-90.8019,44.4224],[-90.8424,44.4331],[-90.8975,44.4334],[-90.9231,44.4226],[-91.0441,44.4226],[-91.0438,44.5966],[-90.9223,44.5963],[-90.9227,44.9444],[-91.1058,44.9443],[-91.1051,44.8571],[-91.2268,44.8569],[-91.2277,44.949],[-91.2552,44.9446],[-91.3111,44.9672],[-91.3746,44.9651],[-91.4204,44.9444],[-91.5287,44.9445],[-91.529,45.0309],[-91.6514,45.0298],[-91.6515,45.1204],[-91.6664,45.1208],[-91.6656,45.208],[-92.1565,45.2096],[-92.1571,45.1216],[-92.1361,45.1214],[-92.1363,44.8578],[-92.2584,44.8581],[-92.3749,44.8623],[-92.7691,44.862]]]},"properties":{"district_code":"WI-03","state_code":"WI","state_name":"Wisconsin","district_number":"03","label":"Wisconsin — District 3"}},{"type":"Feature","geometry":{"type":"Polygon","coordinates":[[[-117.6248,33.9014],[-117.616,33.8687],[-117.664,33.8595],[-117.5808,33.7695],[-117.5364,33.7577],[-117.534,33.7104],[-117.4746,33.7038],[-117.4133,33.6593],[-117.4579,33.6022],[-117.4244,33.6173],[-117.3924,33.5894],[-117.3952,33.5507],[-117.3562,33.5474],[-117.3435,33.591],[-117.2448,33.5763],[-117.2063,33.603],[-117.1711,33.6123],[-117.1542,33.5979],[-117.1185,33.598],[-117.1365,33.5689],[-117.0795,33.5845],[-117.0148,33.5648],[-116.9888,33.5916],[-116.946,33.5579],[-116.9459,33.5175],[-116.8611,33.514],[-116.8492,33.5326],[-116.788,33.5405],[-116.6181,33.5404],[-116.6029,33.5679],[-116.5696,33.5612],[-116.5703,33.5975],[-116.5178,33.5977],[-116.5042,33.5686],[-116.4082,33.5981],[-116.3992,33.642],[-116.3215,33.642],[-116.3215,33.6126],[-116.2681,33.6127],[-116.2334,33.5982],[-116.2339,33.671],[-116.2687,33.6854],[-116.2754,33.7291],[-116.3039,33.7381],[-116.3195,33.7646],[-116.4233,33.826],[-116.4609,33.7731],[-116.4755,33.7814],[-116.4756,33.8159],[-116.493,33.8195],[-116.4936,33.8712],[-116.5453,33.9176],[-116.5801,33.9011],[-116.6325,33.8882],[-116.6325,33.9219],[-116.6675,33.914],[-116.7287,33.9166],[-116.7199,33.8862],[-116.7913,33.8792],[-116.8052,33.8531],[-116.7958,33.8273],[-116.7506,33.8278],[-116.7343,33.8113],[-116.7748,33.7825],[-116.7916,33.7436],[-116.809,33.7302],[-116.9238,33.7296],[-116.9597,33.7131],[-116.9625,33.6858],[-116.9907,33.6857],[-117.0016,33.7053],[-117.0937,33.6998],[-117.0731,33.7219],[-117.0677,33.7583],[-117.0334,33.7743],[-117.0605,33.8163],[-117.0102,33.8369],[-116.9744,33.8219],[-116.9635,33.8454],[-116.9984,33.8493],[-116.9994,33.8692],[-116.958,33.9037],[-116.9988,33.9263],[-117.0341,33.9251],[-117.0255,33.9829],[-117.0011,33.9607],[-116.9381,33.9617],[-116.9336,34.0049],[-117.1213,34.0035],[-117.2254,34.0053],[-117.2178,33.9613],[-117.1476,33.9611],[-117.1151,33.9195],[-117.1198,33.9031],[-117.1746,33.8925],[-117.17,33.8743],[-117.2039,33.8591],[-117.1814,33.8327],[-117.1356,33.8405],[-117.167,33.8012],[-117.1694,33.7722],[-117.1933,33.743],[-117.2235,33.743],[-117.2406,33.7141],[-117.3099,33.7131],[-117.3013,33.7722],[-117.3139,33.8297],[-117.3533,33.8726],[-117.3312,33.9019],[-117.3836,33.9016],[-117.3845,33.8871],[-117.5004,33.8898],[-117.5009,33.9433],[-117.5489,33.9572],[-117.5931,33.9608],[-117.6109,33.946],[-117.6248,33.9014]]]},"properties":{"district_code":"CA-41","state_code":"CA","state_name":"California","district_number":"41","label":"California — District 41"}},{"type":"Feature","geometry":{"type":"Polygon","coordinates":[[[-84.3478,33.938],[-84.3486,33.8072],[-84.3103,33.807],[-84.2516,33.7686],[-84.2501,33.6921],[-84.2669,33.6472],[-84.1841,33.6462],[-84.1248,33.5612],[-84.0975,33.56],[-84.0513,33.5361],[-83.9891,33.548],[-83.9523,33.5318],[-83.8911,33.5178],[-83.8736,33.5382],[-83.8231,33.5567],[-83.8126,33.5981],[-83.8352,33.6447],[-83.8839,33.6319],[-83.9312,33.6466],[-83.9148,33.7442],[-83.982,33.7861],[-84.0237,33.7528],[-84.0759,33.7775],[-84.1584,33.8536],[-84.2013,33.8719],[-84.2598,33.9189],[-84.2771,33.9576],[-84.3373,33.9709],[-84.3478,33.938]]]},"properties":{"district_code":"GA-04","state_code":"GA","state_name":"Georgia","district_number":"04","label":"Georgia — District 4"}},{"type":"Feature","geometry":{"type":"Polygon","coordinates":[[[-77.1198,38.9343],[-77.0937,38.9059],[-77.0673,38.8992],[-77.0317,38.8505],[-77.039,38.7916],[-76.9094,38.8928],[-77.0037,38.9664],[-77.041,38.9951],[-77.1198,38.9343]]]},"properties":{"district_code":"DC-AL","state_code":"DC","state_name":"District of Columbia","district_number":"AL","label":"District of Columbia — At-large"}},{"type":"Feature","geometry":{"type":"Polygon","coordinates":[[[-81.5638,26.5133],[-81.5625,26.4226],[-81.6595,26.4211],[-81.6579,26.3176],[-81.7462,26.3169],[-81.7359,26.2116],[-81.7179,26.2102],[-81.7188,26.1689],[-81.743,26.1683],[-81.7419,26.1093],[-81.6991,26.0634],[-81.7021,25.9876],[-81.7097,25.9632],[-81.6661,25.9504],[-81.6389,25.9054],[-81.605,25.8921],[-81.5727,25.8656],[-81.5342,25.8566],[-81.493,25.8309],[-81.47,25.8036],[-81.2599,25.8041],[-80.8731,25.8054],[-80.8259,25.7618],[-80.417,25.7609],[-80.4139,25.7835],[-80.3531,25.7816],[-80.2304,25.7825],[-80.2038,25.7891],[-80.1854,25.8115],[-80.2486,25.8149],[-80.2426,25.8714],[-80.2919,25.8963],[-80.2767,25.9251],[-80.2788,25.971],[-80.295,25.9568],[-80.4394,25.9569],[-80.68,25.9569],[-80.68,25.9787],[-80.8729,25.9794],[-80.8792,26.1729],[-80.8797,26.2593],[-81.2682,26.2531],[-81.2719,26.4226],[-81.4335,26.4184],[-81.4347,26.4855],[-81.5444,26.5135],[-81.5638,26.5133]]]},"properties":{"district_code":"FL-26","state_code":"FL","state_name":"Florida","district_number":"26","label":"Florida — District 26"}},{"type":"Feature","geometry":{"type":"Polygon","coordinates":[[[-84.8154,39.522],[-84.8195,39.3052],[-84.8202,39.1055],[-84.784,39.1181],[-84.7544,39.1467],[-84.7122,39.1306],[-84.695,39.1241],[-84.6075,39.1187],[-84.6227,39.1489],[-84.5831,39.1646],[-84.5797,39.2049],[-84.5445,39.2091],[-84.4943,39.1995],[-84.4922,39.2211],[-84.4563,39.2178],[-84.4507,39.2619],[-84.3907,39.261],[-84.387,39.2818],[-84.3532,39.2923],[-84.3367,39.456],[-84.3321,39.5472],[-84.3643,39.5438],[-84.3652,39.5895],[-84.4792,39.591],[-84.4854,39.9185],[-84.2748,39.9218],[-84.2735,39.9947],[-84.1845,39.9954],[-84.2188,40.0177],[-84.2963,40.0234],[-84.2983,40.0958],[-84.4299,40.0944],[-84.4346,40.3253],[-84.4346,40.3543],[-84.5997,40.3518],[-84.8039,40.3528],[-84.8065,40.1802],[-84.8142,39.8137],[-84.8154,39.522]]]},"properties":{"district_code":"OH-08","state_code":"OH","state_name":"Ohio","district_number":"08","label":"Ohio — District 8"}},{"type":"Feature","geometry":{"type":"Polygon","coordinates":[[[-97.459,35.4689],[-97.4592,35.4208],[-97.4236,35.4207],[-97.4236,35.3773],[-97.6714,35.3772],[-97.6714,35.3359],[-97.7373,35.3238],[-97.7724,35.3456],[-97.8413,35.3345],[-97.8699,35.3625],[-97.9031,35.3454],[-97.9472,35.3749],[-97.9552,35.3461],[-98.0235,35.3778],[-98.096,35.3778],[-98.0929,35.0869],[-98.0931,34.855],[-98.5098,34.8552],[-98.826,34.8551],[-98.826,34.5944],[-99.0011,34.5944],[-99.001,34.6379],[-99.1031,34.638],[-99.0885,34.6152],[-99.0997,34.5941],[-99.1633,34.588],[-99.1968,34.5424],[-99.2381,34.425],[-99.2289,34.3877],[-99.1927,34.3549],[-99.2069,34.3383],[-99.2135,34.3107],[-99.1963,34.2815],[-99.1895,34.2143],[-99.1192,34.2017],[-99.0795,34.2115],[-99.0435,34.1982],[-99.0008,34.2176],[-98.9741,34.2036],[-98.9504,34.2117],[-98.9207,34.1834],[-98.8715,34.165],[-98.8044,34.1539],[-98.7656,34.1364],[-98.6906,34.133],[-98.6481,34.1644],[-98.5998,34.1606],[-98.4863,34.0626],[-98.4116,34.0881],[-98.395,34.1313],[-98.364,34.1571],[-98.3254,34.151],[-98.3002,34.1346],[-98.231,34.134],[-98.2001,34.1168],[-98.1691,34.1142],[-98.1368,34.145],[-98.1095,34.1541],[-98.0907,34.122],[-98.1194,34.0845],[-98.1146,34.0623],[-98.0838,34.0417],[-98.0984,34.0239],[-98.0828,34.0024],[-98.0195,33.9938],[-97.9717,34.0054],[-97.9459,33.9884],[-97.9604,33.9519],[-97.9572,33.9145],[-97.9678,33.8824],[-97.9367,33.8792],[-97.8658,33.8494],[-97.8343,33.8577],[-97.802,33.8943],[-97.7323,33.9367],[-97.6979,33.9773],[-97.6718,33.9914],[-97.6338,33.9813],[-97.5888,33.9519],[-97.597,33.9202],[-97.5811,33.8997],[-97.5515,33.8979],[-97.501,33.9196],[-97.484,33.9158],[-97.451,33.8914],[-97.4629,33.8418],[-97.4265,33.8194],[-97.3729,33.8195],[-97.3392,33.8621],[-97.3056,33.8864],[-97.2703,33.8582],[-97.2492,33.8751],[-97.2462,33.9003],[-97.2109,33.9161],[-97.1796,33.8923],[-97.1666,33.8473],[-97.2035,33.8218],[-97.2057,33.8029],[-97.1722,33.7375],[-97.1261,33.7169],[-97.0972,33.7278],[-97.0852,33.7655],[-97.0948,33.7985],[-97.0481,33.8175],[-96.9838,33.8909],[-96.995,33.932],[-96.9446,33.9492],[-96.9348,33.9544],[-96.9348,34.0129],[-96.9697,34.013],[-96.9684,34.1727],[-96.9335,34.1727],[-96.9333,34.3326],[-96.881,34.333],[-96.8808,34.5061],[-96.5121,34.5056],[-96.5122,34.6801],[-96.4064,34.68],[-96.4061,34.9342],[-96.4356,34.9023],[-96.4604,34.9165],[-96.4908,34.9106],[-96.5286,34.8696],[-96.5771,34.9166],[-96.5958,34.906],[-96.646,34.9014],[-96.6677,34.9296],[-96.7115,34.9163],[-96.6892,34.8956],[-96.6942,34.8685],[-96.7229,34.8568],[-96.7555,34.8998],[-96.7906,34.9008],[-96.7982,34.93],[-96.8215,34.9461],[-96.8531,34.9288],[-96.8854,34.9263],[-96.9283,34.9652],[-96.9673,34.9347],[-97.0159,34.9073],[-97.0876,34.9315],[-97.1423,34.9282],[-97.1421,35.3769],[-97.3355,35.3772],[-97.3356,35.4785],[-97.363,35.493],[-97.4241,35.4932],[-97.459,35.4689]]]},"properties":{"district_code":"OK-04","state_code":"OK","state_name":"Oklahoma","district_number":"04","label":"Oklahoma — District 4"}},{"type":"Feature","geometry":{"type":"Polygon","coordinates":[[[-121.8558,37.4845],[-121.8325,37.4383],[-121.7913,37.4284],[-121.7825,37.405],[-121.8651,37.3551],[-121.9003,37.367],[-121.9402,37.3174],[-121.8866,37.3092],[-121.8486,37.3358],[-121.8155,37.3345],[-121.7887,37.345],[-121.7628,37.3294],[-121.7435,37.2934],[-121.7078,37.2973],[-121.7468,37.2291],[-121.7219,37.2085],[-121.6791,37.2007],[-121.656,37.2167],[-121.5901,37.1882],[-121.6336,37.165],[-121.658,37.1727],[-121.6703,37.1455],[-121.6978,37.1234],[-121.6523,37.1163],[-121.6267,37.0836],[-121.6164,37.0279],[-121.6352,37.0104],[-121.7179,36.9956],[-121.7422,36.9757],[-121.7965,36.9713],[-121.8095,36.9438],[-121.8016,36.9236],[-121.7477,36.8954],[-121.7567,36.8543],[-121.7337,36.8388],[-121.6502,36.8343],[-121.6154,36.8044],[-121.6033,36.7756],[-121.6637,36.752],[-121.6966,36.7463],[-121.7476,36.767],[-121.734,36.731],[-121.7218,36.6589],[-121.6602,36.6557],[-121.5823,36.6234],[-121.6251,36.5973],[-121.5536,36.5603],[-121.5212,36.5215],[-121.5451,36.5005],[-121.5447,36.4746],[-121.521,36.4598],[-121.5219,36.4326],[-121.5592,36.4333],[-121.5951,36.4153],[-121.5962,36.3873],[-121.5824,36.3408],[-121.5809,36.2033],[-121.5469,36.1779],[-121.5604,36.1271],[-121.4753,36.0544],[-121.4609,36.0113],[-121.4088,36.0135],[-121.352,35.9885],[-121.2884,35.9314],[-121.2552,35.8868],[-121.2049,35.8726],[-121.1789,35.852],[-121.1568,35.8162],[-121.1851,35.7942],[-120.8757,35.7919],[-120.5853,35.7909],[-120.214,35.7893],[-120.2207,35.8195],[-120.2583,35.8463],[-120.2433,35.8777],[-120.2758,35.9059],[-120.3151,35.9072],[-120.3565,35.9481],[-120.3604,35.9644],[-120.4072,35.9744],[-120.4331,35.9689],[-120.4787,36.0102],[-120.5404,36.0367],[-120.592,36.0713],[-120.5923,36.0918],[-120.6488,36.108],[-120.668,36.1606],[-120.6269,36.2032],[-120.6818,36.2514],[-120.6631,36.3144],[-120.5966,36.3285],[-120.5972,36.4882],[-120.6037,36.4882],[-120.9334,36.7517],[-121.1415,36.8367],[-121.1888,36.9132],[-121.2347,36.9269],[-121.2118,36.9571],[-121.2459,36.983],[-121.2331,36.9993],[-121.246,37.0256],[-121.2096,37.0682],[-121.243,37.0927],[-121.2173,37.123],[-121.2371,37.1572],[-121.3284,37.166],[-121.3546,37.1839],[-121.4046,37.156],[-121.4222,37.2219],[-121.4557,37.2494],[-121.454,37.2841],[-121.4075,37.3131],[-121.4236,37.3588],[-121.4125,37.3894],[-121.4564,37.4067],[-121.4726,37.4233],[-121.464,37.4538],[-121.4726,37.4822],[-121.8558,37.4845]]]},"properties":{"district_code":"CA-18","state_code":"CA","state_name":"California","district_number":"18","label":"California — District 18"}},{"type":"Feature","geometry":{"type":"Polygon","coordinates":[[[-105.0973,40.3495],[-105.1172,40.3404],[-105.1025,40.2614],[-105.0551,40.2618],[-105.0551,40.2328],[-105.0364,40.2089],[-104.9985,40.1968],[-104.9988,40.1314],[-105.0259,40.1278],[-105.0423,40.0902],[-104.9808,40.0803],[-104.9785,40.0439],[-104.9614,40.0003],[-105.0158,39.9812],[-105.0155,39.9213],[-105.0529,39.9142],[-105.0532,39.7911],[-104.9602,39.791],[-104.927,39.7838],[-104.9036,39.7984],[-104.7909,39.7983],[-104.7909,39.8418],[-104.731,39.8452],[-104.7304,39.8961],[-104.6404,39.9067],[-104.6406,40.0006],[-104.6971,40.0005],[-104.6979,40.0157],[-104.6217,40.0895],[-104.6031,40.1167],[-104.6024,40.276],[-104.5276,40.276],[-104.5272,40.3196],[-104.4896,40.3196],[-104.4895,40.3487],[-104.4622,40.3482],[-104.4156,40.3255],[-104.4151,40.3514],[-104.4459,40.3743],[-104.5081,40.3993],[-104.5076,40.4935],[-104.6591,40.4935],[-104.6589,40.5086],[-104.8322,40.5089],[-104.8414,40.4434],[-104.8604,40.4213],[-104.9071,40.4073],[-104.9924,40.405],[-104.9817,40.3492],[-105.0973,40.3495]]]},"properties":{"district_code":"CO-08","state_code":"CO","state_name":"Colorado","district_number":"08","label":"Colorado — District 8"}},{"type":"Feature","geometry":{"type":"Polygon","coordinates":[[[-94.6179,36.4994],[-94.5862,36.3],[-94.5227,35.9343],[-94.4633,35.5827],[-94.4307,35.3925],[-94.437,35.2467],[-94.3726,35.2379],[-94.3549,35.2241],[-94.3567,35.1625],[-94.2366,35.1619],[-94.2281,35.1497],[-94.1755,35.1443],[-94.0312,35.1409],[-94.0289,35.2142],[-94.0822,35.2148],[-94.0744,35.445],[-94.0395,35.4646],[-94.0488,35.4932],[-94.029,35.5078],[-94.0411,35.5312],[-94.0229,35.5742],[-94.0761,35.5756],[-94.074,35.6625],[-93.9842,35.6607],[-93.9828,35.704],[-93.9642,35.732],[-93.9117,35.7308],[-93.9106,35.7743],[-93.5192,35.7635],[-93.5171,35.8233],[-93.5236,35.8815],[-93.506,35.881],[-93.5049,35.9251],[-93.4862,35.9534],[-93.4508,35.9675],[-93.4457,36.0808],[-93.4803,36.0816],[-93.4795,36.1251],[-93.3008,36.1216],[-93.296,36.4816],[-93.2931,36.4983],[-93.728,36.499],[-94.1107,36.4986],[-94.6179,36.4994]]]},"properties":{"district_code":"AR-03","state_code":"AR","state_name":"Arkansas","district_number":"03","label":"Arkansas — District 3"}},{"type":"Feature","geometry":{"type":"Polygon","coordinates":[[[-82.1715,41.0635],[-82.1734,40.9921],[-82.1293,40.9918],[-82.125,40.8863],[-82.1262,40.6684],[-82.2211,40.6674],[-82.2204,40.5945],[-81.996,40.5942],[-81.9659,40.5975],[-81.8492,40.5952],[-81.8385,40.6456],[-81.7843,40.6532],[-81.7842,40.6679],[-81.65,40.6678],[-81.649,40.7369],[-81.6477,40.9886],[-81.6885,40.9886],[-81.6849,41.2771],[-81.5631,41.2786],[-81.5854,41.3089],[-81.5981,41.3512],[-81.3917,41.3483],[-81.3918,41.4243],[-81.4883,41.4243],[-81.4946,41.3726],[-81.5677,41.3788],[-81.6249,41.415],[-81.6634,41.4224],[-81.7344,41.4186],[-81.7386,41.4625],[-81.7803,41.4217],[-81.8233,41.4199],[-81.8523,41.3906],[-81.8691,41.403],[-81.8535,41.4304],[-81.8191,41.4569],[-81.8369,41.4899],[-81.8636,41.4827],[-81.9445,41.4924],[-81.9683,41.505],[-81.9713,41.3513],[-81.877,41.3507],[-81.8781,41.275],[-81.9725,41.2748],[-81.9739,41.1998],[-82.0725,41.1999],[-82.0743,41.1365],[-82.1699,41.1371],[-82.1715,41.0635]]]},"properties":{"district_code":"OH-07","state_code":"OH","state_name":"Ohio","district_number":"07","label":"Ohio — District 7"}},{"type":"Feature","geometry":{"type":"Polygon","coordinates":[[[-78.3382,38.6273],[-78.3857,38.5827],[-78.3808,38.5615],[-78.4331,38.5266],[-78.4422,38.4944],[-78.4932,38.4063],[-78.6027,38.3069],[-78.6512,38.2935],[-78.681,38.2549],[-78.7264,38.23],[-78.6616,38.234],[-78.6544,38.245],[-78.5963,38.2374],[-78.5937,38.2535],[-78.3443,38.1778],[-78.2094,38.1311],[-78.1714,38.1297],[-78.1017,38.1526],[-78.0389,38.1348],[-78.0019,38.1376],[-77.9803,38.1195],[-77.9167,38.1183],[-77.8362,38.1011],[-77.7785,38.0587],[-77.7478,38.0479],[-77.7129,38.0146],[-77.6713,38.0039],[-77.6141,37.9593],[-77.5767,37.9581],[-77.5479,37.9262],[-77.4842,37.8834],[-77.4451,37.8947],[-77.422,37.8649],[-77.4292,37.8419],[-77.4078,37.8033],[-77.4057,37.7814],[-77.3747,37.7764],[-77.3456,37.7922],[-77.2503,37.8724],[-77.2334,37.9092],[-77.2088,37.8857],[-77.1797,37.8974],[-77.182,37.9496],[-77.1486,37.972],[-77.0687,37.9715],[-77.089,38.0136],[-77.1308,38.0206],[-77.1701,38.0795],[-77.1173,38.1208],[-77.116,38.1499],[-77.0693,38.1577],[-77.0482,38.1847],[-77.0445,38.2605],[-77.001,38.2761],[-77.0307,38.3116],[-77.0149,38.3328],[-77.0185,38.3819],[-77.0534,38.3988],[-77.0848,38.3683],[-77.1382,38.3679],[-77.1627,38.346],[-77.2401,38.331],[-77.2796,38.3394],[-77.3107,38.3977],[-77.3263,38.4436],[-77.3084,38.4966],[-77.257,38.5612],[-77.2653,38.5803],[-77.2239,38.646],[-77.2339,38.6613],[-77.2395,38.6665],[-77.2582,38.6841],[-77.3323,38.7165],[-77.3751,38.6744],[-77.4407,38.6586],[-77.4428,38.631],[-77.5116,38.6415],[-77.5531,38.6151],[-77.5328,38.5572],[-77.5609,38.5271],[-77.6338,38.4669],[-77.6349,38.4102],[-77.6904,38.427],[-77.7355,38.4131],[-77.7619,38.4411],[-77.7822,38.4851],[-77.8114,38.5247],[-77.8435,38.5447],[-77.8772,38.5849],[-77.8686,38.6234],[-77.8841,38.6666],[-77.9061,38.6959],[-77.9314,38.6984],[-78.0901,38.5968],[-78.1688,38.5238],[-78.2152,38.5384],[-78.2318,38.5325],[-78.3382,38.6273]]]},"properties":{"district_code":"VA-07","state_code":"VA","state_name":"Virginia","district_number":"07","label":"Virginia — District 7"}},{"type":"Feature","geometry":{"type":"MultiPolygon","coordinates":[[[[-65.3415,18.3471],[-65.3298,18.3246],[-65.287,18.2987],[-65.258,18.2936],[-65.2513,18.3175],[-65.2925,18.3352],[-65.319,18.3292],[-65.3415,18.3471]]],[[[-65.577,18.1197],[-65.5591,18.0863],[-65.5328,18.0801],[-65.5039,18.093],[-65.4232,18.0961],[-65.4059,18.1137],[-65.381,18.1122],[-65.3651,18.1291],[-65.3404,18.1185],[-65.3084,18.1346],[-65.3659,18.1582],[-65.4361,18.158],[-65.4465,18.147],[-65.5114,18.1337],[-65.5445,18.12],[-65.577,18.1197]]],[[[-67.2712,18.3625],[-67.2364,18.3014],[-67.2013,18.2926],[-67.1575,18.2171],[-67.1571,18.1927],[-67.1803,18.168],[-67.1839,18.1039],[-67.1994,18.0911],[-67.1993,18.0467],[-67.1744,18.011],[-67.2128,17.992],[-67.2127,17.9526],[-67.1742,17.9662],[-67.1574,17.955],[-67.1029,17.9463],[-67.0652,17.9756],[-66.9868,17.9706],[-66.9551,17.9369],[-66.893,17.9514],[-66.8406,17.95],[-66.8074,17.966],[-66.8059,17.9851],[-66.7644,18.0063],[-66.7553,17.9871],[-66.7253,17.9921],[-66.6738,17.9671],[-66.6275,17.9827],[-66.6133,17.9633],[-66.579,17.9617],[-66.4933,17.99],[-66.4647,17.9909],[-66.4306,17.962],[-66.3777,17.9448],[-66.3378,17.9766],[-66.3168,17.9767],[-66.2577,17.9369],[-66.2067,17.9632],[-66.1558,17.9292],[-66.0808,17.9667],[-66.0475,17.9532],[-66.0164,17.98],[-65.9382,17.9721],[-65.885,17.9887],[-65.8304,18.0305],[-65.8299,18.0531],[-65.8017,18.0587],[-65.7968,18.0837],[-65.7669,18.1493],[-65.7247,18.1884],[-65.6908,18.1961],[-65.6019,18.2302],[-65.6252,18.2565],[-65.6362,18.2884],[-65.6268,18.3317],[-65.6385,18.3694],[-65.6671,18.3615],[-65.7431,18.3804],[-65.7727,18.4014],[-65.8148,18.4094],[-65.8337,18.4301],[-65.8775,18.4376],[-65.9052,18.4527],[-65.9259,18.445],[-65.9923,18.4602],[-66.0112,18.4436],[-66.0728,18.4576],[-66.1078,18.4275],[-66.1856,18.4668],[-66.2421,18.4685],[-66.2745,18.4792],[-66.3159,18.4744],[-66.3383,18.4846],[-66.4123,18.4899],[-66.4545,18.4692],[-66.6214,18.4931],[-66.7002,18.4827],[-66.7099,18.472],[-66.7496,18.4769],[-66.781,18.4913],[-66.8663,18.4912],[-66.9016,18.4833],[-66.9757,18.4911],[-67.0194,18.511],[-67.0905,18.516],[-67.1378,18.5076],[-67.1695,18.475],[-67.1573,18.4178],[-67.194,18.3931],[-67.2712,18.3625]]],[[[-67.9447,18.0846],[-67.8973,18.0536],[-67.872,18.0583],[-67.8443,18.0848],[-67.8618,18.122],[-67.8875,18.1125],[-67.933,18.1125],[-67.9447,18.0846]]]]},"properties":{"district_code":"PR-AL","state_code":"PR","state_name":"Puerto Rico","district_number":"AL","label":"Puerto Rico — At-large"}},{"type":"Feature","geometry":{"type":"Polygon","coordinates":[[[-105.0581,39.6175],[-105.11,39.6097],[-105.1102,39.593],[-105.1557,39.5911],[-105.1338,39.5527],[-105.111,39.5362],[-105.073,39.5453],[-105.0487,39.5661],[-104.7366,39.5659],[-104.7367,39.5513],[-104.6796,39.5507],[-104.6608,39.5743],[-104.6511,39.6167],[-104.7163,39.6294],[-104.754,39.624],[-104.7525,39.6529],[-104.7255,39.6675],[-104.5843,39.667],[-104.6221,39.691],[-104.6221,39.7255],[-104.6022,39.7399],[-104.4709,39.7384],[-104.489,39.767],[-104.4893,39.825],[-104.6197,39.8269],[-104.7625,39.8234],[-104.7344,39.7984],[-104.7347,39.7692],[-104.7816,39.7728],[-104.8564,39.7686],[-104.8847,39.7328],[-104.9035,39.6676],[-104.8682,39.6471],[-104.8853,39.6241],[-104.9134,39.6241],[-104.9317,39.653],[-104.9735,39.6677],[-105.0064,39.6677],[-105.0346,39.6533],[-105.0581,39.6175]]]},"properties":{"district_code":"CO-06","state_code":"CO","state_name":"Colorado","district_number":"06","label":"Colorado — District 6"}},{"type":"Feature","geometry":{"type":"Polygon","coordinates":[[[-94.437,35.2467],[-94.4493,34.8959],[-94.4575,34.6349],[-94.4658,34.3521],[-94.4727,34.103],[-94.4859,33.6379],[-94.4485,33.6345],[-94.454,33.5922],[-94.43,33.5911],[-94.3895,33.5468],[-94.3527,33.5606],[-94.3096,33.5517],[-94.2984,33.5762],[-94.2578,33.5825],[-94.2502,33.5568],[-94.2125,33.5639],[-94.1839,33.5947],[-94.1485,33.5657],[-94.0826,33.5755],[-94.0722,33.5539],[-94.0435,33.5523],[-94.043,33.0192],[-93.4909,33.0184],[-93.0707,33.0178],[-92.7965,33.0148],[-92.2228,33.0091],[-92.0689,33.0082],[-91.4604,33.0059],[-91.46,33.2719],[-91.4548,33.5053],[-91.4503,33.7805],[-91.5371,33.7816],[-91.6641,33.7922],[-91.9759,33.7917],[-91.9764,33.9773],[-91.953,33.9772],[-91.9537,34.0934],[-91.7451,34.094],[-91.7267,34.0651],[-91.7274,34.1753],[-91.7013,34.1744],[-91.6489,34.1382],[-91.6144,34.128],[-91.6106,34.0965],[-91.5897,34.0863],[-91.5636,34.1047],[-91.5287,34.0963],[-91.4818,34.0586],[-91.4534,34.0856],[-91.4519,34.1339],[-91.4968,34.1306],[-91.513,34.142],[-91.5402,34.2246],[-91.7117,34.2339],[-91.7053,34.4827],[-92.1437,34.4916],[-92.1456,34.5153],[-92.1194,34.5369],[-92.1314,34.5596],[-92.1678,34.5746],[-92.1503,34.602],[-92.1732,34.6384],[-92.1902,34.6634],[-92.2378,34.6937],[-92.2372,34.7169],[-92.29,34.7056],[-92.3232,34.6787],[-92.3615,34.6775],[-92.3809,34.6518],[-92.3819,34.6263],[-92.3465,34.6256],[-92.3487,34.5823],[-92.2442,34.5809],[-92.2458,34.4936],[-92.4034,34.4957],[-92.4047,34.4519],[-92.5895,34.4556],[-92.6246,34.4132],[-92.6862,34.4147],[-92.6851,34.4731],[-92.7388,34.4739],[-92.7383,34.5032],[-92.7932,34.5036],[-92.7915,34.562],[-92.808,34.5904],[-92.8769,34.5912],[-92.8754,34.6352],[-92.98,34.6372],[-92.9698,34.6848],[-92.9693,34.7723],[-93.2878,34.7732],[-93.2883,34.8609],[-93.3057,34.8755],[-93.1814,34.9763],[-93.1602,34.976],[-93.1418,35.0046],[-93.1056,35.0343],[-93.0873,35.0339],[-93.0253,35.0909],[-93.0349,35.1118],[-92.9807,35.1172],[-92.925,35.168],[-92.8551,35.1738],[-92.8493,35.5495],[-92.8135,35.5489],[-92.8097,35.7224],[-92.9514,35.7246],[-92.9465,35.8129],[-92.9385,36.0717],[-92.9447,36.1155],[-93.1403,36.1176],[-93.3008,36.1216],[-93.4795,36.1251],[-93.4803,36.0816],[-93.4457,36.0808],[-93.4508,35.9675],[-93.4862,35.9534],[-93.5049,35.9251],[-93.506,35.881],[-93.5236,35.8815],[-93.5171,35.8233],[-93.5192,35.7635],[-93.9106,35.7743],[-93.9117,35.7308],[-93.9642,35.732],[-93.9828,35.704],[-93.9842,35.6607],[-94.074,35.6625],[-94.0761,35.5756],[-94.0229,35.5742],[-94.0411,35.5312],[-94.029,35.5078],[-94.0488,35.4932],[-94.0395,35.4646],[-94.0744,35.445],[-94.0822,35.2148],[-94.0289,35.2142],[-94.0312,35.1409],[-94.1755,35.1443],[-94.2281,35.1497],[-94.2366,35.1619],[-94.3567,35.1625],[-94.3549,35.2241],[-94.3726,35.2379],[-94.437,35.2467]]]},"properties":{"district_code":"AR-04","state_code":"AR","state_name":"Arkansas","district_number":"04","label":"Arkansas — District 4"}},{"type":"Feature","geometry":{"type":"Polygon","coordinates":[[[-73.3525,42.51],[-73.5081,42.0863],[-73.4969,42.0497],[-73.4873,42.0496],[-73.4328,42.0506],[-73.1273,42.042],[-72.8135,42.0365],[-72.8167,41.9976],[-72.7748,42.0021],[-72.7517,42.0302],[-72.6959,42.0368],[-72.5732,42.0301],[-72.5281,42.0343],[-72.1357,42.0302],[-71.8457,42.024],[-71.8823,42.0588],[-71.8815,42.0759],[-71.8113,42.0989],[-71.8249,42.1553],[-71.8581,42.1607],[-71.8951,42.1924],[-71.9394,42.1892],[-71.9673,42.3107],[-72.0412,42.3087],[-72.1237,42.3639],[-72.1583,42.3432],[-72.1852,42.3104],[-72.2746,42.302],[-72.2842,42.352],[-72.3149,42.3426],[-72.4055,42.3364],[-72.4094,42.3588],[-72.4723,42.3515],[-72.4642,42.3081],[-72.588,42.3004],[-72.6341,42.2852],[-72.6721,42.2919],[-72.7367,42.2842],[-72.7358,42.2665],[-72.8144,42.2568],[-72.8211,42.3386],[-72.8856,42.34],[-72.9046,42.4304],[-72.8479,42.4365],[-72.8556,42.4809],[-72.8711,42.484],[-72.877,42.5554],[-72.8485,42.5591],[-72.8318,42.6166],[-72.7661,42.6293],[-72.7726,42.6583],[-72.8215,42.6369],[-72.851,42.6471],[-72.8643,42.7378],[-73.265,42.7459],[-73.3525,42.51]]]},"properties":{"district_code":"MA-01","state_code":"MA","state_name":"Massachusetts","district_number":"01","label":"Massachusetts — District 1"}},{"type":"Feature","geometry":{"type":"Polygon","coordinates":[[[-117.2617,32.9393],[-117.2517,32.8743],[-117.2806,32.8219],[-117.2601,32.8026],[-117.252,32.7512],[-117.2575,32.7253],[-117.2431,32.6645],[-117.2235,32.6837],[-117.1931,32.6866],[-117.1607,32.6657],[-117.1377,32.6246],[-117.1324,32.5856],[-117.1198,32.6053],[-117.1333,32.676],[-117.1734,32.7014],[-117.1178,32.7172],[-117.125,32.7553],[-117.1322,32.7718],[-117.1779,32.7594],[-117.2096,32.7635],[-117.2072,32.7906],[-117.2325,32.8259],[-117.2177,32.8538],[-117.1891,32.8533],[-117.2146,32.9058],[-117.1669,32.9324],[-117.1676,32.9664],[-117.1263,32.9547],[-117.0664,32.9873],[-117.0383,33.0496],[-116.9716,33.0801],[-116.9634,33.1057],[-116.9939,33.1091],[-116.9985,33.1348],[-117.0441,33.135],[-117.102,33.1131],[-117.1096,33.1465],[-117.1347,33.1756],[-117.0838,33.19],[-117.1081,33.2107],[-117.1259,33.1972],[-117.1562,33.2529],[-117.2023,33.253],[-117.1923,33.2011],[-117.217,33.1864],[-117.2051,33.1618],[-117.2299,33.1312],[-117.221,33.0951],[-117.1949,33.084],[-117.2002,33.054],[-117.2274,33.0485],[-117.2469,33.0128],[-117.2617,32.9393]]]},"properties":{"district_code":"CA-50","state_code":"CA","state_name":"California","district_number":"50","label":"California — District 50"}},{"type":"Feature","geometry":{"type":"Polygon","coordinates":[[[-80.6139,34.0573],[-80.7041,34.05],[-80.707,34.0083],[-80.7673,34.0055],[-80.8668,33.9919],[-80.9127,33.9806],[-80.9443,33.951],[-80.9753,33.9602],[-80.9962,33.9998],[-80.9951,34.0245],[-80.9273,34.0899],[-80.9419,34.1796],[-80.9736,34.1648],[-81.0424,34.1533],[-81.0283,34.1225],[-81.0528,34.1141],[-81.0714,34.0817],[-81.1041,34.0892],[-81.1393,34.0683],[-81.093,34.0146],[-81.0547,34.0008],[-81.017,33.9309],[-81.0088,33.9041],[-81.0379,33.8709],[-81.0475,33.7894],[-80.962,33.779],[-80.9336,33.7648],[-80.9557,33.7378],[-80.992,33.7322],[-81.0429,33.7071],[-80.9655,33.6253],[-80.9197,33.6055],[-80.8854,33.6182],[-80.8683,33.5824],[-80.8729,33.5576],[-80.9235,33.5174],[-80.9473,33.5256],[-80.9756,33.4786],[-80.9493,33.4789],[-80.9029,33.4393],[-80.8727,33.4546],[-80.8585,33.415],[-80.8777,33.3884],[-80.886,33.35],[-80.8728,33.3178],[-80.8816,33.278],[-80.9032,33.275],[-80.9488,33.308],[-81.0051,33.3365],[-81.0554,33.354],[-81.0755,33.3734],[-81.1304,33.389],[-81.167,33.4093],[-81.2132,33.3979],[-81.2208,33.2591],[-81.2177,33.2218],[-81.2278,33.1626],[-81.2064,33.1296],[-81.2837,33.1086],[-81.3649,33.1081],[-81.5419,33.1583],[-81.6141,33.0952],[-81.5619,33.0458],[-81.5106,33.0258],[-81.4919,33.0067],[-81.5027,32.9387],[-81.4832,32.9218],[-81.4759,32.8776],[-81.4569,32.8526],[-81.4216,32.8352],[-81.4301,32.7818],[-81.4118,32.7631],[-81.4206,32.6998],[-81.3946,32.6496],[-81.4181,32.6283],[-81.3893,32.5954],[-81.3218,32.5595],[-81.2813,32.5565],[-81.2724,32.5304],[-81.2431,32.5202],[-81.2336,32.4985],[-81.2,32.468],[-81.2055,32.4236],[-81.181,32.379],[-81.1616,32.3504],[-81.1415,32.3503],[-81.1223,32.3054],[-81.1257,32.2837],[-81.1566,32.2439],[-81.1231,32.2013],[-81.1281,32.1691],[-81.1143,32.152],[-81.1154,32.1147],[-81.0381,32.0837],[-81.0043,32.1024],[-80.9835,32.0795],[-80.9539,32.0701],[-80.9077,32.0382],[-80.8793,32.081],[-80.9126,32.1276],[-80.9413,32.1373],[-80.9648,32.1854],[-81.0001,32.1961],[-81.0161,32.2443],[-80.9925,32.2727],[-81.0064,32.3065],[-80.9966,32.3255],[-81.0181,32.384],[-80.9825,32.3793],[-80.9479,32.3631],[-80.9494,32.3425],[-80.8921,32.3537],[-80.8419,32.3849],[-80.8292,32.4115],[-80.8477,32.429],[-80.8202,32.4908],[-80.8477,32.5301],[-80.8315,32.5934],[-80.8697,32.6609],[-80.8372,32.6998],[-80.7712,32.6769],[-80.7392,32.6823],[-80.654,32.6639],[-80.6364,32.6824],[-80.6918,32.7175],[-80.695,32.7518],[-80.6703,32.7588],[-80.5949,32.7615],[-80.5583,32.7428],[-80.4835,32.6596],[-80.4209,32.6701],[-80.4049,32.6524],[-80.3693,32.6481],[-80.2858,32.6223],[-80.2406,32.6576],[-80.2395,32.68],[-80.1643,32.7201],[-80.1279,32.777],[-80.1019,32.7871],[-80.0706,32.7709],[-80.0538,32.7787],[-80.004,32.7658],[-79.9495,32.7737],[-79.9287,32.763],[-79.9172,32.7829],[-79.9154,32.8124],[-79.9342,32.8522],[-79.9648,32.8828],[-79.9511,32.9102],[-80.0118,32.8999],[-80.0415,32.955],[-80.0401,32.9827],[-80.056,32.9994],[-80.0982,32.9881],[-80.1492,33.0216],[-80.1676,33.0027],[-80.0968,32.9426],[-80.1352,32.9106],[-80.1588,32.9447],[-80.1994,32.9562],[-80.229,32.9255],[-80.3878,33.0004],[-80.4065,33.019],[-80.353,33.0595],[-80.3018,33.0629],[-80.2745,33.0785],[-80.2357,33.0794],[-80.3359,33.1455],[-80.2976,33.1818],[-80.3308,33.1984],[-80.3375,33.2283],[-80.3619,33.2574],[-80.3446,33.2778],[-80.3172,33.2641],[-80.2556,33.3],[-80.2066,33.442],[-80.1483,33.4499],[-80.1273,33.4933],[-80.0822,33.5057],[-80.0121,33.5052],[-79.9646,33.4986],[-79.8802,33.4428],[-79.8548,33.4029],[-79.794,33.3777],[-79.7412,33.3223],[-79.7096,33.3212],[-79.677,33.3049],[-79.6772,33.3368],[-79.6344,33.3721],[-79.596,33.4215],[-79.5901,33.4435],[-79.5381,33.4969],[-79.4931,33.5208],[-79.4359,33.5725],[-79.4425,33.596],[-79.41,33.6879],[-79.3466,33.7553],[-79.3243,33.7991],[-79.3826,33.8186],[-79.3993,33.8006],[-79.4415,33.7844],[-79.4965,33.7754],[-79.6349,33.8084],[-79.5827,33.836],[-79.58,33.8561],[-79.6253,33.8827],[-79.6655,33.9296],[-79.6968,33.9475],[-79.7032,33.9202],[-79.7443,33.9137],[-79.7476,33.8936],[-79.8664,33.8843],[-79.9459,33.886],[-79.9746,33.9465],[-79.8935,33.988],[-79.9135,34.0071],[-79.9628,34.0229],[-80.0006,34.0479],[-80.0268,34.0085],[-80.0704,34.0079],[-80.1804,33.952],[-80.1883,34.0049],[-80.2283,33.9952],[-80.2203,33.9708],[-80.2445,33.9351],[-80.2815,33.9164],[-80.3301,33.9444],[-80.3645,33.935],[-80.3504,33.8869],[-80.3675,33.8566],[-80.3749,33.8056],[-80.4054,33.773],[-80.392,33.7156],[-80.4787,33.7143],[-80.4976,33.6743],[-80.5341,33.6439],[-80.5903,33.6848],[-80.6288,33.7402],[-80.5977,33.7775],[-80.6009,33.7999],[-80.6328,33.8503],[-80.6196,33.8787],[-80.6341,33.9173],[-80.6233,33.9683],[-80.641,33.9994],[-80.601,34.0394],[-80.6139,34.0573]]]},"properties":{"district_code":"SC-06","state_code":"SC","state_name":"South Carolina","district_number":"06","label":"South Carolina — District 6"}},{"type":"Feature","geometry":{"type":"Polygon","coordinates":[[[-84.1311,42.4246],[-84.1308,42.25],[-84.1341,42.1693],[-84.132,42.0716],[-84.0083,42.078],[-83.7119,42.0836],[-83.662,42.07],[-83.6466,42.0839],[-83.4206,42.0878],[-83.2953,42.0942],[-83.2128,42.042],[-83.1876,42.0443],[-83.191,42.0774],[-83.132,42.0902],[-83.1192,42.1253],[-83.1344,42.1746],[-83.1315,42.2028],[-83.1544,42.1854],[-83.4232,42.1794],[-83.4274,42.2875],[-83.4337,42.4389],[-83.4376,42.5271],[-83.4742,42.5261],[-83.4903,42.4952],[-83.5552,42.4932],[-83.5519,42.4352],[-83.7448,42.4285],[-83.9446,42.4241],[-84.1311,42.4246]]]},"properties":{"district_code":"MI-06","state_code":"MI","state_name":"Michigan","district_number":"06","label":"Michigan — District 6"}},{"type":"Feature","geometry":{"type":"Polygon","coordinates":[[[-89.7858,43.641],[-90.0724,43.6417],[-90.0732,43.4822],[-90.1233,43.4985],[-90.1475,43.4604],[-90.1918,43.4674],[-90.1926,43.1665],[-90.2925,43.2069],[-90.3527,43.2096],[-90.4298,43.2009],[-90.4264,42.7839],[-90.4264,42.5071],[-90.0737,42.5083],[-89.9553,42.5056],[-89.6676,42.505],[-89.5225,42.5019],[-89.0674,42.4962],[-89.0708,42.5547],[-88.9748,42.5467],[-88.9827,42.623],[-89.0117,42.6341],[-89.0487,42.6062],[-89.0805,42.6389],[-89.0712,42.6691],[-89.08,42.7302],[-89.131,42.7254],[-89.1311,42.7596],[-89.0136,42.7602],[-89.0135,42.8476],[-89.0091,43.2848],[-89.3631,43.2813],[-89.3632,43.294],[-89.7205,43.2931],[-89.7197,43.3197],[-89.6776,43.3612],[-89.6488,43.361],[-89.6007,43.3807],[-89.5994,43.5579],[-89.6732,43.5694],[-89.7278,43.5695],[-89.7179,43.5952],[-89.7633,43.6039],[-89.7858,43.641]]]},"properties":{"district_code":"WI-02","state_code":"WI","state_name":"Wisconsin","district_number":"02","label":"Wisconsin — District 2"}},{"type":"Feature","geometry":{"type":"Polygon","coordinates":[[[-109.0501,41.0007],[-109.048,40.6192],[-109.0509,40.4444],[-109.051,40.2226],[-109.0506,39.875],[-109.0514,39.4977],[-109.0515,39.1261],[-109.0542,38.875],[-109.0595,38.7199],[-109.0601,38.2755],[-109.0418,38.1647],[-109.0431,37.9743],[-109.0411,37.9072],[-109.0419,37.5307],[-109.0458,37.375],[-109.0452,36.9991],[-108.7496,36.9991],[-108.2506,36.9996],[-107.7124,37],[-107.1969,37.0001],[-106.8773,37.0001],[-106.8698,36.9924],[-106.6172,36.993],[-106.2015,36.9941],[-105.6275,36.9957],[-105.1208,36.9954],[-105.0006,36.9933],[-104.645,36.9934],[-104.3388,36.9935],[-104.0079,36.9962],[-103.4718,36.999],[-103.0861,37.0002],[-103.0863,37.1434],[-103.0825,37.3816],[-103.0747,37.3818],[-103.0759,37.6434],[-103.4043,37.6436],[-103.3999,37.8228],[-103.3988,38.125],[-103.3999,38.2654],[-103.5099,38.2641],[-103.5094,38.1725],[-103.6193,38.1715],[-103.6192,38.1134],[-103.8356,38.1133],[-103.8687,38.1288],[-103.934,38.1244],[-103.9947,38.1467],[-104.0582,38.1465],[-104.0547,38.2619],[-104.0539,38.5224],[-104.2755,38.5211],[-104.718,38.5196],[-104.9415,38.5196],[-104.9404,38.2583],[-105.0492,38.258],[-105.0499,37.9155],[-105.0661,37.9442],[-105.1085,37.9434],[-105.1687,38.0189],[-105.1946,38.0076],[-105.2154,37.9705],[-105.2389,37.9626],[-105.2738,37.9077],[-105.2974,37.9093],[-105.3171,37.9389],[-105.3771,37.9161],[-105.4136,37.8905],[-105.4711,37.8953],[-105.5333,37.9552],[-105.5777,37.9655],[-105.6272,38.0673],[-105.6559,38.0923],[-105.6868,38.1668],[-105.7367,38.2096],[-105.7839,38.2396],[-105.8,38.2699],[-105.8668,38.3057],[-105.8976,38.3501],[-105.9476,38.3905],[-105.9968,38.4203],[-106.0194,38.4544],[-106.0432,38.4577],[-106.0759,38.4238],[-106.2469,38.4228],[-106.3045,38.4784],[-106.3481,38.5125],[-106.3446,38.5686],[-106.3804,38.6371],[-106.4302,38.6535],[-106.4402,38.6869],[-106.4174,38.7257],[-106.4163,38.8239],[-106.3975,38.8231],[-106.3275,38.8823],[-106.3452,38.9071],[-106.377,38.9227],[-106.4021,38.9106],[-106.4218,38.9281],[-106.465,38.9104],[-106.5285,38.9599],[-106.5522,38.9935],[-106.5955,38.9913],[-106.5972,39.0448],[-106.5776,39.0532],[-106.5863,39.0877],[-106.5582,39.1202],[-106.5626,39.1519],[-106.5212,39.1573],[-106.4936,39.1983],[-106.4973,39.2427],[-106.4833,39.2727],[-106.5027,39.2981],[-106.4269,39.3234],[-106.4265,39.3619],[-106.5092,39.3623],[-106.5238,39.3939],[-106.5611,39.4298],[-106.6168,39.4576],[-106.6464,39.4642],[-106.6936,39.4514],[-106.7281,39.4692],[-106.753,39.4977],[-106.7492,39.5245],[-106.7643,39.5627],[-106.7402,39.5796],[-106.6921,39.5854],[-106.7053,39.6243],[-106.7542,39.6555],[-106.7816,39.652],[-106.804,39.6177],[-106.8434,39.6439],[-106.9396,39.6345],[-106.94,39.5799],[-106.9725,39.5864],[-106.9631,39.6381],[-106.9755,39.654],[-107.0145,39.6465],[-107.0667,39.652],[-107.1139,39.6249],[-107.1137,39.9191],[-107.034,39.9189],[-107.0374,40.0031],[-107.0381,40.2254],[-107.4394,40.2234],[-107.4426,40.3348],[-107.4321,40.3349],[-107.4288,40.5422],[-107.3713,40.5424],[-107.3715,40.6003],[-107.3142,40.6003],[-107.3178,41.003],[-107.6256,41.0021],[-108.0465,41.0021],[-108.2506,41.0001],[-108.8841,41.0001],[-109.0501,41.0007]]]},"properties":{"district_code":"CO-03","state_code":"CO","state_name":"Colorado","district_number":"03","label":"Colorado — District 3"}},{"type":"Feature","geometry":{"type":"MultiPolygon","coordinates":[[[[-74.1082,40.716],[-74.1063,40.6971],[-74.0559,40.7163],[-74.0947,40.7345],[-74.1082,40.716]]],[[[-74.2972,40.7152],[-74.3336,40.6495],[-74.2748,40.6255],[-74.2162,40.6437],[-74.2542,40.6702],[-74.2018,40.6868],[-74.1437,40.6795],[-74.1206,40.7171],[-74.1589,40.7221],[-74.1655,40.751],[-74.1898,40.7686],[-74.2373,40.8032],[-74.2233,40.8296],[-74.2516,40.8496],[-74.2935,40.834],[-74.2764,40.8146],[-74.3047,40.7579],[-74.2678,40.7623],[-74.2353,40.7501],[-74.256,40.7134],[-74.2972,40.7152]]]]},"properties":{"district_code":"NJ-10","state_code":"NJ","state_name":"New Jersey","district_number":"10","label":"New Jersey — District 10"}},{"type":"Feature","geometry":{"type":"Polygon","coordinates":[[[-80.3531,25.7816],[-80.3524,25.7617],[-80.3844,25.732],[-80.3894,25.6899],[-80.3853,25.6341],[-80.3592,25.556],[-80.3252,25.5352],[-80.3026,25.5718],[-80.3089,25.6042],[-80.2863,25.6201],[-80.2451,25.6984],[-80.2379,25.7272],[-80.2085,25.7456],[-80.1789,25.746],[-80.1543,25.7232],[-80.1396,25.7555],[-80.1787,25.7876],[-80.2038,25.7891],[-80.2304,25.7825],[-80.3531,25.7816]]]},"properties":{"district_code":"FL-27","state_code":"FL","state_name":"Florida","district_number":"27","label":"Florida — District 27"}},{"type":"Feature","geometry":{"type":"Polygon","coordinates":[[[-73.7941,40.8005],[-73.8262,40.7799],[-73.801,40.7615],[-73.7592,40.7643],[-73.7344,40.7436],[-73.7567,40.7262],[-73.7303,40.7222],[-73.5713,40.751],[-73.5253,40.7249],[-73.5226,40.7075],[-73.4844,40.7022],[-73.4821,40.6668],[-73.4252,40.6799],[-73.4386,40.7513],[-73.4652,40.868],[-73.4879,40.877],[-73.5419,40.8769],[-73.5662,40.9158],[-73.6398,40.8966],[-73.6481,40.8539],[-73.7141,40.87],[-73.7277,40.8385],[-73.7572,40.8339],[-73.7579,40.7669],[-73.7941,40.8005]]]},"properties":{"district_code":"NY-03","state_code":"NY","state_name":"New York","district_number":"03","label":"New York — District 3"}},{"type":"Feature","geometry":{"type":"Polygon","coordinates":[[[-117.721,33.5506],[-117.737,33.5396],[-117.743,33.4991],[-117.7146,33.4599],[-117.681,33.4618],[-117.6222,33.422],[-117.5965,33.3883],[-117.5478,33.3649],[-117.5059,33.3333],[-117.4456,33.2685],[-117.3419,33.1433],[-117.2818,33.0171],[-117.2617,32.9393],[-117.2469,33.0128],[-117.2274,33.0485],[-117.2002,33.054],[-117.1949,33.084],[-117.221,33.0951],[-117.2299,33.1312],[-117.2051,33.1618],[-117.217,33.1864],[-117.1923,33.2011],[-117.2023,33.253],[-117.245,33.2671],[-117.2421,33.3],[-117.2624,33.3157],[-117.2558,33.4022],[-117.2389,33.4131],[-117.2417,33.4489],[-117.3709,33.4905],[-117.3643,33.505],[-117.5097,33.505],[-117.5102,33.534],[-117.4927,33.5577],[-117.5276,33.5555],[-117.5501,33.533],[-117.6384,33.5889],[-117.659,33.5561],[-117.721,33.5506]]]},"properties":{"district_code":"CA-49","state_code":"CA","state_name":"California","district_number":"49","label":"California — District 49"}},{"type":"Feature","geometry":{"type":"Polygon","coordinates":[[[-84.6583,37.6345],[-84.7237,37.5913],[-84.7834,37.5767],[-84.8474,37.5483],[-84.8571,37.5285],[-84.8601,37.4674],[-84.8508,37.4271],[-84.7961,37.3906],[-84.7228,37.36],[-84.7061,37.2998],[-84.724,37.2868],[-84.7207,37.2383],[-84.8093,37.175],[-84.9011,37.1163],[-84.9058,37.0472],[-84.8637,37.008],[-84.8357,36.9976],[-84.9079,36.9454],[-84.9504,36.9555],[-84.9609,36.9163],[-85.0643,36.8587],[-85.0592,36.8331],[-85.0264,36.8069],[-85.0041,36.7562],[-85.0205,36.6944],[-85.0014,36.6769],[-84.9995,36.6246],[-84.9749,36.6156],[-84.8431,36.6051],[-84.5431,36.5963],[-84.2613,36.592],[-83.9878,36.5896],[-83.6907,36.5826],[-83.6754,36.6008],[-83.6145,36.634],[-83.5773,36.6418],[-83.5319,36.665],[-83.4939,36.6701],[-83.4237,36.6674],[-83.3861,36.6866],[-83.3071,36.7114],[-83.1946,36.7395],[-83.1364,36.7431],[-83.1332,36.7832],[-83.0985,36.8143],[-83.1018,36.8291],[-83.0726,36.8546],[-82.9703,36.8577],[-82.8795,36.8891],[-82.8561,36.9525],[-82.8692,36.9742],[-82.8227,37.0041],[-82.7821,37.0082],[-82.7223,37.0579],[-82.7221,37.1202],[-82.6516,37.1519],[-82.4989,37.227],[-82.4492,37.2439],[-82.3509,37.2671],[-82.316,37.2949],[-82.1249,37.4273],[-81.968,37.538],[-82.0644,37.5369],[-82.0732,37.555],[-82.1048,37.5602],[-82.1323,37.5933],[-82.1567,37.5928],[-82.1817,37.6271],[-82.2134,37.6252],[-82.2261,37.6531],[-82.272,37.6638],[-82.2961,37.6862],[-82.334,37.7432],[-82.3405,37.7861],[-82.3984,37.8216],[-82.4224,37.8639],[-82.4226,37.8867],[-82.5022,37.9331],[-82.4716,37.9591],[-82.4655,37.9847],[-82.5144,37.9992],[-82.5513,38.0708],[-82.584,38.0907],[-82.5857,38.107],[-82.6373,38.1391],[-82.6391,38.1711],[-82.6113,38.1715],[-82.5984,38.2174],[-82.6125,38.2346],[-82.5747,38.2639],[-82.5765,38.3281],[-82.598,38.3449],[-82.5935,38.4218],[-82.6138,38.4745],[-82.6655,38.5057],[-82.769,38.4337],[-82.8106,38.393],[-82.8175,38.3739],[-82.9127,38.3989],[-83.0691,38.3838],[-83.159,38.3412],[-83.2217,38.3287],[-83.2856,38.306],[-83.3563,38.3219],[-83.363,38.3398],[-83.4169,38.3962],[-83.4528,38.3818],[-83.4702,38.3552],[-83.4993,38.3494],[-83.508,38.2732],[-83.615,38.1933],[-83.6497,38.1822],[-83.7082,38.2437],[-83.8227,38.1969],[-83.8796,38.2081],[-83.9052,38.2332],[-83.922,38.2071],[-83.9116,38.1874],[-83.8626,38.1835],[-83.8356,38.1609],[-83.7914,38.1415],[-83.7008,38.0712],[-83.6985,38.0182],[-83.7405,38.0071],[-83.7745,37.9729],[-83.7753,37.9391],[-83.7487,37.8951],[-83.6685,37.8523],[-83.6311,37.8254],[-83.708,37.7165],[-83.7496,37.7148],[-83.8241,37.663],[-83.8325,37.6363],[-83.9056,37.5429],[-83.9398,37.5732],[-83.9652,37.5814],[-84.045,37.5636],[-84.1421,37.5648],[-84.1718,37.5575],[-84.1995,37.5229],[-84.2484,37.5248],[-84.263,37.5156],[-84.3446,37.5399],[-84.3543,37.5018],[-84.3744,37.4727],[-84.473,37.4945],[-84.6526,37.6182],[-84.6583,37.6345]]]},"properties":{"district_code":"KY-05","state_code":"KY","state_name":"Kentucky","district_number":"05","label":"Kentucky — District 5"}},{"type":"Feature","geometry":{"type":"Polygon","coordinates":[[[-80.9549,35.4001],[-81.1846,35.4098],[-81.1615,35.3716],[-81.1601,35.3473],[-81.1978,35.3552],[-81.2716,35.3163],[-81.2364,35.3075],[-81.2551,35.2522],[-81.2805,35.2424],[-81.3217,35.2604],[-81.328,35.1634],[-81.0436,35.1499],[-81.033,35.1137],[-81.0572,35.0861],[-81.0415,35.0447],[-80.9349,35.1074],[-80.8404,35.0016],[-80.8045,35.0277],[-80.7676,35.0363],[-80.6814,35.1034],[-80.7565,35.1838],[-80.7412,35.2031],[-80.7807,35.2156],[-80.7746,35.2344],[-80.7948,35.2583],[-80.8701,35.2231],[-80.8972,35.2457],[-80.9398,35.2599],[-80.9389,35.2806],[-80.9869,35.301],[-80.9815,35.3427],[-80.9425,35.3509],[-80.9629,35.3751],[-80.9549,35.4001]]]},"properties":{"district_code":"NC-14","state_code":"NC","state_name":"North Carolina","district_number":"14","label":"North Carolina — District 14"}},{"type":"Feature","geometry":{"type":"Polygon","coordinates":[[[-76.0918,40.2777],[-75.8752,40.1381],[-75.943,40.1093],[-75.9359,40.0375],[-75.9946,39.9524],[-75.9868,39.8922],[-76.0199,39.8535],[-76.0228,39.8308],[-76.0667,39.76],[-76.1356,39.7216],[-75.7886,39.7222],[-75.7012,39.8026],[-75.6415,39.8284],[-75.5948,39.8373],[-75.5979,39.8745],[-75.5464,39.9097],[-75.5238,39.9441],[-75.4361,39.9849],[-75.4538,39.9936],[-75.4043,40.0274],[-75.3926,40.061],[-75.415,40.0901],[-75.4562,40.0878],[-75.4692,40.1074],[-75.5268,40.1496],[-75.5577,40.208],[-75.597,40.2368],[-75.6196,40.2301],[-75.6712,40.2446],[-75.6856,40.2366],[-75.7365,40.2611],[-75.7714,40.2584],[-75.8232,40.2922],[-75.8013,40.3262],[-75.8198,40.3614],[-75.9754,40.3692],[-76.0347,40.3264],[-76.0918,40.2777]]]},"properties":{"district_code":"PA-06","state_code":"PA","state_name":"Pennsylvania","district_number":"06","label":"Pennsylvania — District 6"}},{"type":"Feature","geometry":{"type":"Polygon","coordinates":[[[-82.7641,35.0682],[-82.7432,35.0473],[-82.715,35.059],[-82.6487,35.0603],[-82.5897,35.0738],[-82.5989,35.0407],[-82.5883,35.021],[-82.5432,35.0046],[-82.5211,34.9274],[-82.4877,34.8851],[-82.487,34.819],[-82.4609,34.7967],[-82.4571,34.7616],[-82.4193,34.7308],[-82.3515,34.7193],[-82.279,34.6994],[-82.2116,34.7138],[-82.2379,34.7485],[-82.2146,34.7815],[-82.1652,34.7965],[-82.1355,34.7782],[-82.1152,34.7489],[-82.0872,34.7452],[-82.0667,34.701],[-82.0046,34.6623],[-81.9519,34.6495],[-81.9103,34.603],[-81.8519,34.5948],[-81.8196,34.689],[-81.7828,34.8372],[-81.7141,34.9129],[-81.7552,34.9306],[-81.7831,34.9706],[-81.8529,35.009],[-81.8919,34.9808],[-81.9281,35.0116],[-81.9609,35.0168],[-81.9872,35.0468],[-82.0183,35.0609],[-82.046,35.0496],[-82.1139,35.1504],[-82.0948,35.177],[-82.1061,35.1915],[-82.2749,35.2001],[-82.3446,35.1931],[-82.3713,35.1814],[-82.3904,35.2154],[-82.4197,35.1986],[-82.4396,35.1659],[-82.4601,35.1781],[-82.495,35.1645],[-82.5416,35.1621],[-82.5699,35.1453],[-82.6097,35.139],[-82.6865,35.1082],[-82.7641,35.0682]]]},"properties":{"district_code":"SC-04","state_code":"SC","state_name":"South Carolina","district_number":"04","label":"South Carolina — District 4"}},{"type":"Feature","geometry":{"type":"Polygon","coordinates":[[[-122.2295,47.2576],[-122.2188,47.2172],[-122.24,47.1892],[-122.247,47.0833],[-122.2936,47.0965],[-122.3424,47.0678],[-122.4427,47.0681],[-122.5479,46.9889],[-122.5604,46.9335],[-122.4978,46.9088],[-122.4909,46.8675],[-122.4517,46.8526],[-122.3712,46.8454],[-122.3186,46.8284],[-122.3125,46.796],[-122.2696,46.7668],[-122.2361,46.7729],[-122.1779,46.7552],[-122.0823,46.7522],[-122.0233,46.7423],[-122.0081,46.7526],[-121.8714,46.7302],[-121.8333,46.7296],[-121.7588,46.7836],[-121.4552,46.7838],[-121.4973,46.8629],[-121.5231,46.8728],[-121.497,46.9083],[-121.4495,46.9344],[-121.4463,46.9797],[-121.4065,46.9987],[-121.3998,47.0335],[-121.3754,47.0733],[-121.3113,47.0769],[-121.2807,47.0887],[-121.0901,46.991],[-121.0266,46.9113],[-120.6346,46.9121],[-120.634,46.8258],[-120.5086,46.8249],[-120.51,46.7379],[-119.973,46.7371],[-119.9431,46.7747],[-119.9275,46.8171],[-119.9649,46.8588],[-119.9658,46.9433],[-120.0011,46.9936],[-120.0112,47.0394],[-120.0429,47.0735],[-120.0021,47.1262],[-120.0106,47.1613],[-120.0026,47.2123],[-120.0191,47.2266],[-120.0776,47.227],[-120.0963,47.2546],[-120.0833,47.3337],[-120.13,47.3663],[-120.2531,47.3816],[-120.2865,47.3931],[-120.308,47.4316],[-120.3166,47.4713],[-120.2928,47.5382],[-120.2594,47.5585],[-120.2336,47.5976],[-120.2369,47.6318],[-120.199,47.6823],[-120.2229,47.7233],[-120.1914,47.7595],[-120.1309,47.7766],[-120.0936,47.7635],[-119.9927,47.7832],[-119.9601,47.8458],[-119.9193,47.8623],[-119.9151,47.9014],[-119.8597,47.9419],[-119.8706,47.9605],[-120.0486,47.9606],[-120.0699,47.971],[-120.0831,48.0109],[-120.1464,48.0373],[-120.1563,48.0659],[-120.2251,48.0847],[-120.2986,48.1297],[-120.3196,48.1244],[-120.3613,48.1576],[-120.3463,48.2],[-120.3829,48.2199],[-120.3923,48.2427],[-120.4691,48.269],[-120.5082,48.3103],[-120.5472,48.3067],[-120.5832,48.3191],[-120.5673,48.3755],[-120.6211,48.3988],[-120.6499,48.3981],[-120.6548,48.4532],[-120.6379,48.4735],[-120.6572,48.5073],[-120.6523,48.5369],[-120.7021,48.5316],[-120.7879,48.5071],[-120.8264,48.5465],[-120.8574,48.5477],[-120.9046,48.5237],[-120.9505,48.5296],[-120.9511,48.4996],[-121.0362,48.4953],[-121.0629,48.4602],[-121.0377,48.4321],[-121.0623,48.4053],[-121.0618,48.3796],[-121.0406,48.3479],[-121.0689,48.32],[-121.0017,48.296],[-121.445,48.296],[-121.6364,48.2985],[-121.858,48.2975],[-122.304,48.2976],[-122.2197,48.2201],[-122.2015,48.1879],[-122.1895,48.1721],[-122.1134,48.1699],[-122.1085,48.1443],[-122.0773,48.1365],[-122.0456,48.0812],[-122.0129,48.0831],[-122.0104,47.999],[-122.0002,47.9634],[-121.9522,47.9563],[-121.9375,47.8811],[-121.9596,47.8513],[-121.9952,47.8294],[-122.0004,47.7754],[-122.1129,47.7759],[-122.1275,47.7363],[-122.0886,47.7155],[-122.08,47.6321],[-122.0965,47.6023],[-122.1005,47.5449],[-122.131,47.5351],[-122.1522,47.4704],[-122.1248,47.4376],[-122.1606,47.4182],[-122.1761,47.3869],[-122.1761,47.3489],[-122.2295,47.2576]]]},"properties":{"district_code":"WA-08","state_code":"WA","state_name":"Washington","district_number":"08","label":"Washington — District 8"}},{"type":"Feature","geometry":{"type":"Polygon","coordinates":[[[-77.2395,38.6665],[-77.2339,38.6613],[-77.202,38.6177],[-77.1581,38.6369],[-77.1302,38.635],[-77.1325,38.6738],[-77.0799,38.709],[-77.0532,38.7099],[-77.0421,38.7467],[-77.039,38.7916],[-77.0317,38.8505],[-77.0673,38.8992],[-77.0937,38.9059],[-77.1198,38.9343],[-77.1466,38.9642],[-77.1796,38.9684],[-77.2102,38.9315],[-77.2212,38.8831],[-77.2221,38.8204],[-77.2036,38.7935],[-77.1361,38.7841],[-77.1739,38.722],[-77.2395,38.6665]]]},"properties":{"district_code":"VA-08","state_code":"VA","state_name":"Virginia","district_number":"08","label":"Virginia — District 8"}},{"type":"Feature","geometry":{"type":"Polygon","coordinates":[[[-116.9336,34.0049],[-116.9381,33.9617],[-117.0011,33.9607],[-117.0255,33.9829],[-117.0341,33.9251],[-116.9988,33.9263],[-116.958,33.9037],[-116.9994,33.8692],[-116.9984,33.8493],[-116.9635,33.8454],[-116.9744,33.8219],[-117.0102,33.8369],[-117.0605,33.8163],[-117.0334,33.7743],[-117.0677,33.7583],[-117.0731,33.7219],[-117.0937,33.6998],[-117.0016,33.7053],[-116.9907,33.6857],[-116.9625,33.6858],[-116.9597,33.7131],[-116.9238,33.7296],[-116.809,33.7302],[-116.7916,33.7436],[-116.7748,33.7825],[-116.7343,33.8113],[-116.7506,33.8278],[-116.7958,33.8273],[-116.8052,33.8531],[-116.7913,33.8792],[-116.7199,33.8862],[-116.7287,33.9166],[-116.6675,33.914],[-116.6325,33.9219],[-116.6325,33.8882],[-116.5801,33.9011],[-116.5453,33.9176],[-116.4936,33.8712],[-116.493,33.8195],[-116.4756,33.8159],[-116.4755,33.7814],[-116.4609,33.7731],[-116.4233,33.826],[-116.3195,33.7646],[-116.3039,33.7381],[-116.2754,33.7291],[-116.2687,33.6854],[-116.2339,33.671],[-116.2334,33.5982],[-116.2681,33.6127],[-116.3215,33.6126],[-116.3215,33.642],[-116.3992,33.642],[-116.4082,33.5981],[-116.5042,33.5686],[-116.5178,33.5977],[-116.5703,33.5975],[-116.5696,33.5612],[-116.6029,33.5679],[-116.6181,33.5404],[-116.788,33.5405],[-116.7878,33.501],[-116.8187,33.4844],[-116.7889,33.4673],[-116.7362,33.4905],[-116.6925,33.4972],[-116.6311,33.4969],[-116.634,33.4419],[-116.623,33.4273],[-116.5184,33.4269],[-116.1976,33.4289],[-116.0852,33.4259],[-116.0811,33.0748],[-116.1033,33.0747],[-116.1037,32.7871],[-116.1062,32.6186],[-115.851,32.6381],[-115.4652,32.6671],[-115.0008,32.6997],[-114.7196,32.7188],[-114.6888,32.7377],[-114.6184,32.7282],[-114.5818,32.7349],[-114.5274,32.7604],[-114.5317,32.7912],[-114.5102,32.8164],[-114.469,32.8452],[-114.4644,32.9131],[-114.4809,32.9353],[-114.4677,32.9563],[-114.4901,32.9699],[-114.5061,33.017],[-114.5201,33.03],[-114.5717,33.0366],[-114.601,33.0254],[-114.6396,33.0453],[-114.6708,33.038],[-114.689,33.084],[-114.7079,33.0974],[-114.6787,33.1629],[-114.6745,33.2255],[-114.6894,33.2453],[-114.677,33.2702],[-114.7233,33.2881],[-114.7312,33.3024],[-114.7009,33.337],[-114.6991,33.3611],[-114.7229,33.3988],[-114.688,33.4179],[-114.6584,33.413],[-114.6296,33.4281],[-114.6229,33.4566],[-114.5589,33.5318],[-114.5246,33.5522],[-114.5406,33.5914],[-114.5221,33.6113],[-114.5332,33.6484],[-114.524,33.6859],[-114.4965,33.6969],[-114.5123,33.7342],[-114.5071,33.7679],[-114.528,33.815],[-114.5306,33.8554],[-114.5043,33.8769],[-114.5236,33.8936],[-114.5346,33.9254],[-114.522,33.9556],[-114.4999,33.9618],[-114.4383,34.0226],[-114.4342,34.0874],[-114.4159,34.1076],[-114.3665,34.1186],[-114.3246,34.1368],[-114.2873,34.1705],[-114.2541,34.1738],[-114.1665,34.2496],[-114.1312,34.2627],[-114.1383,34.3032],[-114.1769,34.3493],[-114.2261,34.3659],[-114.2643,34.4013],[-114.3426,34.4514],[-114.3867,34.4579],[-114.3808,34.5297],[-114.4052,34.5696],[-114.4364,34.5968],[-114.451,34.6649],[-114.4737,34.714],[-114.5166,34.7367],[-114.5527,34.7669],[-114.5868,34.8357],[-114.6307,34.8664],[-114.6368,34.8857],[-114.6298,34.9448],[-114.6335,35.0019],[-114.9482,35.2552],[-114.9573,35.0501],[-114.9778,35.0425],[-114.9846,34.914],[-115.0638,34.9098],[-115.051,34.83],[-114.9893,34.8372],[-115.0109,34.7392],[-115.0017,34.6914],[-115.0299,34.683],[-115.1142,34.6823],[-115.1803,34.6692],[-115.158,34.6255],[-115.1236,34.6119],[-115.1182,34.591],[-115.1564,34.5509],[-115.1215,34.5463],[-115.0847,34.5287],[-115.0559,34.4909],[-115.0884,34.418],[-115.0669,34.4112],[-115.1018,34.2598],[-115.1257,34.2777],[-115.1497,34.2661],[-115.1058,34.2427],[-115.124,34.1439],[-115.1458,34.1209],[-115.1156,34.0868],[-115.1361,34.0797],[-115.3161,34.0778],[-115.3162,34.0341],[-115.6324,34.0353],[-115.9848,34.0344],[-116.3008,34.0325],[-116.6156,34.0326],[-116.9296,34.0341],[-116.9336,34.0049]]]},"properties":{"district_code":"CA-25","state_code":"CA","state_name":"California","district_number":"25","label":"California — District 25"}},{"type":"Feature","geometry":{"type":"MultiPolygon","coordinates":[[[[-118.3089,33.817],[-118.3515,33.8256],[-118.3525,33.8743],[-118.3787,33.8946],[-118.3787,33.9309],[-118.4359,33.9303],[-118.3902,33.8362],[-118.394,33.8042],[-118.4234,33.782],[-118.4105,33.741],[-118.3643,33.7382],[-118.3329,33.7221],[-118.3096,33.7468],[-118.2983,33.8131],[-118.3089,33.817]]],[[[-118.3958,34.0911],[-118.4227,34.0943],[-118.4544,34.0656],[-118.4677,34.0386],[-118.4945,34.0504],[-118.5167,34.0258],[-118.4822,33.9956],[-118.4473,33.9516],[-118.3788,33.9526],[-118.3866,33.9767],[-118.4185,34.012],[-118.3762,34.0596],[-118.3958,34.0911]]]]},"properties":{"district_code":"CA-36","state_code":"CA","state_name":"California","district_number":"36","label":"California — District 36"}},{"type":"Feature","geometry":{"type":"Polygon","coordinates":[[[-118.3866,33.9767],[-118.3788,33.9526],[-118.4473,33.9516],[-118.4359,33.9303],[-118.3787,33.9309],[-118.3787,33.8946],[-118.3525,33.8743],[-118.3515,33.8256],[-118.3089,33.817],[-118.3091,33.8656],[-118.2155,33.8695],[-118.1879,33.8815],[-118.1867,33.9071],[-118.2168,33.9123],[-118.2286,33.9483],[-118.2559,33.9547],[-118.3003,33.96],[-118.3352,33.9818],[-118.3866,33.9767]]]},"properties":{"district_code":"CA-43","state_code":"CA","state_name":"California","district_number":"43","label":"California — District 43"}},{"type":"Feature","geometry":{"type":"Polygon","coordinates":[[[-88.4732,31.8939],[-88.4644,31.698],[-88.0883,31.6993],[-88.0912,31.6571],[-88.0743,31.6164],[-88.0797,31.6025],[-88.0313,31.5605],[-87.9704,31.5305],[-87.9432,31.527],[-87.9061,31.4918],[-87.9191,31.4671],[-87.9037,31.3884],[-87.8889,31.364],[-87.9245,31.3129],[-87.9508,31.2995],[-87.9634,31.2502],[-87.9313,31.2246],[-87.9466,31.1929],[-87.9136,31.1874],[-87.8739,31.2015],[-87.8636,31.2261],[-87.8371,31.2473],[-87.8283,31.2753],[-87.7839,31.2778],[-87.7817,31.3333],[-87.7228,31.3436],[-87.7258,31.3737],[-87.706,31.401],[-87.6656,31.4232],[-87.6396,31.4248],[-87.5999,31.4111],[-87.5747,31.4338],[-87.5657,31.4817],[-87.6046,31.5],[-87.6198,31.519],[-87.5654,31.5536],[-87.5668,31.6971],[-87.5161,31.6978],[-87.5184,31.8144],[-87.5009,31.8293],[-87.2283,31.8314],[-87.1628,31.8284],[-86.9069,31.8306],[-86.9089,31.9617],[-86.6136,31.9639],[-86.405,31.9638],[-86.4083,32.21],[-86.3898,32.2272],[-86.3489,32.2108],[-86.3008,32.2195],[-86.2954,32.2417],[-86.3071,32.2851],[-86.239,32.296],[-86.2291,32.3157],[-86.281,32.3343],[-86.2815,32.3579],[-86.358,32.4232],[-86.4591,32.3958],[-86.4625,32.3781],[-86.4928,32.3616],[-86.4934,32.345],[-86.5325,32.3388],[-86.5425,32.3635],[-86.6148,32.3743],[-86.618,32.4057],[-86.654,32.3963],[-86.6788,32.3554],[-86.7113,32.3608],[-86.7179,32.4028],[-86.75,32.3891],[-86.7814,32.3925],[-86.7732,32.3407],[-86.7911,32.3146],[-86.8203,32.315],[-86.8074,32.3544],[-86.8438,32.4004],[-86.8499,32.4383],[-86.9067,32.537],[-86.8983,32.5677],[-86.9188,32.6443],[-86.9176,32.6642],[-87.0177,32.6633],[-87.0192,32.837],[-87.2237,32.8351],[-87.3192,32.8315],[-87.3195,32.8751],[-87.4212,32.8745],[-87.4219,33.0034],[-87.3185,33.0062],[-87.3116,33.0939],[-87.2819,33.1331],[-87.1993,33.1307],[-87.1992,33.1966],[-87.1521,33.2325],[-87.1219,33.2358],[-87.1041,33.2215],[-87.0766,33.2468],[-86.9829,33.246],[-86.9696,33.2675],[-86.9262,33.2782],[-86.9001,33.3078],[-86.9024,33.3417],[-86.8758,33.3539],[-86.8662,33.4112],[-86.8287,33.4393],[-86.808,33.4403],[-86.7872,33.4747],[-86.7914,33.5122],[-86.7557,33.5332],[-86.7212,33.5307],[-86.7016,33.5647],[-86.7451,33.5901],[-86.7582,33.5703],[-86.8349,33.5869],[-86.8605,33.6293],[-86.8977,33.612],[-86.904,33.5897],[-86.8958,33.5487],[-86.9351,33.5469],[-86.9508,33.5346],[-86.9903,33.5372],[-87.0685,33.568],[-87.0955,33.5847],[-87.1436,33.5793],[-87.1515,33.5551],[-87.1865,33.557],[-87.2326,33.5394],[-87.285,33.4858],[-87.3312,33.4909],[-87.3372,33.4754],[-87.3864,33.4268],[-87.412,33.3799],[-87.4165,33.3325],[-87.3927,33.2892],[-87.4222,33.2787],[-87.4323,33.2535],[-87.4923,33.2498],[-87.5109,33.2353],[-87.5518,33.2802],[-87.6026,33.2654],[-87.6391,33.2696],[-87.6541,33.2368],[-87.7092,33.2637],[-87.7785,33.2788],[-87.838,33.2841],[-87.8407,33.5248],[-87.9465,33.5241],[-88.2746,33.534],[-88.3044,33.2883],[-88.3309,33.0731],[-88.3733,32.7118],[-88.4039,32.4488],[-88.4386,32.1728],[-88.4732,31.8939]]]},"properties":{"district_code":"AL-07","state_code":"AL","state_name":"Alabama","district_number":"07","label":"Alabama — District 7"}},{"type":"Feature","geometry":{"type":"Polygon","coordinates":[[[-81.4441,30.7097],[-81.4895,30.7261],[-81.5312,30.7242],[-81.5607,30.7117],[-81.6058,30.7197],[-81.6515,30.7407],[-81.7199,30.7446],[-81.7404,30.7636],[-81.7837,30.7729],[-81.8074,30.7901],[-81.8392,30.7866],[-81.8815,30.7999],[-81.891,30.8225],[-81.9639,30.8181],[-81.9734,30.7788],[-82.0048,30.7914],[-82.0114,30.7626],[-82.0368,30.7544],[-82.0364,30.7066],[-82.0495,30.6555],[-82.0121,30.5938],[-82.0055,30.5635],[-82.0189,30.5238],[-82.0178,30.4751],[-82.0372,30.4345],[-82.0359,30.3853],[-82.05,30.3624],[-82.0492,30.0559],[-82.0461,29.7471],[-82.0492,29.7187],[-82.0071,29.7395],[-81.9394,29.7475],[-81.9093,29.7936],[-81.862,29.8002],[-81.8124,29.8365],[-81.5812,29.8402],[-81.5835,29.8446],[-81.6084,29.9157],[-81.5999,29.9522],[-81.6244,29.9813],[-81.6711,30.0072],[-81.6889,30.0286],[-81.6802,30.1212],[-81.6905,30.1719],[-81.6507,30.2235],[-81.6518,30.2418],[-81.6803,30.2731],[-81.6586,30.3223],[-81.6298,30.3141],[-81.6026,30.3368],[-81.6068,30.3639],[-81.5594,30.3668],[-81.5568,30.3851],[-81.4708,30.392],[-81.4503,30.3809],[-81.4113,30.4024],[-81.4132,30.4829],[-81.4559,30.5134],[-81.4358,30.5261],[-81.4419,30.6014],[-81.4258,30.7005],[-81.4441,30.7097]]]},"properties":{"district_code":"FL-04","state_code":"FL","state_name":"Florida","district_number":"04","label":"Florida — District 4"}},{"type":"Feature","geometry":{"type":"Polygon","coordinates":[[[-82.536,28.1726],[-82.5486,28.1329],[-82.5418,28.062],[-82.505,28.0365],[-82.3976,28.0326],[-82.3891,28.0125],[-82.3513,28.0117],[-82.3603,27.9636],[-82.3542,27.9495],[-82.3185,27.9377],[-82.0924,27.9378],[-82.0553,27.9273],[-82.0302,27.9236],[-82.0018,27.9385],[-81.9569,27.982],[-81.9574,28.0698],[-81.9736,28.0899],[-81.9737,28.1281],[-81.9739,28.1623],[-82.0086,28.2058],[-82.0555,28.248],[-82.0555,28.2589],[-82.0756,28.2592],[-82.1471,28.2991],[-82.1635,28.3284],[-82.2743,28.3246],[-82.2808,28.2745],[-82.3204,28.2405],[-82.3643,28.2384],[-82.389,28.2164],[-82.4048,28.1858],[-82.4507,28.1859],[-82.488,28.1975],[-82.544,28.1893],[-82.536,28.1726]]]},"properties":{"district_code":"FL-15","state_code":"FL","state_name":"Florida","district_number":"15","label":"Florida — District 15"}},{"type":"Feature","geometry":{"type":"Polygon","coordinates":[[[-91.7013,30.4977],[-91.6401,30.4427],[-91.6281,30.4139],[-91.6211,30.3099],[-91.59,30.277],[-91.588,30.2571],[-91.5628,30.2419],[-91.5083,30.2403],[-91.4753,30.2292],[-91.4898,30.2059],[-91.472,30.1867],[-91.4613,30.1312],[-91.4639,30.1027],[-91.3888,30.1024],[-91.3667,30.0547],[-91.3512,30.0601],[-91.2691,30.0593],[-91.2559,30.0398],[-91.2217,30.0317],[-91.2553,29.9716],[-91.472,29.9563],[-91.472,29.948],[-91.4136,29.905],[-91.3736,29.8344],[-91.3865,29.7837],[-91.3523,29.7666],[-91.2986,29.765],[-91.2294,29.7489],[-91.182,29.7292],[-91.1861,29.7077],[-91.149,29.7006],[-91.1182,29.64],[-91.1365,29.6098],[-91.1637,29.5927],[-91.1837,29.608],[-91.2229,29.582],[-91.2542,29.6142],[-91.2424,29.654],[-91.3211,29.6391],[-91.3286,29.6559],[-91.3094,29.6895],[-91.3736,29.6983],[-91.4179,29.5829],[-91.4276,29.5399],[-91.4245,29.5186],[-91.3521,29.5138],[-91.3396,29.4905],[-91.2664,29.4761],[-91.2565,29.445],[-91.2212,29.4364],[-91.2196,29.3971],[-91.1983,29.3758],[-91.1331,29.3411],[-91.1189,29.3062],[-91.1329,29.2814],[-91.1293,29.2479],[-91.1655,29.2538],[-91.1688,29.3089],[-91.1993,29.3051],[-91.2404,29.3559],[-91.2655,29.361],[-91.2957,29.3095],[-91.3356,29.303],[-91.2883,29.2557],[-91.2152,29.227],[-91.1299,29.2207],[-91.0949,29.1924],[-91.0647,29.1841],[-91.0383,29.2104],[-91.0108,29.1758],[-90.9613,29.1849],[-90.9507,29.2173],[-90.9172,29.2238],[-90.8766,29.2181],[-90.8842,29.2443],[-90.8524,29.2578],[-90.8326,29.2817],[-90.828,29.3137],[-90.8015,29.3633],[-90.7737,29.3656],[-90.7298,29.3846],[-90.7226,29.43],[-90.7626,29.4613],[-90.8135,29.4684],[-90.7777,29.5356],[-90.7778,29.579],[-90.7606,29.5838],[-90.7333,29.6165],[-90.7528,29.6456],[-90.6985,29.7182],[-90.6922,29.7389],[-90.607,29.7307],[-90.5472,29.689],[-90.5117,29.7036],[-90.5343,29.7375],[-90.5052,29.7665],[-90.525,29.7824],[-90.4763,29.8249],[-90.4799,29.8474],[-90.5157,29.8647],[-90.5354,29.8911],[-90.6807,29.8926],[-90.7173,29.8967],[-90.7858,29.9217],[-90.7854,29.9076],[-90.8857,29.9053],[-90.8855,29.8776],[-90.9098,29.8772],[-90.925,29.8304],[-90.9641,29.8502],[-90.9769,29.9003],[-90.9473,29.9223],[-90.9829,29.9586],[-91.0299,29.9537],[-91.0623,29.9636],[-91.0788,29.9507],[-91.124,29.9622],[-91.1497,29.9989],[-91.1261,30.0154],[-91.0925,30.0037],[-91.0891,30.0628],[-91.106,30.0627],[-91.1066,30.1085],[-91.0901,30.1411],[-91.1405,30.1682],[-91.1742,30.177],[-91.2037,30.1306],[-91.2845,30.1469],[-91.2786,30.193],[-91.2438,30.2049],[-91.2287,30.2353],[-91.2038,30.2361],[-91.1879,30.2729],[-91.2275,30.2759],[-91.2879,30.2482],[-91.3213,30.2641],[-91.3113,30.3225],[-91.2863,30.3526],[-91.2835,30.3749],[-91.2449,30.3865],[-91.2108,30.4323],[-91.2117,30.4632],[-91.1972,30.5069],[-91.2093,30.523],[-91.2045,30.5633],[-91.2138,30.5819],[-91.202,30.6129],[-91.1638,30.6116],[-91.1375,30.5252],[-91.0853,30.5044],[-91.0958,30.4529],[-91.1645,30.4532],[-91.1684,30.4341],[-91.1998,30.4191],[-91.2415,30.3576],[-91.2226,30.3406],[-91.1945,30.347],[-91.1541,30.3392],[-91.1423,30.3199],[-91.0193,30.3186],[-91.0591,30.2131],[-91.0401,30.2086],[-91.0237,30.2396],[-90.9655,30.2399],[-90.9207,30.2328],[-90.9065,30.1988],[-90.9466,30.1768],[-90.9548,30.1577],[-90.9247,30.1374],[-90.9156,30.1133],[-90.6421,30.1664],[-90.6319,30.2212],[-90.5976,30.2156],[-90.588,30.1858],[-90.5495,30.1691],[-90.5468,30.1115],[-90.5056,30.1077],[-90.5007,30.0735],[-90.4814,30.0672],[-90.466,30.0376],[-90.4752,30.0089],[-90.4213,29.994],[-90.3974,29.9783],[-90.3726,29.9416],[-90.3367,29.9467],[-90.3057,29.9684],[-90.2795,29.968],[-90.2795,30.0068],[-90.2756,30.0889],[-90.2599,30.1634],[-90.1563,30.1896],[-90.1606,30.2343],[-90.3009,30.2947],[-90.3503,30.2968],[-90.3737,30.2834],[-90.4858,30.277],[-90.4778,30.3564],[-90.5013,30.362],[-90.5146,30.4062],[-90.5469,30.4316],[-90.55,30.4677],[-90.5669,30.4871],[-90.5671,30.65],[-90.9107,30.6494],[-90.8488,30.7195],[-91.2523,30.7051],[-91.2936,30.655],[-91.3652,30.5884],[-91.3985,30.5688],[-91.4151,30.5402],[-91.4148,30.5115],[-91.4817,30.511],[-91.5835,30.4826],[-91.5834,30.497],[-91.7013,30.4977]]]},"properties":{"district_code":"LA-06","state_code":"LA","state_name":"Louisiana","district_number":"06","label":"Louisiana — District 6"}},{"type":"Feature","geometry":{"type":"Polygon","coordinates":[[[-83.0638,40.1383],[-83.0554,40.1037],[-83.0915,40.1019],[-83.0965,40.054],[-83.0862,40.0083],[-83.0567,39.9769],[-82.9987,39.972],[-82.9664,39.9259],[-82.8707,39.915],[-82.8601,39.9347],[-82.8115,39.9321],[-82.7825,39.9397],[-82.7738,39.9761],[-82.7618,40.1259],[-82.8841,40.1312],[-83.0638,40.1383]]]},"properties":{"district_code":"OH-03","state_code":"OH","state_name":"Ohio","district_number":"03","label":"Ohio — District 3"}},{"type":"Feature","geometry":{"type":"Polygon","coordinates":[[[-94.6072,39.0897],[-94.6467,39.075],[-94.6797,39.0998],[-94.71,39.0933],[-94.7394,39.1063],[-94.8163,39.1018],[-94.8537,39.1158],[-94.9085,39.116],[-94.9088,38.9914],[-94.9483,38.9842],[-95.0218,38.9996],[-95.0563,38.9821],[-95.0564,38.7386],[-95.5007,38.7388],[-95.509,38.659],[-95.5075,38.2592],[-95.5168,38.2593],[-95.519,38.0382],[-95.0779,38.0377],[-95.0755,38.2587],[-95.0651,38.2586],[-95.0658,38.3899],[-94.6133,38.3887],[-94.6119,38.6205],[-94.608,38.8472],[-94.6072,39.0897]]]},"properties":{"district_code":"KS-03","state_code":"KS","state_name":"Kansas","district_number":"03","label":"Kansas — District 3"}},{"type":"Feature","geometry":{"type":"MultiPolygon","coordinates":[[[[-97.3259,26.5608],[-97.286,26.5472],[-97.2561,26.4973],[-97.2415,26.4083],[-97.2179,26.3873],[-97.2719,26.5599],[-97.3259,26.5608]]],[[[-97.2682,27.576],[-97.3043,27.5073],[-97.3075,27.4811],[-97.3304,27.4345],[-97.3363,27.4027],[-97.3618,27.3591],[-97.371,27.2988],[-97.3612,27.2726],[-97.3825,27.2462],[-97.3793,27.2096],[-97.3945,27.124],[-97.3859,27.0847],[-97.3935,26.9713],[-97.3869,26.9572],[-97.3984,26.8679],[-97.3909,26.8164],[-97.329,26.6468],[-97.3031,26.5933],[-97.2875,26.5834],[-97.3376,26.7533],[-97.3636,26.866],[-97.3761,26.9604],[-97.3769,27.1026],[-97.3572,27.2407],[-97.3189,27.3698],[-97.2751,27.4754],[-97.2227,27.5765],[-97.2682,27.576]]],[[[-97.9421,27.6359],[-98.0598,27.6359],[-98.0581,27.261],[-97.9861,27.2605],[-97.9859,26.9988],[-97.9853,26.6158],[-97.9574,26.6118],[-97.9688,26.5514],[-97.9844,26.5366],[-98.0042,26.4488],[-97.9083,26.4349],[-97.8622,26.4336],[-97.8619,26.3482],[-97.9307,26.3583],[-97.937,26.3213],[-98.0142,26.3326],[-98.0134,26.2964],[-98.1009,26.292],[-98.1547,26.3003],[-98.1586,26.2453],[-98.212,26.2527],[-98.199,26.2289],[-98.1635,26.2166],[-98.1797,26.121],[-98.1469,26.1165],[-98.1371,26.1739],[-98.1079,26.2015],[-98.0656,26.1582],[-98.0763,26.0669],[-98.0392,26.0413],[-98.0013,26.065],[-97.9674,26.0517],[-97.8874,26.0667],[-97.8496,26.0521],[-97.8003,26.0594],[-97.7777,26.0294],[-97.7025,26.0312],[-97.6456,26.0068],[-97.6083,25.9766],[-97.5807,25.9389],[-97.5458,25.9329],[-97.5198,25.886],[-97.4582,25.8843],[-97.443,25.8481],[-97.3729,25.8401],[-97.3591,25.872],[-97.366,25.9024],[-97.3483,25.9311],[-97.3249,25.924],[-97.2772,25.9354],[-97.2254,25.9591],[-97.1473,25.9533],[-97.1532,26.0389],[-97.165,26.0639],[-97.1957,26.0466],[-97.208,26.0796],[-97.247,26.0804],[-97.2798,26.0921],[-97.2853,26.1274],[-97.3031,26.1708],[-97.2948,26.1923],[-97.3167,26.224],[-97.2812,26.2805],[-97.297,26.2961],[-97.3805,26.4806],[-97.4068,26.4995],[-97.421,26.5355],[-97.4449,26.6335],[-97.4647,26.6942],[-97.4786,26.8067],[-97.4603,26.8473],[-97.4441,26.9872],[-97.4344,27.1451],[-97.4416,27.1638],[-97.4223,27.2577],[-97.4382,27.2638],[-97.5296,27.2292],[-97.5969,27.2431],[-97.6311,27.2422],[-97.6473,27.2764],[-97.692,27.3337],[-97.7088,27.3856],[-97.6798,27.3762],[-97.6682,27.3457],[-97.635,27.2987],[-97.6072,27.287],[-97.5337,27.34],[-97.4979,27.3722],[-97.4815,27.3405],[-97.5175,27.305],[-97.4829,27.2979],[-97.4144,27.3216],[-97.3694,27.4104],[-97.3676,27.4433],[-97.3246,27.5611],[-97.839,27.5588],[-97.8738,27.5877],[-97.8909,27.6212],[-97.9421,27.6359]]]]},"properties":{"district_code":"TX-34","state_code":"TX","state_name":"Texas","district_number":"34","label":"Texas — District 34"}},{"type":"Feature","geometry":{"type":"Polygon","coordinates":[[[-98.5549,29.5483],[-98.5761,29.5644],[-98.6084,29.6205],[-98.6674,29.5536],[-98.6339,29.5444],[-98.6295,29.5196],[-98.6689,29.519],[-98.7475,29.5366],[-98.7831,29.4865],[-98.7302,29.4843],[-98.7579,29.4607],[-98.7375,29.4296],[-98.7286,29.386],[-98.7166,29.3782],[-98.6026,29.4072],[-98.5624,29.3988],[-98.5508,29.3852],[-98.576,29.3587],[-98.6135,29.377],[-98.6465,29.3606],[-98.6075,29.3166],[-98.5013,29.3196],[-98.504,29.3657],[-98.4903,29.3953],[-98.5394,29.4024],[-98.5392,29.4571],[-98.49,29.4843],[-98.4784,29.5203],[-98.5322,29.519],[-98.5549,29.5483]]]},"properties":{"district_code":"TX-20","state_code":"TX","state_name":"Texas","district_number":"20","label":"Texas — District 20"}},{"type":"Feature","geometry":{"type":"Polygon","coordinates":[[[-74.3947,40.601],[-74.4551,40.596],[-74.4597,40.5816],[-74.5198,40.5556],[-74.4604,40.4776],[-74.4017,40.4798],[-74.3635,40.4464],[-74.356,40.4235],[-74.3136,40.4506],[-74.2617,40.4123],[-74.2621,40.3954],[-74.2088,40.3818],[-74.2091,40.405],[-74.1332,40.4269],[-74.0431,40.4116],[-74.0117,40.3823],[-74.0589,40.372],[-74.083,40.339],[-74.0511,40.315],[-74.008,40.2399],[-74.0273,40.2249],[-74.0774,40.2344],[-74.0818,40.2039],[-74.0417,40.1815],[-74.008,40.1956],[-73.9774,40.2994],[-73.9718,40.3543],[-73.9763,40.406],[-74.0479,40.4189],[-74.1353,40.4554],[-74.1939,40.441],[-74.2619,40.4647],[-74.2727,40.4884],[-74.2492,40.5233],[-74.2546,40.5486],[-74.2145,40.565],[-74.2052,40.5939],[-74.2125,40.6028],[-74.2908,40.592],[-74.3029,40.6087],[-74.3947,40.601]]]},"properties":{"district_code":"NJ-06","state_code":"NJ","state_name":"New Jersey","district_number":"06","label":"New Jersey — District 6"}},{"type":"Feature","geometry":{"type":"Polygon","coordinates":[[[-88.7156,42.0664],[-88.7147,41.98],[-88.9419,41.9789],[-88.9416,41.7261],[-88.9387,41.6283],[-89.1672,41.6287],[-89.1665,41.4958],[-89.3937,41.4949],[-89.3935,41.2647],[-89.3484,41.261],[-89.3214,41.2278],[-89.3089,41.1914],[-89.1626,41.1923],[-89.1628,41.2214],[-89.0668,41.2213],[-89.0487,41.2267],[-89.0486,41.2786],[-88.817,41.2812],[-88.8173,41.3286],[-88.8055,41.3407],[-88.7407,41.3314],[-88.6296,41.3016],[-88.59,41.3035],[-88.596,41.4571],[-88.2522,41.4628],[-88.1384,41.4647],[-88.1349,41.3782],[-88.019,41.3804],[-88.0258,41.5833],[-88.0646,41.597],[-88.0603,41.6369],[-88.0277,41.6415],[-88.0284,41.6635],[-88.0553,41.6554],[-88.1248,41.6523],[-88.1448,41.6311],[-88.1482,41.7261],[-88.262,41.7247],[-88.2621,41.7604],[-88.3281,41.7463],[-88.3757,41.7444],[-88.3761,41.8099],[-88.6026,41.8068],[-88.6016,42.0179],[-88.6813,42.038],[-88.6839,42.0665],[-88.7156,42.0664]]]},"properties":{"district_code":"IL-14","state_code":"IL","state_name":"Illinois","district_number":"14","label":"Illinois — District 14"}},{"type":"Feature","geometry":{"type":"Polygon","coordinates":[[[-75.7564,43.4704],[-75.8146,43.4836],[-75.8868,43.325],[-75.8629,43.3192],[-75.8748,43.2325],[-76.0045,43.2457],[-76.0593,43.2427],[-76.072,43.2147],[-76.169,43.2467],[-76.2106,43.244],[-76.2025,43.2223],[-76.2244,43.205],[-76.3075,43.2308],[-76.4792,43.2275],[-76.4718,43.105],[-76.4993,43.0972],[-76.4919,43.005],[-76.463,43.0063],[-76.4507,42.8458],[-76.357,42.8494],[-76.3058,42.8133],[-76.2747,42.7713],[-76.0802,42.78],[-75.8961,42.791],[-75.8898,42.7238],[-75.4287,42.7454],[-75.428,42.7381],[-75.2959,42.7441],[-75.2519,42.784],[-75.2427,42.8779],[-75.2014,42.8807],[-75.2191,43.0525],[-75.1587,43.1175],[-75.0692,43.2273],[-75.1624,43.2585],[-75.147,43.3039],[-75.1073,43.3119],[-75.0766,43.3307],[-75.1102,43.6152],[-75.5334,43.4198],[-75.7564,43.4704]]]},"properties":{"district_code":"NY-22","state_code":"NY","state_name":"New York","district_number":"22","label":"New York — District 22"}},{"type":"Feature","geometry":{"type":"Polygon","coordinates":[[[-73.9065,40.7571],[-73.9054,40.7129],[-73.8567,40.7077],[-73.7776,40.7302],[-73.7567,40.7262],[-73.7344,40.7436],[-73.7592,40.7643],[-73.801,40.7615],[-73.8262,40.7799],[-73.8658,40.7366],[-73.9065,40.7571]]]},"properties":{"district_code":"NY-06","state_code":"NY","state_name":"New York","district_number":"06","label":"New York — District 6"}},{"type":"Feature","geometry":{"type":"Polygon","coordinates":[[[-117.4927,33.5577],[-117.5102,33.534],[-117.5097,33.505],[-117.3643,33.505],[-117.3709,33.4905],[-117.2417,33.4489],[-117.2389,33.4131],[-117.2558,33.4022],[-117.2624,33.3157],[-117.2421,33.3],[-117.245,33.2671],[-117.2023,33.253],[-117.1562,33.2529],[-117.1259,33.1972],[-117.1081,33.2107],[-117.0838,33.19],[-117.1347,33.1756],[-117.1096,33.1465],[-117.102,33.1131],[-117.0441,33.135],[-116.9985,33.1348],[-116.9939,33.1091],[-116.9634,33.1057],[-116.9716,33.0801],[-117.0383,33.0496],[-117.0664,32.9873],[-117.0666,32.9277],[-117.0375,32.9273],[-117.0012,32.9444],[-116.9893,32.905],[-117.0233,32.8392],[-116.964,32.8296],[-116.9379,32.8087],[-116.9217,32.7798],[-116.9915,32.7771],[-117.003,32.751],[-116.9578,32.7456],[-116.9406,32.7334],[-116.9613,32.7043],[-117.0131,32.6902],[-117.0164,32.6749],[-116.9366,32.6652],[-116.9239,32.5821],[-116.8613,32.5717],[-116.8532,32.5578],[-116.627,32.5763],[-116.1062,32.6186],[-116.1037,32.7871],[-116.1033,33.0747],[-116.0811,33.0748],[-116.0852,33.4259],[-116.1976,33.4289],[-116.5184,33.4269],[-116.623,33.4273],[-116.634,33.4419],[-116.6311,33.4969],[-116.6925,33.4972],[-116.7362,33.4905],[-116.7889,33.4673],[-116.8187,33.4844],[-116.7878,33.501],[-116.788,33.5405],[-116.8492,33.5326],[-116.8611,33.514],[-116.9459,33.5175],[-116.946,33.5579],[-116.9888,33.5916],[-117.0148,33.5648],[-117.0795,33.5845],[-117.1365,33.5689],[-117.1185,33.598],[-117.1542,33.5979],[-117.1711,33.6123],[-117.2063,33.603],[-117.2448,33.5763],[-117.3435,33.591],[-117.3562,33.5474],[-117.3952,33.5507],[-117.3924,33.5894],[-117.4244,33.6173],[-117.4579,33.6022],[-117.4927,33.5577]]]},"properties":{"district_code":"CA-48","state_code":"CA","state_name":"California","district_number":"48","label":"California — District 48"}},{"type":"Feature","geometry":{"type":"Polygon","coordinates":[[[-100.2122,28.1968],[-100.1579,28.1675],[-100.1411,28.1681],[-100.0834,28.144],[-100.0531,28.0847],[-100.0179,28.0648],[-100.0074,28.0209],[-99.9898,27.9929],[-99.9318,27.981],[-99.9385,27.9541],[-99.8941,27.893],[-99.9015,27.8642],[-99.882,27.8504],[-99.878,27.8007],[-99.8509,27.794],[-99.8351,27.7629],[-99.8131,27.774],[-99.8017,27.7418],[-99.7707,27.7321],[-99.7215,27.6662],[-99.7046,27.655],[-99.6689,27.66],[-99.6659,27.636],[-99.6389,27.6268],[-99.6035,27.642],[-99.5781,27.6192],[-99.5419,27.606],[-99.5111,27.5645],[-99.5283,27.4989],[-99.4968,27.5001],[-99.4793,27.4786],[-99.4951,27.4515],[-99.4875,27.4124],[-99.5044,27.3399],[-99.5378,27.3176],[-99.4946,27.3035],[-99.4966,27.2717],[-99.4633,27.2684],[-99.4415,27.2499],[-99.4263,27.1763],[-99.438,27.1541],[-99.4306,27.1266],[-99.4418,27.1054],[-99.4345,27.0785],[-99.4523,27.0627],[-99.4461,27.0233],[-99.4155,27.0172],[-99.3773,26.9738],[-99.3883,26.9442],[-99.3373,26.9228],[-99.3218,26.9068],[-99.3289,26.8798],[-99.2686,26.8432],[-99.2424,26.7883],[-99.24,26.7459],[-99.2089,26.7248],[-99.2005,26.6564],[-99.1781,26.6205],[-99.1667,26.5361],[-99.1278,26.5252],[-99.0916,26.477],[-99.1109,26.4263],[-99.082,26.3965],[-99.0372,26.4138],[-99.0116,26.3925],[-98.9752,26.4011],[-98.9561,26.3776],[-98.9032,26.372],[-98.8967,26.3533],[-98.8274,26.3691],[-98.7982,26.3602],[-98.7898,26.3316],[-98.7566,26.331],[-98.7182,26.2873],[-98.6542,26.236],[-98.5865,26.2575],[-98.4858,26.4578],[-98.4289,26.5652],[-98.3207,26.7831],[-98.4226,26.7835],[-98.4179,27.0553],[-98.4665,27.0547],[-98.4673,27.142],[-98.4929,27.1421],[-98.4929,27.235],[-98.5366,27.2652],[-98.2325,27.2625],[-98.2332,27.5009],[-98.2348,27.8696],[-98.2355,28.058],[-98.3343,28.0578],[-98.3343,28.4481],[-98.335,28.6127],[-98.0983,28.7869],[-98.1844,28.8753],[-98.4073,29.1144],[-98.2959,29.2474],[-98.1372,29.4404],[-98.0736,29.4377],[-98.0735,29.4655],[-98.043,29.487],[-98.0723,29.5406],[-98.0239,29.5666],[-98.0714,29.6659],[-98.0909,29.6832],[-98.2021,29.6362],[-98.3109,29.5945],[-98.3484,29.5552],[-98.318,29.5159],[-98.2885,29.5038],[-98.2453,29.5209],[-98.2237,29.4881],[-98.3902,29.4359],[-98.3894,29.4234],[-98.4792,29.4264],[-98.4903,29.3953],[-98.504,29.3657],[-98.5013,29.3196],[-98.5028,29.2907],[-98.4725,29.2499],[-98.484,29.1407],[-98.8048,29.2507],[-98.8046,29.0014],[-98.8008,28.6475],[-98.8012,28.2503],[-98.8033,28.0575],[-98.9663,28.0514],[-99.3889,28.0304],[-99.3942,28.2046],[-99.8747,28.1998],[-100.2122,28.1968]]]},"properties":{"district_code":"TX-28","state_code":"TX","state_name":"Texas","district_number":"28","label":"Texas — District 28"}},{"type":"Feature","geometry":{"type":"Polygon","coordinates":[[[-84.0977,34.0507],[-84.1436,34.0554],[-84.177,34.0696],[-84.2083,34.0689],[-84.2641,34.0385],[-84.2934,33.9979],[-84.2771,33.9576],[-84.2598,33.9189],[-84.2013,33.8719],[-84.1584,33.8536],[-84.0759,33.7775],[-84.0237,33.7528],[-83.982,33.7861],[-83.7991,33.9298],[-83.8649,34.0135],[-83.9061,34.0149],[-83.9209,33.9908],[-84.0606,33.9605],[-84.0964,34.0173],[-84.0977,34.0507]]]},"properties":{"district_code":"GA-07","state_code":"GA","state_name":"Georgia","district_number":"07","label":"Georgia — District 7"}},{"type":"Feature","geometry":{"type":"Polygon","coordinates":[[[-82.6428,27.3897],[-82.5692,27.2986],[-82.564,27.2699],[-82.5451,27.261],[-82.522,27.2284],[-82.477,27.1412],[-82.4457,27.0606],[-82.3425,26.8947],[-82.2825,26.816],[-82.2721,26.7895],[-82.2224,26.782],[-82.201,26.7708],[-82.1722,26.7699],[-82.1451,26.7888],[-82.1534,26.854],[-82.1812,26.9214],[-82.1741,26.9417],[-82.1414,26.9239],[-82.1155,26.9511],[-82.0662,26.9544],[-82.0538,26.9398],[-82.0971,26.9145],[-82.0867,26.8885],[-82.0511,26.865],[-82.051,26.7919],[-82.0599,26.7704],[-81.9313,26.7701],[-81.9067,26.7253],[-81.8998,26.678],[-81.8821,26.657],[-81.8404,26.6891],[-81.8245,26.6634],[-81.7899,26.6563],[-81.7666,26.6272],[-81.7271,26.6167],[-81.6824,26.6171],[-81.6783,26.5664],[-81.6117,26.5424],[-81.5642,26.5425],[-81.5665,26.7095],[-81.5626,27.0338],[-81.9832,27.0353],[-82.0575,27.0321],[-82.0565,27.2078],[-82.2536,27.2089],[-82.2523,27.3862],[-82.4471,27.3861],[-82.6428,27.3897]]]},"properties":{"district_code":"FL-17","state_code":"FL","state_name":"Florida","district_number":"17","label":"Florida — District 17"}},{"type":"Feature","geometry":{"type":"Polygon","coordinates":[[[-87.5317,39.4771],[-87.5316,39.3481],[-87.5891,39.3338],[-87.6059,39.3111],[-87.6056,39.2624],[-87.5807,39.2552],[-87.5746,39.2184],[-87.6587,39.136],[-87.6528,39.1068],[-87.6184,39.1043],[-87.5726,39.0573],[-87.5765,38.9867],[-87.5295,38.9719],[-87.5166,38.933],[-87.5443,38.889],[-87.5259,38.8488],[-87.5273,38.8181],[-87.4959,38.7854],[-87.5053,38.735],[-87.5312,38.684],[-87.5972,38.6653],[-87.6273,38.6054],[-87.6229,38.5862],[-87.6692,38.5417],[-87.6724,38.5074],[-87.714,38.4799],[-87.7453,38.409],[-87.7831,38.3689],[-87.8061,38.3631],[-87.832,38.327],[-87.8434,38.2782],[-87.8878,38.2853],[-87.9068,38.2696],[-87.9336,38.2959],[-87.9503,38.2768],[-87.9602,38.2371],[-87.984,38.2091],[-87.9699,38.1918],[-87.9106,38.1666],[-87.9455,38.1266],[-88.0167,38.0973],[-88.0047,38.084],[-87.9605,38.0991],[-87.9672,38.0671],[-88.0341,38.032],[-88.0126,37.9771],[-88.0368,37.9568],[-88.0134,37.8949],[-88.095,37.8937],[-88.0594,37.8487],[-88.0333,37.8419],[-88.028,37.7992],[-88.0151,37.8019],[-87.9445,37.7753],[-87.9068,37.8076],[-87.9149,37.8496],[-87.9384,37.8908],[-87.9048,37.9249],[-87.8725,37.921],[-87.8298,37.8764],[-87.7864,37.8766],[-87.7626,37.8907],[-87.6668,37.8958],[-87.6816,37.8559],[-87.6724,37.8291],[-87.6154,37.832],[-87.5903,37.8586],[-87.5871,37.8849],[-87.6279,37.9223],[-87.6056,37.9501],[-87.5721,37.9466],[-87.5513,37.9254],[-87.5115,37.9064],[-87.4378,37.9442],[-87.3854,37.9377],[-87.3449,37.9112],[-87.3029,37.8977],[-87.2203,37.8491],[-87.1647,37.8414],[-87.1296,37.7866],[-87.096,37.7853],[-87.0697,37.8015],[-87.0433,37.8686],[-87.0452,37.8943],[-86.979,37.9302],[-86.9258,37.9351],[-86.902,37.9464],[-86.856,37.9873],[-86.8235,37.9989],[-86.7955,37.9895],[-86.751,37.9129],[-86.7185,37.8931],[-86.686,37.9131],[-86.6448,37.8948],[-86.6625,37.857],[-86.6383,37.8427],[-86.5981,37.8674],[-86.5998,37.9068],[-86.5886,37.9212],[-86.5342,37.917],[-86.507,37.9364],[-86.5252,37.9682],[-86.525,38.0279],[-86.5173,38.0426],[-86.4522,38.0505],[-86.434,38.0868],[-86.4661,38.1144],[-86.4295,38.1253],[-86.4051,38.1058],[-86.3753,38.1306],[-86.3406,38.1277],[-86.328,38.1548],[-86.3661,38.1615],[-86.3738,38.1934],[-86.3297,38.1817],[-86.277,38.2271],[-86.2748,38.28],[-86.265,38.2959],[-86.2764,38.3403],[-86.2517,38.4061],[-86.255,38.4227],[-86.3087,38.4229],[-86.3087,38.6881],[-86.6831,38.6866],[-86.6823,38.9924],[-86.6856,39.336],[-86.6495,39.3555],[-86.6308,39.3469],[-86.6322,39.4702],[-87.0145,39.4736],[-87.0095,39.8667],[-87.0915,39.8673],[-87.0915,40.039],[-87.1582,40.0395],[-87.2054,40.0538],[-87.2239,40.1121],[-87.2054,40.128],[-87.2051,40.1857],[-87.3389,40.1864],[-87.394,40.1805],[-87.4173,40.1592],[-87.4067,40.1275],[-87.4904,40.1274],[-87.4905,40.1484],[-87.5315,40.1481],[-87.5322,40.0588],[-87.5333,39.872],[-87.5317,39.4771]]]},"properties":{"district_code":"IN-08","state_code":"IN","state_name":"Indiana","district_number":"08","label":"Indiana — District 8"}},{"type":"Feature","geometry":{"type":"Polygon","coordinates":[[[-77.6506,37.2651],[-77.6613,37.2407],[-77.6852,37.2358],[-77.7477,37.1927],[-77.7952,37.1951],[-77.8064,37.1757],[-77.8554,37.1642],[-77.9003,37.1439],[-77.8913,37.0001],[-77.9205,36.9827],[-77.9681,36.9873],[-78.0036,37.0228],[-78.0334,36.7085],[-78.0462,36.5442],[-77.4744,36.545],[-77.103,36.5445],[-77.058,36.5572],[-77.0994,36.6022],[-77.0457,36.6165],[-77.0529,36.6414],[-77.0827,36.635],[-77.0759,36.6941],[-77.0811,36.7229],[-77.0638,36.7338],[-77.0459,36.7743],[-77.0115,36.7951],[-76.9708,36.7851],[-76.9456,36.8313],[-76.9714,36.8331],[-77.0096,36.8856],[-76.9701,36.8885],[-77.0021,36.9207],[-76.8376,37.0022],[-76.7118,37.0554],[-76.7012,37.0662],[-76.6716,37.1421],[-76.6638,37.1739],[-76.6866,37.1973],[-76.7153,37.148],[-76.7476,37.1505],[-76.7619,37.1681],[-76.8185,37.2053],[-76.8657,37.209],[-76.9025,37.1998],[-76.9178,37.2343],[-76.8752,37.2608],[-76.8816,37.2855],[-76.8735,37.3634],[-76.9179,37.3843],[-76.9431,37.4104],[-77.0076,37.4137],[-77.0267,37.429],[-77.0959,37.4403],[-77.1269,37.4716],[-77.1616,37.4765],[-77.2318,37.5396],[-77.3059,37.561],[-77.4087,37.6147],[-77.4334,37.645],[-77.4519,37.6362],[-77.4897,37.6595],[-77.5407,37.6328],[-77.5115,37.5955],[-77.5955,37.5558],[-77.5928,37.5337],[-77.5525,37.5418],[-77.5372,37.5131],[-77.5547,37.5036],[-77.6238,37.4284],[-77.5913,37.4114],[-77.5895,37.3851],[-77.6304,37.3371],[-77.5763,37.3159],[-77.557,37.2501],[-77.584,37.2461],[-77.6133,37.2709],[-77.6506,37.2651]]]},"properties":{"district_code":"VA-04","state_code":"VA","state_name":"Virginia","district_number":"04","label":"Virginia — District 4"}},{"type":"Feature","geometry":{"type":"Polygon","coordinates":[[[-80.6797,27.5587],[-80.6774,27.1216],[-80.8856,26.9589],[-80.5802,26.9579],[-80.5632,26.9282],[-80.4116,26.7947],[-80.3627,26.7411],[-80.3633,26.7104],[-80.3112,26.7089],[-80.308,26.7377],[-80.2158,26.7357],[-80.2009,26.7093],[-80.1004,26.7067],[-80.1025,26.7358],[-80.1343,26.7517],[-80.1317,26.7954],[-80.0938,26.7706],[-80.0851,26.8082],[-80.0434,26.8045],[-80.0494,26.7693],[-80.0358,26.7731],[-80.0314,26.7963],[-80.0463,26.8592],[-80.0939,27.0186],[-80.1337,27.1019],[-80.1576,27.1631],[-80.1615,27.1928],[-80.1931,27.2495],[-80.2335,27.3413],[-80.2615,27.3944],[-80.2906,27.4665],[-80.3215,27.557],[-80.6797,27.5587]]]},"properties":{"district_code":"FL-21","state_code":"FL","state_name":"Florida","district_number":"21","label":"Florida — District 21"}},{"type":"Feature","geometry":{"type":"Polygon","coordinates":[[[-83.977,39.5694],[-84.0075,39.2551],[-84.2594,39.2709],[-84.32,39.2234],[-84.2764,39.2039],[-84.2994,39.1739],[-84.3199,39.0221],[-84.3047,39.0065],[-84.2882,38.9558],[-84.2345,38.8932],[-84.2302,38.8265],[-84.2129,38.8057],[-84.1559,38.7949],[-84.0715,38.7705],[-83.9788,38.7871],[-83.859,38.7568],[-83.8406,38.7219],[-83.7836,38.6956],[-83.7722,38.6582],[-83.6714,38.6274],[-83.6483,38.6319],[-83.6269,38.6794],[-83.521,38.703],[-83.4681,38.6755],[-83.3667,38.6585],[-83.3224,38.6306],[-83.2942,38.5966],[-83.2457,38.6286],[-83.2037,38.6167],[-83.1538,38.6188],[-83.1027,38.6773],[-83.0531,38.6958],[-83.033,38.7238],[-82.9794,38.726],[-82.8942,38.7566],[-82.8699,38.7282],[-82.8776,38.6902],[-82.8633,38.6693],[-82.8472,38.5952],[-82.8001,38.5632],[-82.7248,38.5576],[-82.69,38.5359],[-82.6655,38.5057],[-82.6138,38.4745],[-82.5935,38.4218],[-82.5716,38.4051],[-82.5296,38.4052],[-82.4049,38.4393],[-82.3897,38.4344],[-82.324,38.4493],[-82.3042,38.4963],[-82.2913,38.579],[-82.2743,38.5937],[-82.1888,38.595],[-82.1721,38.626],[-82.1909,38.6804],[-82.1825,38.7088],[-82.2173,38.7957],[-82.1449,38.8405],[-82.1432,38.8981],[-82.1117,38.9326],[-82.0891,38.976],[-82.0516,38.9944],[-82.0377,39.0239],[-81.995,39.0225],[-81.9775,38.9927],[-81.9332,38.9877],[-81.9006,38.9377],[-81.9267,38.9013],[-81.8892,38.8743],[-81.8487,38.9014],[-81.8445,38.9287],[-81.8142,38.9462],[-81.7856,38.9262],[-81.7561,38.9335],[-81.7818,38.9649],[-81.7643,39.0153],[-81.8117,39.0596],[-81.8079,39.084],[-81.7756,39.0784],[-81.7473,39.0954],[-81.7446,39.1484],[-81.7558,39.1805],[-82.0493,39.1923],[-82.2686,39.2038],[-82.2602,39.2929],[-82.2985,39.295],[-82.2804,39.4729],[-82.1674,39.4663],[-82.1592,39.5566],[-82.2636,39.5621],[-82.262,39.5906],[-82.3799,39.5967],[-82.3745,39.655],[-82.4903,39.6617],[-82.4961,39.6028],[-82.6175,39.6086],[-82.6201,39.564],[-82.7303,39.5691],[-82.7315,39.5544],[-82.843,39.5615],[-82.8243,39.795],[-83.0376,39.8056],[-83.2437,39.8125],[-83.2667,39.5162],[-83.3727,39.3774],[-83.3803,39.4185],[-83.4316,39.4636],[-83.4895,39.4603],[-83.5104,39.4407],[-83.5878,39.4147],[-83.5763,39.5445],[-83.6702,39.5503],[-83.977,39.5694]]]},"properties":{"district_code":"OH-02","state_code":"OH","state_name":"Ohio","district_number":"02","label":"Ohio — District 2"}},{"type":"Feature","geometry":{"type":"Polygon","coordinates":[[[-97.1775,32.794],[-97.1934,32.7817],[-97.2588,32.7669],[-97.2935,32.788],[-97.2905,32.8098],[-97.3315,32.8249],[-97.3473,32.8424],[-97.3991,32.8196],[-97.3911,32.7919],[-97.3679,32.7659],[-97.3373,32.7837],[-97.3089,32.7697],[-97.3029,32.7439],[-97.3316,32.7331],[-97.3734,32.6819],[-97.3526,32.6673],[-97.3208,32.6668],[-97.3199,32.6057],[-97.2528,32.631],[-97.2367,32.6976],[-97.2072,32.7277],[-97.18,32.7306],[-97.1486,32.7721],[-97.1049,32.7898],[-97.0349,32.7799],[-97.0342,32.8167],[-97.008,32.8161],[-97.0016,32.8569],[-96.9752,32.8555],[-96.9589,32.896],[-96.9115,32.8957],[-96.8879,32.8517],[-96.9057,32.8162],[-96.9499,32.8149],[-96.9261,32.7821],[-96.9945,32.7778],[-96.9981,32.7423],[-97.0626,32.7357],[-97.0805,32.6915],[-97.0626,32.7061],[-96.9942,32.7095],[-96.9697,32.6944],[-96.9435,32.7208],[-96.8828,32.7058],[-96.8146,32.7075],[-96.8103,32.7588],[-96.8736,32.8142],[-96.8416,32.8302],[-96.8541,32.8601],[-96.856,32.9181],[-96.9013,32.9262],[-96.9377,32.9159],[-96.9425,32.9462],[-96.9692,32.9547],[-96.9938,32.9232],[-96.9587,32.9157],[-96.9982,32.8874],[-97.0213,32.8569],[-97.0221,32.8369],[-97.0995,32.8088],[-97.1691,32.8021],[-97.1775,32.794]]]},"properties":{"district_code":"TX-33","state_code":"TX","state_name":"Texas","district_number":"33","label":"Texas — District 33"}},{"type":"Feature","geometry":{"type":"Polygon","coordinates":[[[-84.7675,33.7869],[-84.781,33.75],[-84.7768,33.7232],[-84.7492,33.6883],[-84.7663,33.6466],[-84.7529,33.6279],[-84.8057,33.5864],[-84.8323,33.5453],[-84.8152,33.5247],[-84.7506,33.5108],[-84.621,33.5107],[-84.5573,33.5148],[-84.509,33.493],[-84.4946,33.4639],[-84.4645,33.484],[-84.4208,33.4614],[-84.3871,33.4007],[-84.3881,33.3525],[-84.3544,33.3525],[-84.3536,33.4362],[-84.2727,33.4357],[-84.2034,33.4519],[-84.2171,33.4823],[-84.1442,33.4912],[-84.1389,33.5332],[-84.0991,33.5319],[-84.0975,33.56],[-84.1248,33.5612],[-84.1841,33.6462],[-84.2669,33.6472],[-84.3359,33.6479],[-84.3416,33.6237],[-84.3867,33.5935],[-84.4582,33.5944],[-84.468,33.649],[-84.5259,33.6569],[-84.5456,33.6808],[-84.5411,33.7335],[-84.5724,33.7463],[-84.4804,33.8175],[-84.5106,33.84],[-84.5195,33.8766],[-84.5371,33.8909],[-84.604,33.9053],[-84.6309,33.8677],[-84.6088,33.8473],[-84.6108,33.8048],[-84.7241,33.8064],[-84.7241,33.7886],[-84.7675,33.7869]]]},"properties":{"district_code":"GA-13","state_code":"GA","state_name":"Georgia","district_number":"13","label":"Georgia — District 13"}},{"type":"Feature","geometry":{"type":"Polygon","coordinates":[[[-118.2897,34.3948],[-118.3106,34.3301],[-118.2784,34.3268],[-118.27,34.308],[-118.2995,34.2861],[-118.3708,34.2821],[-118.4019,34.2647],[-118.363,34.2068],[-118.3617,34.1434],[-118.3958,34.0911],[-118.3762,34.0596],[-118.323,34.0547],[-118.3091,34.0835],[-118.2562,34.0678],[-118.2415,34.081],[-118.2533,34.1244],[-118.2286,34.1459],[-118.1806,34.1412],[-118.1556,34.1494],[-118.1596,34.179],[-118.1964,34.1799],[-118.2488,34.2222],[-118.2385,34.2671],[-118.188,34.2936],[-118.1897,34.3807],[-118.2144,34.4233],[-118.2536,34.423],[-118.2726,34.4376],[-118.2897,34.3948]]]},"properties":{"district_code":"CA-30","state_code":"CA","state_name":"California","district_number":"30","label":"California — District 30"}},{"type":"Feature","geometry":{"type":"Polygon","coordinates":[[[-88.4716,42.4947],[-88.4723,42.3705],[-88.3844,42.371],[-88.3561,42.3566],[-88.268,42.3681],[-88.2608,42.3441],[-88.1985,42.3432],[-88.1655,42.3289],[-88.1207,42.3284],[-88.1016,42.2626],[-88.0697,42.2663],[-88.0043,42.2407],[-87.9797,42.1972],[-87.9651,42.1943],[-87.9586,42.1389],[-87.9301,42.1098],[-87.8639,42.1058],[-87.8403,42.1165],[-87.7703,42.1234],[-87.7712,42.0797],[-87.691,42.0828],[-87.7362,42.1208],[-87.8018,42.2106],[-87.8286,42.2699],[-87.8348,42.3015],[-87.8258,42.3555],[-87.8033,42.3905],[-87.8021,42.4926],[-88.1153,42.4962],[-88.4716,42.4947]]]},"properties":{"district_code":"IL-10","state_code":"IL","state_name":"Illinois","district_number":"10","label":"Illinois — District 10"}},{"type":"Feature","geometry":{"type":"Polygon","coordinates":[[[-124.2116,41.9985],[-124.2034,41.941],[-124.2196,41.8464],[-124.255,41.7782],[-124.2007,41.7451],[-124.1647,41.7401],[-124.1435,41.7093],[-124.1356,41.6573],[-124.101,41.6025],[-124.1011,41.5692],[-124.082,41.5478],[-124.0814,41.5112],[-124.0631,41.4396],[-124.0723,41.3748],[-124.107,41.2297],[-124.1438,41.1447],[-124.1585,41.143],[-124.1595,41.0736],[-124.1118,41.0269],[-124.1371,40.9257],[-124.1583,40.8761],[-124.2484,40.7352],[-124.3294,40.6164],[-124.387,40.505],[-124.4086,40.4432],[-124.3736,40.3929],[-124.3479,40.3146],[-124.3634,40.261],[-124.2893,40.2032],[-124.2149,40.1609],[-124.1879,40.1305],[-124.1105,40.1038],[-124.0807,40.0661],[-124.0804,40.0321],[-124.0359,40.0133],[-123.98,39.9625],[-123.955,39.9224],[-123.93,39.9097],[-123.9077,39.863],[-123.8538,39.8341],[-123.8398,39.7956],[-123.8381,39.7524],[-123.8247,39.7181],[-123.7942,39.69],[-123.7823,39.6215],[-123.7886,39.6],[-123.7665,39.5528],[-123.8023,39.4869],[-123.8161,39.4446],[-123.8277,39.3484],[-123.8078,39.3289],[-123.7774,39.2372],[-123.7714,39.1942],[-123.7379,39.1627],[-123.6932,39.0577],[-123.6907,39.0213],[-123.7291,38.9567],[-123.728,38.9194],[-123.7104,38.9149],[-123.6598,38.8725],[-123.6474,38.8455],[-123.6053,38.8228],[-123.5418,38.7768],[-123.5148,38.742],[-123.4933,38.7365],[-123.4418,38.6997],[-123.3683,38.6032],[-123.3401,38.5722],[-123.2687,38.5299],[-123.2507,38.5102],[-123.2023,38.4943],[-123.1288,38.4504],[-123.0683,38.3599],[-123.0747,38.3226],[-123.0041,38.297],[-122.9671,38.2496],[-122.9654,38.1871],[-122.9496,38.164],[-122.9609,38.113],[-123.0115,38.0034],[-122.9397,38.0319],[-122.8821,38.0253],[-122.8214,37.9967],[-122.7827,37.9485],[-122.7369,37.9258],[-122.7026,37.8938],[-122.6785,37.9066],[-122.642,37.8975],[-122.549,37.8362],[-122.5045,37.8211],[-122.4785,37.8261],[-122.4784,37.8595],[-122.4586,37.8941],[-122.4864,37.9219],[-122.4903,37.9648],[-122.4628,38.0034],[-122.4978,38.0194],[-122.4838,38.0718],[-122.4988,38.1113],[-122.5446,38.1599],[-122.533,38.173],[-122.5633,38.1993],[-122.5783,38.2516],[-122.6541,38.2942],[-122.6715,38.2807],[-122.7149,38.313],[-122.7591,38.3212],[-122.769,38.3587],[-122.7754,38.4443],[-122.7261,38.4541],[-122.7243,38.4964],[-122.6862,38.4822],[-122.6344,38.487],[-122.6227,38.4535],[-122.56,38.4278],[-122.532,38.4794],[-122.5471,38.5226],[-122.5821,38.5494],[-122.6208,38.5603],[-122.6466,38.5991],[-122.6286,38.6226],[-122.6255,38.6744],[-122.6466,38.7062],[-122.6918,38.7109],[-122.7598,38.8084],[-122.8087,38.8366],[-122.84,38.866],[-122.9114,38.9015],[-122.9489,38.9002],[-122.9777,38.9467],[-122.9866,38.9973],[-123.028,38.9966],[-123.0562,39.0211],[-123.0651,39.0644],[-123.093,39.072],[-123.0781,39.1387],[-123.0778,39.1738],[-123.0458,39.1735],[-123.0127,39.2362],[-123.0197,39.3218],[-123.0377,39.3362],[-123.0379,39.3639],[-123.0751,39.4077],[-123.063,39.4525],[-123.0632,39.5035],[-123.0252,39.5187],[-122.9367,39.5164],[-122.8903,39.529],[-122.8854,39.5801],[-122.8927,39.7089],[-122.9129,39.7087],[-122.9125,39.7482],[-122.9384,39.7481],[-122.9377,39.7982],[-122.9601,39.8452],[-122.95,39.9078],[-122.9205,39.9165],[-122.9269,39.9713],[-122.9517,39.9983],[-122.9528,40.0597],[-122.9732,40.0776],[-122.9611,40.1],[-122.9872,40.1452],[-122.9701,40.1863],[-122.989,40.2501],[-123.0366,40.2613],[-123.0612,40.2778],[-123.0688,40.3322],[-122.9966,40.3964],[-122.9982,40.4182],[-122.9556,40.4212],[-122.9279,40.4471],[-122.8005,40.5112],[-122.7852,40.5409],[-122.7222,40.5753],[-122.6988,40.5693],[-122.7097,40.6312],[-122.752,40.6899],[-122.7224,40.6955],[-122.7067,40.7257],[-122.7199,40.7394],[-122.6582,40.7876],[-122.6658,40.8261],[-122.6395,40.8453],[-122.6261,40.8774],[-122.6005,40.8997],[-122.6128,40.9212],[-122.5985,40.9758],[-122.5692,40.985],[-122.5278,41.0144],[-122.5258,41.063],[-122.5134,41.0882],[-122.4571,41.0966],[-122.4486,41.1182],[-122.454,41.1663],[-122.4988,41.1796],[-122.5226,41.2135],[-122.5123,41.2265],[-122.5133,41.2837],[-122.5043,41.3347],[-122.5358,41.3415],[-122.5517,41.3617],[-122.5852,41.359],[-122.5908,41.3259],[-122.6275,41.332],[-122.6635,41.2916],[-122.712,41.2748],[-122.7253,41.2475],[-122.777,41.2308],[-122.8113,41.2025],[-122.8945,41.2027],[-122.9356,41.1773],[-122.9734,41.1121],[-122.9639,41.0798],[-122.9233,41.072],[-122.8974,41.0292],[-122.9142,40.9981],[-122.935,40.9924],[-122.9646,41.012],[-123.0371,41.0042],[-123.0554,41.0467],[-123.1329,41.0786],[-123.2395,41.0758],[-123.2734,41.1229],[-123.3035,41.1438],[-123.3532,41.1631],[-123.3812,41.1513],[-123.4554,41.2369],[-123.4428,41.2495],[-123.4634,41.3177],[-123.4775,41.3278],[-123.4741,41.3662],[-123.5043,41.3825],[-123.6614,41.3821],[-123.622,41.4326],[-123.6116,41.4616],[-123.6355,41.4813],[-123.6528,41.5394],[-123.6939,41.557],[-123.6813,41.5867],[-123.7191,41.5953],[-123.6799,41.637],[-123.6896,41.6694],[-123.6671,41.6917],[-123.6619,41.726],[-123.6783,41.7385],[-123.69,41.8032],[-123.7037,41.8295],[-123.6507,41.8595],[-123.6422,41.8897],[-123.6139,41.8809],[-123.5924,41.9053],[-123.5654,41.9031],[-123.5333,41.9552],[-123.5378,41.9824],[-123.5179,42.0008],[-123.624,41.9998],[-123.6572,41.9951],[-123.822,41.9956],[-124.2116,41.9985]]]},"properties":{"district_code":"CA-02","state_code":"CA","state_name":"California","district_number":"02","label":"California — District 2"}},{"type":"Feature","geometry":{"type":"Polygon","coordinates":[[[-76.9491,40.6282],[-76.9653,40.587],[-76.9924,40.5679],[-76.9851,40.5163],[-76.953,40.4906],[-76.9528,40.4625],[-77.0032,40.4268],[-77.0292,40.3869],[-76.998,40.3567],[-76.9375,40.3575],[-76.915,40.3285],[-76.9769,40.3099],[-77.0964,40.3004],[-77.1504,40.2913],[-77.3228,40.2707],[-77.3378,40.2246],[-77.3726,40.192],[-77.4217,40.1922],[-77.4581,40.1751],[-77.4182,40.1379],[-77.411,40.1137],[-77.4353,40.099],[-77.4252,40.074],[-77.3537,40.0033],[-77.1856,40.0295],[-77.1374,40.0699],[-77.092,40.0536],[-77.0703,40.0302],[-77.0186,40.0139],[-76.9662,39.9352],[-76.9327,39.967],[-76.9033,39.9543],[-76.9016,39.9164],[-76.934,39.8788],[-76.8905,39.8806],[-76.8611,39.8955],[-76.8363,39.8821],[-76.7794,39.9155],[-76.7476,39.9155],[-76.6603,39.9609],[-76.6161,39.9734],[-76.6661,40.0311],[-76.6638,40.0632],[-76.7216,40.1201],[-76.6956,40.1541],[-76.6441,40.1649],[-76.6065,40.19],[-76.5827,40.191],[-76.5791,40.1949],[-76.5712,40.1944],[-76.5663,40.1966],[-76.5694,40.1955],[-76.5922,40.2543],[-76.6126,40.3082],[-76.6255,40.3393],[-76.678,40.4747],[-76.5354,40.5552],[-76.7016,40.6581],[-76.8643,40.6276],[-76.9255,40.6089],[-76.9491,40.6282]]]},"properties":{"district_code":"PA-10","state_code":"PA","state_name":"Pennsylvania","district_number":"10","label":"Pennsylvania — District 10"}},{"type":"Feature","geometry":{"type":"Polygon","coordinates":[[[-121.4552,46.7838],[-121.4312,46.7419],[-121.3688,46.7262],[-121.3767,46.6865],[-121.4132,46.6759],[-121.4137,46.6487],[-121.3864,46.636],[-121.4246,46.57],[-121.4198,46.5447],[-121.451,46.5339],[-121.3866,46.4106],[-121.3966,46.3882],[-121.5223,46.3882],[-121.5223,46.044],[-121.6122,46.0441],[-121.6125,45.8704],[-121.6092,45.7825],[-121.5381,45.7709],[-121.5237,45.7249],[-121.4412,45.6973],[-121.4017,45.6929],[-121.3378,45.7049],[-121.2873,45.687],[-121.2158,45.6712],[-121.1838,45.6064],[-121.132,45.6098],[-121.0849,45.6479],[-120.944,45.6564],[-120.8956,45.6429],[-120.8557,45.6715],[-120.7889,45.6862],[-120.6894,45.7158],[-120.635,45.7458],[-120.5595,45.7383],[-120.5059,45.7],[-120.4824,45.6944],[-120.404,45.6992],[-120.2822,45.7213],[-120.2108,45.726],[-120.1705,45.762],[-120.0701,45.7852],[-119.9657,45.8244],[-119.9075,45.8281],[-119.8027,45.8475],[-119.7729,45.8456],[-119.6699,45.8569],[-119.6234,45.9056],[-119.5716,45.9255],[-119.5246,45.9086],[-119.3644,45.9216],[-119.2571,45.9399],[-119.1955,45.9279],[-119.1261,45.9329],[-119.0086,45.9793],[-118.9872,45.9998],[-118.9417,46.027],[-118.9423,46.0744],[-118.968,46.1308],[-119.0415,46.1927],[-119.0235,46.2166],[-118.9728,46.2387],[-118.8607,46.2525],[-118.8213,46.286],[-118.9452,46.2844],[-118.9519,46.3142],[-118.9883,46.3001],[-119.0511,46.3002],[-119.0528,46.2853],[-119.1156,46.2927],[-119.1247,46.3174],[-119.1145,46.3726],[-119.1564,46.3871],[-119.2307,46.3858],[-119.2694,46.3703],[-119.2592,46.4357],[-119.2599,46.4966],[-119.2703,46.5213],[-119.3267,46.5632],[-119.3674,46.5827],[-119.4068,46.6197],[-119.413,46.6526],[-119.4532,46.6792],[-119.3692,46.6782],[-119.3694,46.7377],[-119.0808,46.7378],[-119.1342,46.7659],[-119.1361,46.9122],[-118.9827,46.9113],[-118.9798,47.2617],[-118.9769,47.6454],[-118.974,47.9328],[-118.8458,47.9635],[-118.8456,48.1839],[-118.8439,48.4817],[-118.8695,48.4819],[-118.8696,48.6538],[-118.837,48.6539],[-118.8366,49.0003],[-119.4287,49.0003],[-120.0012,48.9994],[-120.3762,49.0007],[-120.8516,49.0003],[-120.8826,48.9685],[-120.8201,48.9411],[-120.7685,48.9545],[-120.7669,48.8764],[-120.7353,48.8644],[-120.7424,48.8221],[-120.7354,48.7865],[-120.6915,48.7479],[-120.6782,48.7178],[-120.7187,48.6745],[-120.7883,48.6251],[-120.7605,48.5828],[-120.6885,48.5757],[-120.7021,48.5316],[-120.6523,48.5369],[-120.6572,48.5073],[-120.6379,48.4735],[-120.6548,48.4532],[-120.6499,48.3981],[-120.6211,48.3988],[-120.5673,48.3755],[-120.5832,48.3191],[-120.5472,48.3067],[-120.5082,48.3103],[-120.4691,48.269],[-120.3923,48.2427],[-120.3829,48.2199],[-120.3463,48.2],[-120.3613,48.1576],[-120.3196,48.1244],[-120.2986,48.1297],[-120.2251,48.0847],[-120.1563,48.0659],[-120.1464,48.0373],[-120.0831,48.0109],[-120.0699,47.971],[-120.0486,47.9606],[-119.8706,47.9605],[-119.8597,47.9419],[-119.9151,47.9014],[-119.9193,47.8623],[-119.9601,47.8458],[-119.9927,47.7832],[-120.0936,47.7635],[-120.1309,47.7766],[-120.1914,47.7595],[-120.2229,47.7233],[-120.199,47.6823],[-120.2369,47.6318],[-120.2336,47.5976],[-120.2594,47.5585],[-120.2928,47.5382],[-120.3166,47.4713],[-120.308,47.4316],[-120.2865,47.3931],[-120.2531,47.3816],[-120.13,47.3663],[-120.0833,47.3337],[-120.0963,47.2546],[-120.0776,47.227],[-120.0191,47.2266],[-120.0026,47.2123],[-120.0106,47.1613],[-120.0021,47.1262],[-120.0429,47.0735],[-120.0112,47.0394],[-120.0011,46.9936],[-119.9658,46.9433],[-119.9649,46.8588],[-119.9275,46.8171],[-119.9431,46.7747],[-119.973,46.7371],[-120.51,46.7379],[-120.5086,46.8249],[-120.634,46.8258],[-120.6346,46.9121],[-121.0266,46.9113],[-121.0901,46.991],[-121.2807,47.0887],[-121.3113,47.0769],[-121.3754,47.0733],[-121.3998,47.0335],[-121.4065,46.9987],[-121.4463,46.9797],[-121.4495,46.9344],[-121.497,46.9083],[-121.5231,46.8728],[-121.4973,46.8629],[-121.4552,46.7838]]]},"properties":{"district_code":"WA-04","state_code":"WA","state_name":"Washington","district_number":"04","label":"Washington — District 4"}},{"type":"Feature","geometry":{"type":"Polygon","coordinates":[[[-93.2931,36.4983],[-93.296,36.4816],[-93.3008,36.1216],[-93.1403,36.1176],[-92.9447,36.1155],[-92.9385,36.0717],[-92.9465,35.8129],[-92.9514,35.7246],[-92.8097,35.7224],[-92.6314,35.7184],[-92.6298,35.7908],[-92.4168,35.7886],[-92.4184,35.716],[-92.1036,35.7088],[-91.8068,35.7046],[-91.7896,35.7118],[-91.7936,35.5341],[-91.5821,35.5303],[-91.5845,35.4423],[-91.3473,35.4391],[-91.3684,35.4083],[-91.4257,35.3751],[-91.4247,35.3307],[-91.4127,35.3028],[-91.4118,35.2648],[-91.3919,35.2523],[-91.3797,35.2144],[-91.4117,35.1966],[-91.4337,35.1522],[-91.4291,35.1365],[-91.45,35.0889],[-91.5841,35.0916],[-91.5852,35.0253],[-91.6402,35.0271],[-91.6561,35.0516],[-91.7082,35.0625],[-91.7655,35.0501],[-91.8025,35.0307],[-91.8788,35.0246],[-91.9253,35.0459],[-91.9494,35.0445],[-92.0216,35.0723],[-92.1197,35.0666],[-92.1215,35.0122],[-92.0708,35.0116],[-92.0761,34.8438],[-92.1222,34.8443],[-92.1515,34.824],[-92.1614,34.7814],[-92.2204,34.7544],[-92.1566,34.7114],[-92.15,34.6895],[-92.1732,34.6384],[-92.1503,34.602],[-92.1678,34.5746],[-92.1314,34.5596],[-92.1194,34.5369],[-92.1456,34.5153],[-92.1437,34.4916],[-91.7053,34.4827],[-91.7117,34.2339],[-91.5402,34.2246],[-91.513,34.142],[-91.4968,34.1306],[-91.4519,34.1339],[-91.4534,34.0856],[-91.4818,34.0586],[-91.5287,34.0963],[-91.5636,34.1047],[-91.5897,34.0863],[-91.6106,34.0965],[-91.6144,34.128],[-91.6489,34.1382],[-91.7013,34.1744],[-91.7274,34.1753],[-91.7267,34.0651],[-91.7451,34.094],[-91.9537,34.0934],[-91.953,33.9772],[-91.9764,33.9773],[-91.9759,33.7917],[-91.6641,33.7922],[-91.5371,33.7816],[-91.4503,33.7805],[-91.4548,33.5053],[-91.46,33.2719],[-91.4604,33.0059],[-91.1661,33.0043],[-91.1618,33.0199],[-91.1253,33.0389],[-91.1246,33.0641],[-91.2015,33.1096],[-91.1837,33.1417],[-91.1504,33.1307],[-91.0857,33.1372],[-91.08,33.1703],[-91.1003,33.2194],[-91.0504,33.2512],[-91.0436,33.2746],[-91.0861,33.2737],[-91.0969,33.2416],[-91.1281,33.2685],[-91.1416,33.2995],[-91.1422,33.349],[-91.1204,33.3638],[-91.0582,33.4287],[-91.0943,33.4427],[-91.0995,33.4072],[-91.1419,33.3801],[-91.1663,33.3797],[-91.209,33.4036],[-91.1391,33.427],[-91.1189,33.4462],[-91.1322,33.4816],[-91.177,33.4873],[-91.1698,33.452],[-91.2068,33.4338],[-91.2352,33.439],[-91.1854,33.5075],[-91.2195,33.5302],[-91.2251,33.568],[-91.1715,33.5683],[-91.1369,33.5902],[-91.1374,33.6269],[-91.1825,33.6535],[-91.2122,33.657],[-91.2299,33.6843],[-91.2107,33.7004],[-91.1604,33.7066],[-91.1334,33.6768],[-91.0914,33.6578],[-91.031,33.6794],[-91.0605,33.7151],[-91.1174,33.7053],[-91.1488,33.7314],[-91.1341,33.7829],[-91.1084,33.7717],[-91.0534,33.7783],[-91.0013,33.7686],[-90.9917,33.7926],[-91.0491,33.816],[-91.0702,33.8453],[-91.0698,33.8727],[-91.0346,33.8983],[-91.0102,33.9316],[-91.0231,33.9432],[-91.0785,33.9541],[-91.0897,33.9645],[-91.0833,34.0089],[-91.0487,33.9927],[-91.0189,34.0032],[-91.0001,33.9664],[-90.9615,33.9799],[-90.9882,34.0192],[-90.9582,34.0267],[-90.8963,34.0252],[-90.8711,34.0812],[-90.8935,34.0978],[-90.9213,34.0935],[-90.9477,34.1096],[-90.9586,34.1355],[-90.91,34.1655],[-90.8604,34.1392],[-90.8361,34.1379],[-90.8076,34.1618],[-90.8166,34.183],[-90.8876,34.1824],[-90.9345,34.2179],[-90.9063,34.2444],[-90.8813,34.2164],[-90.8395,34.2162],[-90.8336,34.2741],[-90.8167,34.2806],[-90.7656,34.2695],[-90.738,34.2893],[-90.7364,34.3121],[-90.7687,34.3478],[-90.7496,34.3681],[-90.7205,34.3608],[-90.6786,34.3711],[-90.6931,34.3226],[-90.6575,34.3222],[-90.6668,34.3558],[-90.6409,34.3889],[-90.6135,34.3903],[-90.5777,34.431],[-90.5931,34.4773],[-90.5813,34.5156],[-90.5425,34.5401],[-90.5405,34.5579],[-90.5911,34.6192],[-90.5697,34.6664],[-90.5476,34.6317],[-90.5172,34.6309],[-90.4688,34.67],[-90.4742,34.7053],[-90.5324,34.6962],[-90.5719,34.7128],[-90.5636,34.7378],[-90.5394,34.7553],[-90.5478,34.7833],[-90.5211,34.8019],[-90.4928,34.7725],[-90.5242,34.7314],[-90.475,34.7239],[-90.4484,34.7391],[-90.4765,34.7936],[-90.4554,34.8208],[-90.4844,34.8636],[-90.4623,34.8917],[-90.4294,34.8666],[-90.4497,34.8399],[-90.4387,34.8252],[-90.3998,34.8277],[-90.3384,34.8585],[-90.3048,34.8604],[-90.2432,34.9091],[-90.2459,34.9487],[-90.2961,34.9765],[-90.3084,34.9957],[-90.297,35.0382],[-90.2073,35.0258],[-90.1812,35.0539],[-90.1768,35.1121],[-90.1418,35.133],[-90.0826,35.1213],[-90.0687,35.156],[-90.1014,35.1711],[-90.0762,35.2215],[-90.0943,35.2488],[-90.1521,35.256],[-90.1666,35.2746],[-90.1573,35.3015],[-90.11,35.305],[-90.0807,35.3857],[-90.1116,35.4096],[-90.1435,35.3876],[-90.1793,35.3852],[-90.1689,35.4219],[-90.1294,35.4421],[-90.1077,35.4769],[-90.0678,35.4662],[-90.0741,35.434],[-90.0481,35.4117],[-90.0027,35.4305],[-90.0197,35.4731],[-90.0502,35.5156],[-90.0398,35.5471],[-89.9894,35.56],[-89.9585,35.5417],[-89.9587,35.5238],[-89.9089,35.5142],[-89.9097,35.538],[-89.942,35.5569],[-89.9511,35.5975],[-89.9113,35.6176],[-89.8566,35.6344],[-89.8512,35.6574],[-89.8764,35.6667],[-89.9061,35.6511],[-89.9345,35.6649],[-89.9567,35.6943],[-89.9583,35.7266],[-89.9062,35.7589],[-89.8631,35.7571],[-89.839,35.7421],[-89.8007,35.7572],[-89.7996,35.7883],[-89.7584,35.8104],[-89.7282,35.8027],[-89.6965,35.8206],[-89.6974,35.8367],[-89.7685,35.8605],[-89.7672,35.8909],[-89.7431,35.9112],[-89.7149,35.9062],[-89.6764,35.8767],[-89.6456,35.8858],[-89.6503,35.9277],[-89.714,35.9598],[-89.7331,36.0008],[-90.1273,35.9976],[-90.3779,35.9957],[-90.3371,36.0478],[-90.3207,36.0871],[-90.2931,36.1144],[-90.2488,36.1298],[-90.2204,36.1848],[-90.1422,36.2275],[-90.1149,36.2656],[-90.0837,36.2723],[-90.064,36.303],[-90.082,36.3221],[-90.0645,36.3821],[-90.0804,36.4008],[-90.135,36.4137],[-90.1544,36.4968],[-90.7112,36.4983],[-91.1265,36.4977],[-91.4049,36.4971],[-91.5369,36.4992],[-91.9858,36.4984],[-92.3503,36.4978],[-92.7723,36.4978],[-93.2931,36.4983]]]},"properties":{"district_code":"AR-01","state_code":"AR","state_name":"Arkansas","district_number":"01","label":"Arkansas — District 1"}},{"type":"Feature","geometry":{"type":"Polygon","coordinates":[[[-86.81,30.9972],[-87.1408,30.9995],[-87.255,30.9983],[-87.5989,30.9975],[-87.5892,30.9645],[-87.6349,30.8659],[-87.6005,30.8206],[-87.5521,30.7863],[-87.5326,30.7435],[-87.5023,30.7216],[-87.407,30.6752],[-87.3936,30.6309],[-87.4186,30.5618],[-87.4466,30.5271],[-87.4356,30.4805],[-87.4147,30.4573],[-87.3708,30.4469],[-87.3712,30.4305],[-87.4035,30.4102],[-87.4296,30.4065],[-87.4649,30.3333],[-87.5047,30.324],[-87.5183,30.2804],[-87.4274,30.2963],[-87.3144,30.3215],[-87.2709,30.3168],[-87.1554,30.3277],[-86.953,30.3654],[-86.8362,30.3833],[-86.7386,30.3934],[-86.6251,30.3966],[-86.3642,30.3745],[-86.2636,30.3551],[-86.1797,30.3314],[-86.1785,30.3791],[-86.1533,30.433],[-86.1082,30.4865],[-86.1073,30.5601],[-86.1174,30.6201],[-86.1143,30.6509],[-86.1444,30.6943],[-86.1564,30.7284],[-86.143,30.7904],[-86.1234,30.8145],[-86.1155,30.8624],[-86.137,30.9246],[-86.1327,30.9932],[-86.3693,30.9945],[-86.5199,30.9932],[-86.81,30.9972]]]},"properties":{"district_code":"FL-01","state_code":"FL","state_name":"Florida","district_number":"01","label":"Florida — District 1"}},{"type":"Feature","geometry":{"type":"Polygon","coordinates":[[[-81.8369,41.4899],[-81.8191,41.4569],[-81.8535,41.4304],[-81.8691,41.403],[-81.8523,41.3906],[-81.8233,41.4199],[-81.7803,41.4217],[-81.7386,41.4625],[-81.7344,41.4186],[-81.6634,41.4224],[-81.6249,41.415],[-81.5677,41.3788],[-81.4946,41.3726],[-81.4883,41.4243],[-81.3918,41.4243],[-81.391,41.5697],[-81.4878,41.5701],[-81.4886,41.6313],[-81.5297,41.6139],[-81.5997,41.5606],[-81.7448,41.4872],[-81.782,41.4957],[-81.8369,41.4899]]]},"properties":{"district_code":"OH-11","state_code":"OH","state_name":"Ohio","district_number":"11","label":"Ohio — District 11"}},{"type":"Feature","geometry":{"type":"Polygon","coordinates":[[[-96.517,32.9829],[-96.2972,32.9818],[-96.2972,32.898],[-96.2724,32.9143],[-96.128,32.9093],[-96.1144,32.9369],[-96.0762,32.921],[-95.9983,32.926],[-95.9684,32.9136],[-95.9453,32.9799],[-95.8625,32.9796],[-95.8614,33.2786],[-95.8587,33.4095],[-96.2519,33.3576],[-96.3845,33.3411],[-96.3865,33.3981],[-96.7273,33.4029],[-96.7205,33.3748],[-96.6857,33.3223],[-96.6801,33.2909],[-96.7923,33.2937],[-96.8116,33.2192],[-96.7328,33.2186],[-96.7332,33.1522],[-96.8034,33.1529],[-96.8054,33.0973],[-96.7329,33.1253],[-96.7335,33.101],[-96.7715,33.101],[-96.7703,33.0518],[-96.8246,33.0656],[-96.8288,33.0281],[-96.7866,33.0163],[-96.7337,33.0266],[-96.7367,33.0801],[-96.709,33.0893],[-96.6846,33.0733],[-96.6825,33.0437],[-96.6461,33.0161],[-96.613,33.0098],[-96.6134,32.9843],[-96.517,32.9829]]]},"properties":{"district_code":"TX-03","state_code":"TX","state_name":"Texas","district_number":"03","label":"Texas — District 3"}},{"type":"Feature","geometry":{"type":"Polygon","coordinates":[[[-90.3173,42.1936],[-90.2095,42.1527],[-90.2014,42.1309],[-90.1629,42.1167],[-90.1645,42.0421],[-90.1401,42.0033],[-90.1621,41.9613],[-90.1536,41.9066],[-90.17,41.8764],[-90.188,41.8032],[-90.2786,41.7674],[-90.3152,41.7343],[-90.3147,41.6948],[-90.3345,41.6796],[-90.3435,41.647],[-90.3432,41.5878],[-90.4128,41.5653],[-90.4614,41.5235],[-90.5006,41.518],[-90.5409,41.5261],[-90.5952,41.511],[-90.6059,41.4942],[-90.6558,41.4621],[-90.7375,41.4501],[-90.8576,41.4528],[-90.93,41.4214],[-90.9752,41.434],[-91.0478,41.4109],[-91.072,41.3334],[-90.8988,41.3322],[-90.668,41.327],[-90.6648,41.2404],[-90.6715,40.8925],[-90.4418,40.8891],[-90.4469,40.5398],[-90.674,40.5432],[-90.6753,40.4869],[-90.7241,40.4854],[-90.7048,40.448],[-90.6182,40.4547],[-90.3253,40.4512],[-89.9056,40.4515],[-89.8285,40.4344],[-89.7171,40.4357],[-89.7149,40.3192],[-89.2637,40.3253],[-89.2626,40.2809],[-89.0347,40.2828],[-89.0391,40.3859],[-89.0374,40.4586],[-88.9637,40.4515],[-88.9336,40.4885],[-88.9439,40.5324],[-89.0021,40.5319],[-89.0286,40.517],[-89.0599,40.5202],[-89.0588,40.4877],[-89.0964,40.4715],[-89.125,40.4727],[-89.1602,40.4574],[-89.2185,40.457],[-89.2227,40.4278],[-89.3991,40.4253],[-89.448,40.4212],[-89.469,40.4427],[-89.4714,40.4817],[-89.6443,40.4801],[-89.6456,40.553],[-89.658,40.6026],[-89.6171,40.64],[-89.6138,40.6651],[-89.5536,40.7023],[-89.556,40.7534],[-89.5849,40.7521],[-89.6139,40.7798],[-89.6493,40.7691],[-89.6611,40.6955],[-89.6959,40.711],[-89.7947,40.711],[-89.8208,40.7334],[-89.8242,40.7935],[-89.8516,40.7994],[-89.9853,40.8001],[-89.9846,41.1494],[-89.8682,41.1495],[-89.8678,41.2344],[-89.8576,41.2345],[-89.8566,41.321],[-89.9728,41.3219],[-89.9733,41.2345],[-90.0951,41.2353],[-90.0963,41.1499],[-90.2088,41.1521],[-90.4377,41.1515],[-90.4322,41.4347],[-90.4011,41.456],[-90.3241,41.4474],[-90.3199,41.5018],[-90.3047,41.5178],[-90.2417,41.5248],[-90.1965,41.5401],[-90.1855,41.5846],[-89.8911,41.5838],[-89.6315,41.5849],[-89.6324,41.6716],[-89.6289,41.93],[-89.6854,41.9303],[-89.6847,42.0256],[-89.6885,42.1991],[-89.173,42.2042],[-89.1398,42.2085],[-89.1137,42.2376],[-89.082,42.2089],[-88.9987,42.2091],[-89.004,42.2384],[-88.9899,42.2679],[-88.9997,42.2967],[-88.9797,42.3263],[-89.0872,42.3247],[-89.1162,42.3154],[-89.1161,42.2883],[-89.1539,42.2782],[-89.3974,42.2887],[-89.3977,42.332],[-89.5143,42.331],[-89.515,42.3743],[-89.924,42.3713],[-89.9198,42.1969],[-90.1077,42.1972],[-90.3173,42.1936]]]},"properties":{"district_code":"IL-17","state_code":"IL","state_name":"Illinois","district_number":"17","label":"Illinois — District 17"}},{"type":"Feature","geometry":{"type":"Polygon","coordinates":[[[-71.1676,42.3601],[-71.157,42.3304],[-71.1195,42.3227],[-71.1184,42.2934],[-71.1511,42.2667],[-71.1308,42.2279],[-71.0401,42.1372],[-71.0193,42.1869],[-71.0934,42.2391],[-71.0535,42.3105],[-71.0687,42.3186],[-71.0526,42.3707],[-71.0016,42.3647],[-70.988,42.3928],[-71.0507,42.4227],[-71.076,42.3997],[-71.1244,42.3937],[-71.1282,42.3736],[-71.1676,42.3601]]]},"properties":{"district_code":"MA-07","state_code":"MA","state_name":"Massachusetts","district_number":"07","label":"Massachusetts — District 7"}},{"type":"Feature","geometry":{"type":"Polygon","coordinates":[[[-122.5024,37.7081],[-122.4954,37.6643],[-122.4641,37.6388],[-122.3668,37.5422],[-122.3472,37.5125],[-122.2986,37.4955],[-122.2743,37.4562],[-122.231,37.4483],[-122.1868,37.4768],[-122.1279,37.4527],[-122.1152,37.4663],[-122.1277,37.5001],[-122.1621,37.5002],[-122.2037,37.5402],[-122.2434,37.5528],[-122.2629,37.5739],[-122.3059,37.5755],[-122.3149,37.5912],[-122.3602,37.5925],[-122.3743,37.6622],[-122.3934,37.7083],[-122.4047,37.7329],[-122.4359,37.7316],[-122.4691,37.7082],[-122.5024,37.7081]]]},"properties":{"district_code":"CA-15","state_code":"CA","state_name":"California","district_number":"15","label":"California — District 15"}},{"type":"Feature","geometry":{"type":"Polygon","coordinates":[[[-97.9084,30.3062],[-97.868,30.301],[-97.8258,30.2699],[-97.9176,30.2032],[-97.9288,30.1817],[-97.8139,30.0992],[-97.7896,30.1602],[-97.735,30.245],[-97.7251,30.2866],[-97.6893,30.2916],[-97.6785,30.3078],[-97.676,30.3508],[-97.6205,30.4193],[-97.6483,30.4353],[-97.7211,30.4558],[-97.7491,30.474],[-97.7589,30.4988],[-97.8041,30.4864],[-97.8106,30.4639],[-97.855,30.4342],[-97.9058,30.4213],[-97.9,30.3942],[-97.8792,30.3707],[-97.8493,30.3944],[-97.7901,30.3659],[-97.7968,30.35],[-97.7765,30.3238],[-97.7986,30.3098],[-97.8427,30.3262],[-97.8506,30.3513],[-97.8999,30.3399],[-97.9084,30.3062]]]},"properties":{"district_code":"TX-37","state_code":"TX","state_name":"Texas","district_number":"37","label":"Texas — District 37"}},{"type":"Feature","geometry":{"type":"MultiPolygon","coordinates":[[[[-68.5012,44.154],[-68.4555,44.1369],[-68.4385,44.1162],[-68.3833,44.1558],[-68.4082,44.1763],[-68.4358,44.1681],[-68.4515,44.1916],[-68.5012,44.154]]],[[[-68.5304,44.3336],[-68.4788,44.3196],[-68.5014,44.3823],[-68.5186,44.381],[-68.5304,44.3336]]],[[[-68.7316,44.2227],[-68.7139,44.1997],[-68.7091,44.1574],[-68.6414,44.1579],[-68.6136,44.1843],[-68.5794,44.1853],[-68.5649,44.2056],[-68.6026,44.223],[-68.6092,44.2445],[-68.6625,44.27],[-68.7316,44.2227]]],[[[-68.9423,44.2844],[-68.9031,44.2799],[-68.8864,44.3044],[-68.8907,44.3364],[-68.9423,44.2844]]],[[[-69.0284,44.249],[-68.9545,44.3241],[-68.9482,44.3559],[-68.9945,44.4222],[-68.8971,44.4506],[-68.8843,44.4281],[-68.8313,44.458],[-68.8351,44.4814],[-68.7857,44.5121],[-68.7778,44.485],[-68.817,44.4254],[-68.8097,44.374],[-68.8272,44.3122],[-68.7951,44.3079],[-68.7393,44.3332],[-68.6894,44.2967],[-68.6323,44.2864],[-68.5487,44.2436],[-68.5192,44.2591],[-68.5363,44.2913],[-68.564,44.308],[-68.5454,44.355],[-68.5664,44.3945],[-68.5278,44.3985],[-68.4584,44.4201],[-68.4669,44.4903],[-68.4256,44.4786],[-68.4339,44.414],[-68.4132,44.3995],[-68.383,44.433],[-68.3564,44.3922],[-68.398,44.3762],[-68.4172,44.3446],[-68.412,44.3223],[-68.4309,44.2986],[-68.4045,44.2539],[-68.3106,44.2282],[-68.291,44.2461],[-68.32,44.288],[-68.2243,44.2902],[-68.1889,44.3073],[-68.1745,44.3452],[-68.1969,44.3864],[-68.2395,44.4094],[-68.2474,44.4333],[-68.2943,44.433],[-68.2941,44.4717],[-68.2433,44.4727],[-68.2186,44.4934],[-68.171,44.4702],[-68.1608,44.4957],[-68.1152,44.4679],[-68.1123,44.4016],[-68.0776,44.3885],[-68.0761,44.3479],[-68.0458,44.3579],[-68.0142,44.3859],[-67.9837,44.3844],[-67.9716,44.4109],[-67.9928,44.4608],[-67.9704,44.4708],[-67.9546,44.4285],[-67.9141,44.433],[-67.8822,44.4525],[-67.8497,44.4957],[-67.8585,44.5193],[-67.8292,44.5591],[-67.8025,44.5239],[-67.7444,44.5312],[-67.7434,44.4974],[-67.7131,44.4936],[-67.6964,44.5338],[-67.6531,44.5258],[-67.5647,44.5321],[-67.5751,44.5607],[-67.5434,44.6266],[-67.5058,44.6368],[-67.4809,44.6111],[-67.4055,44.5942],[-67.362,44.6402],[-67.3834,44.6889],[-67.3085,44.7075],[-67.308,44.6614],[-67.2408,44.6658],[-67.2343,44.6372],[-67.1894,44.6455],[-67.1392,44.6938],[-67.0734,44.742],[-67.0566,44.7717],[-67.0261,44.7682],[-66.9763,44.8083],[-66.9965,44.8447],[-66.98,44.856],[-66.9948,44.8918],[-66.9845,44.9126],[-67.0335,44.9399],[-67.0821,45.0296],[-67.1177,45.0567],[-67.0908,45.0687],[-67.1124,45.1123],[-67.1579,45.161],[-67.2039,45.1714],[-67.2273,45.1637],[-67.2711,45.1911],[-67.2898,45.1887],[-67.3216,45.1314],[-67.3542,45.1298],[-67.4046,45.1599],[-67.4003,45.1774],[-67.4636,45.2441],[-67.4766,45.2749],[-67.4289,45.3442],[-67.427,45.3902],[-67.4726,45.4233],[-67.4998,45.4781],[-67.4629,45.5087],[-67.4242,45.5059],[-67.4297,45.5838],[-67.4554,45.6047],[-67.4994,45.587],[-67.6085,45.6062],[-67.6389,45.6251],[-67.6754,45.631],[-67.713,45.6812],[-67.7339,45.6645],[-67.8033,45.6779],[-67.8098,45.7293],[-67.802,45.8035],[-67.7551,45.8237],[-67.7897,45.8518],[-67.8039,45.8829],[-67.7504,45.9179],[-67.7811,45.943],[-67.7821,46.2794],[-67.7884,46.6018],[-67.7905,47.0679],[-67.8889,47.1101],[-67.9523,47.1961],[-67.9898,47.2101],[-68.0161,47.2344],[-68.1371,47.2961],[-68.1525,47.3215],[-68.2229,47.3445],[-68.3299,47.3602],[-68.3786,47.3431],[-68.3835,47.2862],[-68.4583,47.2846],[-68.4749,47.2975],[-68.5786,47.2876],[-68.6124,47.2448],[-68.6641,47.2368],[-68.7179,47.2409],[-68.7643,47.222],[-68.8122,47.2155],[-68.8632,47.1886],[-68.9075,47.1849],[-68.9425,47.2064],[-69.0415,47.2456],[-69.0549,47.3153],[-69.0545,47.378],[-69.0357,47.4144],[-69.1784,47.4566],[-69.2244,47.4597],[-69.5664,47.125],[-69.8186,46.875],[-69.9971,46.6952],[-70.0569,46.4152],[-70.0892,46.4107],[-70.1485,46.3589],[-70.172,46.3593],[-70.2074,46.3313],[-70.2057,46.2999],[-70.2313,46.2912],[-70.2709,46.2119],[-70.2927,46.1916],[-70.2396,46.1428],[-70.2551,46.1102],[-70.2898,46.0943],[-70.3067,46.0613],[-70.2796,46.0522],[-70.3176,46.0195],[-70.303,45.999],[-70.3053,45.9649],[-70.2762,45.9669],[-70.2402,45.9437],[-70.2633,45.9238],[-70.2537,45.903],[-70.2842,45.872],[-70.3424,45.8522],[-70.4169,45.7953],[-70.3885,45.7497],[-70.4004,45.7198],[-70.466,45.7063],[-70.5268,45.6665],[-70.5584,45.6667],[-70.5923,45.6299],[-70.6447,45.6071],[-70.6887,45.5616],[-70.7178,45.4902],[-70.6749,45.4524],[-70.6507,45.4449],[-70.6238,45.406],[-70.6512,45.3771],[-70.678,45.3944],[-70.7123,45.3906],[-70.7556,45.4284],[-70.7815,45.4312],[-70.8256,45.4003],[-70.8062,45.3766],[-70.819,45.3351],[-70.8064,45.3206],[-70.8486,45.2633],[-70.857,45.2292],[-70.885,45.2349],[-70.9217,45.2794],[-70.9179,45.3119],[-70.9524,45.3391],[-71.0325,45.3101],[-71.0839,45.3055],[-71.0769,45.2469],[-71.059,45.0049],[-71.0446,44.845],[-71.031,44.6555],[-71.0103,44.2849],[-70.9928,43.9163],[-70.989,43.7922],[-70.9271,43.7903],[-70.8807,43.8109],[-70.7993,43.8078],[-70.7816,43.8236],[-70.8016,43.8561],[-70.7545,43.8885],[-70.7579,43.9069],[-70.7298,43.9283],[-70.7475,43.9459],[-70.7154,43.9618],[-70.7926,44.0398],[-70.8481,44.0495],[-70.8218,44.0771],[-70.6995,44.1392],[-70.6243,44.171],[-70.5873,44.1225],[-70.6062,44.1013],[-70.6126,44.0628],[-70.5947,44.0312],[-70.5441,44.0056],[-70.509,44.0415],[-70.402,43.9901],[-70.3639,43.9864],[-70.3154,44.0378],[-70.2003,43.952],[-70.1159,43.9067],[-70.0808,43.9265],[-70.0342,43.9757],[-70.0507,43.9941],[-70.0272,44.0434],[-70.0055,44.1245],[-70.0185,44.1579],[-69.9938,44.1806],[-69.9684,44.1762],[-69.9374,44.2677],[-69.9232,44.2709],[-69.8,44.2425],[-69.8061,44.2065],[-69.855,44.1679],[-69.7636,44.1532],[-69.7522,44.1841],[-69.7543,44.2279],[-69.7236,44.2368],[-69.6654,44.2276],[-69.6257,44.3618],[-69.729,44.3778],[-69.7016,44.4269],[-69.6766,44.5005],[-69.7184,44.5134],[-69.6704,44.5569],[-69.6655,44.5864],[-69.6057,44.5773],[-69.5791,44.627],[-69.6287,44.6724],[-69.6331,44.7004],[-69.4834,44.7203],[-69.4675,44.708],[-69.4756,44.6767],[-69.4606,44.6471],[-69.3931,44.6404],[-69.4168,44.5511],[-69.3724,44.5446],[-69.396,44.4571],[-69.4455,44.4638],[-69.5064,44.3429],[-69.4096,44.328],[-69.3944,44.3429],[-69.3466,44.3083],[-69.2689,44.3647],[-69.1216,44.2556],[-69.0431,44.2596],[-69.0284,44.249]]]]},"properties":{"district_code":"ME-02","state_code":"ME","state_name":"Maine","district_number":"02","label":"Maine — District 2"}},{"type":"Feature","geometry":{"type":"MultiPolygon","coordinates":[[[[-83.8829,45.9755],[-83.8705,45.9623],[-83.8161,45.9501],[-83.7862,45.9329],[-83.6877,45.9354],[-83.6206,45.9446],[-83.603,45.9246],[-83.5283,45.9178],[-83.4732,45.9844],[-83.5408,46.0212],[-83.5472,46.0479],[-83.5927,46.0886],[-83.6256,46.1022],[-83.7198,46.101],[-83.6774,46.073],[-83.6717,46.0549],[-83.7663,46.0248],[-83.8061,45.9839],[-83.8451,46.0266],[-83.8829,45.9755]]],[[[-84.5902,45.8128],[-84.55,45.7901],[-84.5008,45.7372],[-84.4196,45.7201],[-84.3936,45.7281],[-84.3559,45.7707],[-84.4065,45.788],[-84.4337,45.7867],[-84.5091,45.8111],[-84.5902,45.8128]]],[[[-85.5299,45.8005],[-85.4676,45.7802],[-85.4713,45.8065],[-85.5262,45.8278],[-85.5299,45.8005]]],[[[-85.626,45.6016],[-85.6199,45.5829],[-85.5616,45.5722],[-85.4917,45.6075],[-85.4903,45.6521],[-85.5061,45.6811],[-85.494,45.6985],[-85.5067,45.7552],[-85.5437,45.7514],[-85.6035,45.6821],[-85.6039,45.6401],[-85.626,45.6016]]],[[[-85.7008,45.7385],[-85.6805,45.6961],[-85.6548,45.7159],[-85.6535,45.7403],[-85.7008,45.7385]]],[[[-85.8847,45.4448],[-85.8422,45.3911],[-85.8265,45.4059],[-85.8521,45.4369],[-85.8847,45.4448]]],[[[-86.0645,45.1396],[-86.0587,45.1008],[-85.9995,45.0541],[-85.9841,45.0871],[-85.9768,45.1384],[-85.9894,45.1511],[-86.0444,45.1596],[-86.0645,45.1396]]],[[[-86.1557,45.0144],[-86.1348,44.997],[-86.096,45.0064],[-86.0852,45.0395],[-86.1381,45.043],[-86.1557,45.0144]]],[[[-83.9091,43.9105],[-83.8906,43.9238],[-83.8755,43.9619],[-83.8482,43.9895],[-83.8148,43.9967],[-83.7628,43.9858],[-83.7403,44.0052],[-83.6801,43.9942],[-83.6894,44.0239],[-83.6471,44.0532],[-83.5904,44.0696],[-83.5691,44.1048],[-83.5677,44.1559],[-83.5491,44.2273],[-83.5088,44.2737],[-83.4795,44.2801],[-83.4333,44.2643],[-83.4143,44.2945],[-83.3643,44.3326],[-83.3325,44.3405],[-83.3205,44.4069],[-83.3268,44.4444],[-83.3183,44.5144],[-83.307,44.5422],[-83.3156,44.5951],[-83.2872,44.6573],[-83.2734,44.7139],[-83.2943,44.7368],[-83.2937,44.8083],[-83.3212,44.853],[-83.3156,44.8782],[-83.3662,44.8905],[-83.4253,44.9267],[-83.4641,44.9962],[-83.4379,45.055],[-83.3886,45.0766],[-83.3408,45.0423],[-83.3153,45.0526],[-83.3155,45.126],[-83.368,45.1725],[-83.4046,45.2257],[-83.3816,45.2698],[-83.4219,45.2901],[-83.4519,45.3194],[-83.5382,45.3581],[-83.5722,45.3474],[-83.6311,45.365],[-83.7004,45.3977],[-83.8108,45.4206],[-83.8603,45.4481],[-83.9095,45.4858],[-83.972,45.4951],[-84.0606,45.4889],[-84.0969,45.4974],[-84.1232,45.5253],[-84.1288,45.5619],[-84.2159,45.6348],[-84.2709,45.6446],[-84.3295,45.6644],[-84.4159,45.653],[-84.4792,45.6568],[-84.5759,45.7105],[-84.716,45.7662],[-84.7325,45.7882],[-84.7728,45.7893],[-84.7789,45.7661],[-84.8079,45.7449],[-84.9245,45.7568],[-84.961,45.7451],[-84.9446,45.709],[-85.0153,45.6516],[-85.0749,45.6292],[-85.1197,45.569],[-85.0937,45.4816],[-85.0369,45.4349],[-84.922,45.4219],[-84.9159,45.3931],[-84.9873,45.3688],[-85.0431,45.3615],[-85.1379,45.3735],[-85.2036,45.3619],[-85.2738,45.3154],[-85.3039,45.3186],[-85.3716,45.2708],[-85.3857,45.2385],[-85.3881,45.1915],[-85.3635,45.1116],[-85.3666,45.0684],[-85.3803,45.0458],[-85.3759,45.0033],[-85.3958,44.931],[-85.4715,44.8166],[-85.4994,44.8043],[-85.5067,44.7657],[-85.5272,44.7475],[-85.5766,44.7602],[-85.5559,44.8183],[-85.4997,44.8561],[-85.4913,44.9276],[-85.4749,44.9917],[-85.52,44.974],[-85.5397,44.9168],[-85.5329,44.8732],[-85.5791,44.8177],[-85.5993,44.7659],[-85.6408,44.7756],[-85.6333,44.8004],[-85.6514,44.8316],[-85.6455,44.8836],[-85.6048,44.9384],[-85.6495,44.9746],[-85.5997,45.0217],[-85.5801,45.0664],[-85.6143,45.1276],[-85.5998,45.1493],[-85.5315,45.1772],[-85.5407,45.2109],[-85.586,45.1804],[-85.6175,45.187],[-85.656,45.1458],[-85.6811,45.0927],[-85.7408,45.0556],[-85.78,45.0096],[-85.7783,44.9831],[-85.8074,44.9498],[-85.8699,44.939],[-85.8915,44.9578],[-85.9316,44.9688],[-85.9802,44.9061],[-86.0667,44.9057],[-86.0725,44.8848],[-86.0665,44.8199],[-86.074,44.7699],[-86.0896,44.742],[-86.1211,44.728],[-86.1548,44.7321],[-86.2325,44.7061],[-86.259,44.6637],[-86.2254,44.5946],[-86.2204,44.5682],[-86.2347,44.5183],[-85.9793,44.5135],[-85.7572,44.513],[-85.7589,44.4242],[-85.3384,44.4254],[-85.3348,44.1651],[-84.9522,44.1621],[-84.6081,44.1605],[-84.1661,44.1618],[-84.1664,43.9969],[-84.0454,43.997],[-84.0448,43.9111],[-83.9091,43.9105]]],[[[-86.709,46.5452],[-86.7016,46.5112],[-86.6599,46.4703],[-86.6231,46.4565],[-86.607,46.4757],[-86.6468,46.4875],[-86.6263,46.5349],[-86.6534,46.5607],[-86.709,46.5452]]],[[[-89.2628,47.8699],[-89.2345,47.8517],[-89.1984,47.8482],[-89.162,47.8236],[-89.1241,47.8286],[-88.9766,47.8735],[-89.0031,47.9085],[-88.8529,47.9653],[-88.7186,47.9951],[-88.6701,48.0114],[-88.5747,48.0629],[-88.5669,48.0937],[-88.4199,48.1707],[-88.4226,48.191],[-88.5248,48.1653],[-88.547,48.1749],[-88.6665,48.1356],[-88.6756,48.1204],[-88.7643,48.0852],[-88.7777,48.0679],[-88.8358,48.0571],[-88.8951,48.0291],[-88.9942,48.0023],[-89.1792,47.935],[-89.2207,47.911],[-89.2241,47.8802],[-89.2628,47.8699]]],[[[-90.4181,46.5661],[-90.3933,46.5326],[-90.3109,46.5394],[-90.2653,46.5038],[-90.2166,46.5018],[-90.1579,46.4093],[-90.1188,46.3592],[-90.1205,46.3369],[-89.4957,46.2163],[-89.0916,46.1385],[-88.8503,46.0403],[-88.7821,46.0166],[-88.74,46.0273],[-88.6791,46.0135],[-88.6634,45.9877],[-88.6164,45.9877],[-88.5655,46.0157],[-88.5095,46.0192],[-88.4974,45.9951],[-88.4587,45.9994],[-88.4169,45.9753],[-88.3802,45.9917],[-88.2924,45.9511],[-88.2457,45.9627],[-88.2331,45.9474],[-88.1481,45.9375],[-88.095,45.9158],[-88.1018,45.8835],[-88.0775,45.8638],[-88.1336,45.8231],[-88.094,45.7857],[-88.0583,45.7807],[-87.9934,45.7956],[-87.9864,45.7696],[-87.9465,45.7567],[-87.8798,45.7548],[-87.8555,45.7269],[-87.8123,45.7113],[-87.7816,45.6733],[-87.8232,45.6627],[-87.7747,45.602],[-87.8034,45.5383],[-87.7928,45.5],[-87.813,45.4642],[-87.8617,45.4345],[-87.8497,45.4095],[-87.8849,45.3628],[-87.8326,45.3522],[-87.7541,45.3494],[-87.694,45.3899],[-87.6587,45.3697],[-87.6481,45.3394],[-87.6875,45.2981],[-87.7058,45.2659],[-87.7352,45.1776],[-87.6839,45.1441],[-87.6612,45.1083],[-87.5922,45.0948],[-87.6101,45.1141],[-87.5998,45.1505],[-87.5397,45.1942],[-87.4433,45.2914],[-87.3921,45.3694],[-87.3264,45.4299],[-87.3331,45.4472],[-87.2882,45.5009],[-87.2522,45.5677],[-87.1661,45.6655],[-87.1004,45.6868],[-87.0574,45.7368],[-87.0643,45.7588],[-87.0574,45.8125],[-87.0398,45.8342],[-86.999,45.8477],[-87.0071,45.8691],[-86.9779,45.9056],[-86.9482,45.8768],[-87.0055,45.8288],[-86.9884,45.8106],[-86.9757,45.7558],[-86.9846,45.7058],[-86.9521,45.6849],[-86.9033,45.7091],[-86.8427,45.7197],[-86.8027,45.7935],[-86.7733,45.8114],[-86.7821,45.8602],[-86.6618,45.8342],[-86.5823,45.8961],[-86.5352,45.8858],[-86.528,45.8533],[-86.5552,45.8317],[-86.5863,45.7788],[-86.6297,45.777],[-86.6268,45.7548],[-86.6716,45.7208],[-86.6762,45.6919],[-86.7158,45.6839],[-86.7127,45.6574],[-86.6502,45.6161],[-86.6168,45.6169],[-86.6274,45.6599],[-86.5918,45.6654],[-86.5737,45.7158],[-86.5373,45.7084],[-86.5324,45.7466],[-86.4785,45.7639],[-86.4366,45.7617],[-86.4248,45.7897],[-86.3706,45.7881],[-86.3271,45.8551],[-86.3242,45.9061],[-86.2758,45.9436],[-86.2302,45.9474],[-86.1966,45.9632],[-86.1631,45.9541],[-86.1236,45.9647],[-86.0622,45.9643],[-85.926,45.9321],[-85.8944,45.9669],[-85.8328,45.9678],[-85.817,45.98],[-85.6961,45.9592],[-85.6589,45.9658],[-85.5975,46.0332],[-85.5216,46.0913],[-85.458,46.0905],[-85.4269,46.102],[-85.3255,46.0902],[-85.2591,46.0628],[-85.1304,46.0461],[-85.0939,46.0277],[-85.0036,46.0061],[-84.9423,45.9613],[-84.9136,45.9259],[-84.8882,45.9245],[-84.8212,45.8682],[-84.7576,45.8429],[-84.7062,45.8489],[-84.7366,45.9128],[-84.7302,45.9612],[-84.694,45.9856],[-84.6873,46.0349],[-84.6566,46.0527],[-84.6061,46.0289],[-84.5444,46.0229],[-84.5304,45.9914],[-84.4382,46.0068],[-84.3953,45.9869],[-84.4203,45.9578],[-84.4004,45.9435],[-84.3563,45.9574],[-84.2944,45.9538],[-84.2328,45.9767],[-84.1613,45.9742],[-84.117,45.9833],[-84.0176,45.959],[-83.9787,45.9687],[-83.9223,45.9674],[-83.8955,45.9864],[-83.9368,46.0302],[-83.9813,46.0273],[-84.0268,46.0534],[-84.0708,46.0929],[-84.0296,46.1345],[-84.0893,46.1464],[-84.1456,46.1792],[-84.1696,46.1817],[-84.221,46.1631],[-84.273,46.2015],[-84.2579,46.2181],[-84.1759,46.246],[-84.1561,46.2298],[-84.1081,46.2412],[-84.1196,46.315],[-84.1062,46.322],[-84.1389,46.3722],[-84.1462,46.4185],[-84.1112,46.5041],[-84.1289,46.5301],[-84.2261,46.5339],[-84.2544,46.5008],[-84.293,46.4928],[-84.3414,46.5077],[-84.4203,46.5011],[-84.4633,46.4674],[-84.5425,46.4217],[-84.5963,46.4151],[-84.5992,46.4518],[-84.631,46.4849],[-84.6784,46.4877],[-84.7692,46.4535],[-84.8393,46.4463],[-84.8614,46.4699],[-84.9219,46.47],[-85.0152,46.4797],[-85.0549,46.5148],[-85.0271,46.543],[-85.0355,46.5815],[-85.0275,46.6975],[-85.0076,46.7283],[-84.9533,46.7679],[-84.9974,46.7713],[-85.0821,46.758],[-85.1578,46.7651],[-85.2569,46.7534],[-85.3632,46.7165],[-85.5005,46.676],[-85.5873,46.6746],[-85.6688,46.6804],[-85.7949,46.6811],[-85.8779,46.6909],[-85.979,46.6703],[-85.995,46.6737],[-86.0879,46.6553],[-86.1383,46.6729],[-86.188,46.654],[-86.3499,46.578],[-86.4439,46.5473],[-86.4677,46.5525],[-86.4951,46.5249],[-86.5514,46.4956],[-86.6381,46.4117],[-86.6692,46.4456],[-86.7032,46.4394],[-86.7545,46.4796],[-86.7879,46.4777],[-86.816,46.4379],[-86.8752,46.4373],[-86.8894,46.4589],[-86.9427,46.4693],[-86.977,46.5266],[-87.0773,46.5153],[-87.1166,46.4948],[-87.1713,46.504],[-87.2024,46.4908],[-87.3108,46.492],[-87.3594,46.5035],[-87.394,46.5332],[-87.3928,46.5709],[-87.4641,46.6148],[-87.468,46.6356],[-87.503,46.6475],[-87.5254,46.6905],[-87.5827,46.7305],[-87.5955,46.7743],[-87.6333,46.8121],[-87.6939,46.827],[-87.7273,46.8259],[-87.741,46.8652],[-87.7768,46.8668],[-87.8168,46.8912],[-87.8462,46.8839],[-87.8977,46.9089],[-87.9987,46.9054],[-88.0704,46.9195],[-88.1848,46.9046],[-88.1875,46.919],[-88.1501,46.9436],[-88.1448,46.967],[-88.2444,46.9296],[-88.3103,46.8897],[-88.3814,46.8385],[-88.4338,46.7935],[-88.4506,46.7632],[-88.4826,46.8262],[-88.4759,46.886],[-88.4554,46.9233],[-88.4465,46.9702],[-88.4035,46.9849],[-88.3676,47.0192],[-88.35,47.0764],[-88.2976,47.0985],[-88.2817,47.1382],[-88.2322,47.146],[-88.239,47.1862],[-88.2124,47.2094],[-88.1664,47.2155],[-88.0548,47.2982],[-88.0165,47.3063],[-87.9382,47.3423],[-87.9626,47.3625],[-87.9571,47.3873],[-87.8567,47.3954],[-87.8154,47.3848],[-87.7424,47.4058],[-87.7124,47.4014],[-87.7159,47.4398],[-87.8012,47.4733],[-87.8792,47.4678],[-87.9383,47.4798],[-88.0403,47.476],[-88.1818,47.4577],[-88.2457,47.428],[-88.285,47.4222],[-88.4245,47.3689],[-88.5008,47.2935],[-88.577,47.244],[-88.6537,47.2258],[-88.7297,47.1858],[-88.7613,47.1568],[-88.8219,47.1372],[-88.8458,47.1147],[-88.8891,47.1006],[-88.9508,47.0141],[-88.9872,46.9972],[-89.0289,47.0011],[-89.0631,46.9885],[-89.1426,46.9849],[-89.2279,46.913],[-89.3523,46.863],[-89.4152,46.844],[-89.4715,46.8374],[-89.5139,46.8418],[-89.6132,46.8195],[-89.6734,46.8332],[-89.7888,46.8181],[-89.8491,46.7951],[-89.92,46.7372],[-89.9858,46.7032],[-90.0279,46.6737],[-90.164,46.6455],[-90.3066,46.6027],[-90.3306,46.6088],[-90.4181,46.5661]]]]},"properties":{"district_code":"MI-01","state_code":"MI","state_name":"Michigan","district_number":"01","label":"Michigan — District 1"}},{"type":"Feature","geometry":{"type":"Polygon","coordinates":[[[-73.9542,40.848],[-73.9713,40.8163],[-73.9695,40.8003],[-73.9344,40.7781],[-73.9136,40.7968],[-73.9335,40.8332],[-73.8804,40.8692],[-73.9338,40.8822],[-73.9542,40.848]]]},"properties":{"district_code":"NY-13","state_code":"NY","state_name":"New York","district_number":"13","label":"New York — District 13"}},{"type":"Feature","geometry":{"type":"Polygon","coordinates":[[[-84.8035,41.2526],[-84.8033,40.9882],[-84.8023,40.643],[-84.8039,40.3528],[-84.5997,40.3518],[-84.4346,40.3543],[-84.4554,40.3586],[-84.4562,40.6849],[-84.3968,40.6849],[-84.3974,40.8159],[-84.3401,40.8161],[-84.3405,40.8591],[-84.1096,40.861],[-84.1095,40.9047],[-83.9952,40.9051],[-83.9952,40.9198],[-83.8804,40.9204],[-83.8801,40.8199],[-83.3995,40.8176],[-83.4193,40.8031],[-83.4199,40.7303],[-83.3045,40.7306],[-83.3047,40.702],[-82.9578,40.7033],[-82.8582,40.7124],[-82.7272,40.7112],[-82.7248,40.9956],[-82.4329,40.9929],[-82.4369,41.0654],[-82.1715,41.0635],[-82.1699,41.1371],[-82.0743,41.1365],[-82.0725,41.1999],[-81.9739,41.1998],[-81.9725,41.2748],[-81.8781,41.275],[-81.877,41.3507],[-81.9713,41.3513],[-81.9683,41.505],[-82.0124,41.5155],[-82.1778,41.4715],[-82.2547,41.4343],[-82.3481,41.4283],[-82.3423,41.2842],[-82.4425,41.2839],[-82.8415,41.29],[-82.8401,41.2553],[-83.1316,41.2564],[-83.2164,41.2533],[-83.4198,41.254],[-83.4146,41.515],[-83.5288,41.5146],[-83.5291,41.4777],[-83.6461,41.4779],[-83.6485,41.5074],[-83.7086,41.5137],[-83.7111,41.4924],[-83.8065,41.4365],[-83.8832,41.4145],[-83.8829,41.4875],[-84.3419,41.4855],[-84.3417,41.4276],[-84.2285,41.4278],[-84.2282,41.1659],[-84.3416,41.1655],[-84.3416,41.2091],[-84.4571,41.2094],[-84.4572,41.2535],[-84.8035,41.2526]]]},"properties":{"district_code":"OH-05","state_code":"OH","state_name":"Ohio","district_number":"05","label":"Ohio — District 5"}},{"type":"Feature","geometry":{"type":"Polygon","coordinates":[[[-123.5477,46.2591],[-123.5482,46.249],[-123.6195,46.2153],[-123.6668,46.2182],[-123.6742,46.1982],[-123.7181,46.189],[-123.7576,46.213],[-123.8218,46.1903],[-123.8548,46.1573],[-123.9729,46.2127],[-123.9741,46.1688],[-123.9334,46.0717],[-123.9279,46.0096],[-123.9375,45.9773],[-123.97,45.9691],[-123.9937,45.9464],[-123.9676,45.9078],[-123.9615,45.8371],[-123.9693,45.7798],[-123.9629,45.7436],[-123.9431,45.727],[-123.94,45.6532],[-123.9567,45.5713],[-123.9494,45.5454],[-123.9747,45.4673],[-123.9606,45.4308],[-123.9797,45.3477],[-123.9642,45.317],[-123.9754,45.1455],[-123.9895,45.094],[-124.0122,45.0769],[-124.0089,45.045],[-123.7247,45.0444],[-123.7244,45.0768],[-123.784,45.0767],[-123.7845,45.2163],[-123.4635,45.2163],[-123.4649,45.4333],[-123.1354,45.4335],[-123.1146,45.4044],[-123.0322,45.405],[-123.0117,45.3763],[-122.9626,45.3464],[-122.9161,45.3489],[-122.9068,45.3679],[-122.8634,45.3677],[-122.8416,45.3977],[-122.8363,45.4656],[-122.7859,45.4694],[-122.7437,45.4871],[-122.7437,45.4429],[-122.6881,45.4703],[-122.6665,45.4643],[-122.6651,45.5012],[-122.6336,45.497],[-122.6229,45.533],[-122.669,45.5276],[-122.7643,45.5853],[-122.791,45.62],[-122.7624,45.6564],[-122.7745,45.6804],[-122.7601,45.7344],[-122.7695,45.7806],[-122.7956,45.81],[-122.785,45.8677],[-122.8115,45.9127],[-122.814,45.961],[-122.8781,46.0313],[-122.9041,46.0837],[-122.9627,46.1048],[-123.0042,46.1338],[-123.1159,46.1853],[-123.1664,46.189],[-123.2802,46.1448],[-123.3714,46.1464],[-123.431,46.1816],[-123.4276,46.2293],[-123.4796,46.2691],[-123.5477,46.2591]]]},"properties":{"district_code":"OR-01","state_code":"OR","state_name":"Oregon","district_number":"01","label":"Oregon — District 1"}},{"type":"Feature","geometry":{"type":"MultiPolygon","coordinates":[[[[-97.127,27.8411],[-97.065,27.8447],[-97.0496,27.8786],[-97.066,27.9062],[-97.1014,27.8832],[-97.127,27.8411]]],[[[-97.2227,27.5765],[-97.1541,27.6969],[-97.1083,27.7631],[-97.0557,27.8252],[-97.0568,27.842],[-97.1277,27.8281],[-97.1253,27.7792],[-97.1456,27.7724],[-97.1841,27.6957],[-97.1971,27.6557],[-97.2401,27.6333],[-97.2682,27.576],[-97.2227,27.5765]]],[[[-97.8753,29.8582],[-97.8376,29.8285],[-97.8424,29.7992],[-97.7927,29.7594],[-97.7713,29.7328],[-97.7384,29.7129],[-97.7357,29.6912],[-97.6634,29.667],[-97.6332,29.6499],[-97.7539,29.4886],[-97.8588,29.3529],[-97.7577,29.2502],[-97.6131,29.1098],[-97.7547,29.0068],[-97.5746,28.8133],[-97.7785,28.668],[-97.8837,28.6955],[-97.9151,28.7196],[-98.0898,28.663],[-97.953,28.43],[-97.8088,28.1834],[-97.9041,28.1142],[-97.8953,28.0612],[-97.8675,28.041],[-97.8058,28.0414],[-97.7903,28.0192],[-97.7985,27.9957],[-97.9343,27.8852],[-97.9337,27.7766],[-97.9421,27.6359],[-97.8909,27.6212],[-97.8738,27.5877],[-97.839,27.5588],[-97.3246,27.5611],[-97.2946,27.5927],[-97.2993,27.606],[-97.256,27.6917],[-97.3437,27.724],[-97.3752,27.7494],[-97.3933,27.7829],[-97.3857,27.84],[-97.4629,27.8234],[-97.5151,27.8512],[-97.4966,27.8815],[-97.4521,27.8709],[-97.378,27.8749],[-97.3378,27.8836],[-97.3251,27.8679],[-97.2888,27.8796],[-97.2494,27.8762],[-97.2217,27.8244],[-97.1906,27.8233],[-97.0437,28.0281],[-97.0252,28.0321],[-97.0368,28.0759],[-97.0542,28.0928],[-97.0996,28.0781],[-97.1389,28.0269],[-97.1619,28.0484],[-97.2228,28.0773],[-97.2069,28.0976],[-97.1459,28.1411],[-97.0753,28.1746],[-97.0319,28.1887],[-97.0171,28.1506],[-96.9834,28.1249],[-96.9666,28.1724],[-96.9459,28.1965],[-96.9685,28.22],[-96.9507,28.2448],[-96.9236,28.1993],[-96.9607,28.1231],[-96.9316,28.1239],[-96.8455,28.1798],[-96.7843,28.2437],[-96.8096,28.2903],[-96.7901,28.3227],[-96.7991,28.3648],[-96.8578,28.4086],[-96.8381,28.4328],[-96.7868,28.4022],[-96.7648,28.4128],[-96.7062,28.4046],[-96.7052,28.3488],[-96.6844,28.3145],[-96.6251,28.3162],[-96.5851,28.3508],[-96.5115,28.3833],[-96.4529,28.4187],[-96.4206,28.4044],[-96.4528,28.3802],[-96.4337,28.3637],[-96.4406,28.343],[-96.5252,28.323],[-96.5474,28.3054],[-96.6036,28.2926],[-96.6185,28.267],[-96.6485,28.252],[-96.6627,28.226],[-96.7026,28.2155],[-96.7162,28.1932],[-96.7984,28.1856],[-96.8214,28.1657],[-96.8109,28.1234],[-96.8441,28.1084],[-96.8739,28.1335],[-96.9255,28.0884],[-96.9337,28.056],[-96.9678,28.0175],[-96.9842,27.9632],[-97.0091,27.924],[-97.033,27.9128],[-97.0552,27.8473],[-96.9619,27.9559],[-96.8514,28.0624],[-96.7522,28.1411],[-96.632,28.2228],[-96.5606,28.264],[-96.4428,28.3177],[-96.4128,28.3428],[-96.3783,28.3908],[-96.3227,28.6429],[-96.3235,28.6756],[-96.3092,28.9633],[-96.6403,29.2478],[-96.6585,29.2639],[-96.5606,29.3354],[-96.7931,29.5774],[-96.8328,29.5769],[-96.8429,29.6161],[-96.865,29.6327],[-97.1433,29.6281],[-97.1305,29.6433],[-97.3179,29.7847],[-97.1942,29.8968],[-97.1947,29.9193],[-97.1681,29.973],[-97.1654,30.0338],[-97.2443,30.0838],[-97.2909,30.1041],[-97.3225,30.098],[-97.358,30.1474],[-97.3844,30.164],[-97.453,30.1498],[-97.434,30.1751],[-97.484,30.1884],[-97.4913,30.2121],[-97.6097,30.1034],[-97.7078,30.0241],[-97.7607,29.9881],[-97.7924,29.9452],[-97.8492,29.916],[-97.8939,29.8837],[-97.8753,29.8582]]]]},"properties":{"district_code":"TX-27","state_code":"TX","state_name":"Texas","district_number":"27","label":"Texas — District 27"}},{"type":"Feature","geometry":{"type":"Polygon","coordinates":[[[-78.7544,43.3327],[-78.8514,43.3122],[-78.988,43.2778],[-79.0561,43.2542],[-79.0424,43.1437],[-79.0745,43.0779],[-79.0071,43.0658],[-79.0233,43.0164],[-79.0116,42.9853],[-78.9618,42.9578],[-78.9324,42.9559],[-78.9057,42.9234],[-78.9061,42.8993],[-78.8599,42.8323],[-78.7533,42.8255],[-78.7544,42.8641],[-78.6969,42.8637],[-78.6969,43.0863],[-78.6969,43.1212],[-78.68,43.1496],[-78.7546,43.1577],[-78.7544,43.3327]]]},"properties":{"district_code":"NY-26","state_code":"NY","state_name":"New York","district_number":"26","label":"New York — District 26"}},{"type":"Feature","geometry":{"type":"Polygon","coordinates":[[[-75.2373,39.9961],[-75.2803,39.975],[-75.2396,39.938],[-75.2017,39.9198],[-75.1292,39.9148],[-75.1358,39.9433],[-75.1656,39.9437],[-75.1394,40.0634],[-75.1764,40.0846],[-75.2236,40.0929],[-75.2644,40.0541],[-75.2058,40.0116],[-75.2373,39.9961]]]},"properties":{"district_code":"PA-03","state_code":"PA","state_name":"Pennsylvania","district_number":"03","label":"Pennsylvania — District 3"}},{"type":"Feature","geometry":{"type":"Polygon","coordinates":[[[-73.3431,45.0108],[-73.3546,44.9874],[-73.3387,44.9659],[-73.3385,44.9241],[-73.3562,44.9045],[-73.3814,44.845],[-73.3354,44.8046],[-73.3332,44.7888],[-73.3656,44.7418],[-73.366,44.6976],[-73.3898,44.6172],[-73.3818,44.5893],[-73.3429,44.5519],[-73.2999,44.4767],[-73.296,44.4283],[-73.3336,44.3723],[-73.3242,44.31],[-73.311,44.2742],[-73.3236,44.2439],[-73.3499,44.2304],[-73.3908,44.1891],[-73.4113,44.1127],[-73.4377,44.045],[-73.4108,44.0269],[-73.4086,43.9329],[-73.3741,43.8742],[-73.3722,43.8453],[-73.3928,43.8222],[-73.3506,43.7719],[-73.3706,43.7253],[-73.4021,43.6931],[-73.4279,43.6344],[-73.4286,43.584],[-73.3981,43.5681],[-73.376,43.6126],[-73.3586,43.6251],[-73.3021,43.6244],[-73.2849,43.5793],[-73.2586,43.5649],[-73.2468,43.5258],[-73.2565,43.2592],[-73.2698,43.0359],[-73.2787,42.8334],[-73.2909,42.8019],[-73.265,42.7459],[-72.8643,42.7378],[-72.4585,42.7269],[-72.4759,42.7577],[-72.5396,42.8048],[-72.5572,42.853],[-72.5528,42.885],[-72.5242,42.9185],[-72.5346,42.9499],[-72.4738,42.972],[-72.4446,43.0106],[-72.4674,43.0526],[-72.4352,43.0866],[-72.433,43.1197],[-72.4569,43.1466],[-72.4503,43.1925],[-72.4377,43.2028],[-72.4352,43.2585],[-72.4216,43.2634],[-72.3955,43.313],[-72.4134,43.3627],[-72.3926,43.4651],[-72.3809,43.4934],[-72.3986,43.5134],[-72.3804,43.5409],[-72.3734,43.5797],[-72.3324,43.5994],[-72.2996,43.7063],[-72.2342,43.746],[-72.1848,43.8047],[-72.1879,43.8561],[-72.1513,43.9017],[-72.1181,43.9236],[-72.0991,43.9574],[-72.117,43.9945],[-72.0855,44.0213],[-72.0324,44.0915],[-72.0411,44.1543],[-72.0662,44.1898],[-72.0479,44.2385],[-72.0684,44.2713],[-72.0189,44.3202],[-71.9811,44.3375],[-71.9291,44.3376],[-71.9023,44.3475],[-71.8725,44.3366],[-71.8124,44.3573],[-71.8144,44.3819],[-71.7907,44.4003],[-71.7146,44.4096],[-71.6597,44.4415],[-71.6449,44.4752],[-71.6246,44.4752],[-71.5768,44.5041],[-71.5744,44.5406],[-71.5877,44.5658],[-71.5494,44.5696],[-71.5604,44.5998],[-71.5521,44.6301],[-71.5857,44.6579],[-71.5988,44.7033],[-71.6319,44.7525],[-71.5797,44.7847],[-71.5455,44.8661],[-71.496,44.9089],[-71.5154,44.9269],[-71.5162,44.9641],[-71.5386,44.9873],[-71.5011,45.0133],[-71.7675,45.0114],[-71.915,45.0078],[-72.3101,45.0038],[-72.5899,45.0132],[-72.8456,45.0167],[-72.968,45.0141],[-73.086,45.0155],[-73.3431,45.0108]]]},"properties":{"district_code":"VT-AL","state_code":"VT","state_name":"Vermont","district_number":"AL","label":"Vermont — At-large"}},{"type":"Feature","geometry":{"type":"MultiPolygon","coordinates":[[[[-122.6536,48.549],[-122.6404,48.5259],[-122.5789,48.5481],[-122.6524,48.5834],[-122.6536,48.549]]],[[[-122.7223,48.7316],[-122.6918,48.7115],[-122.6735,48.6808],[-122.6353,48.6518],[-122.6182,48.6707],[-122.7031,48.7436],[-122.7223,48.7316]]],[[[-122.7405,48.585],[-122.7224,48.5406],[-122.6682,48.5664],[-122.7111,48.6093],[-122.7405,48.585]]],[[[-122.7699,48.2275],[-122.7115,48.1936],[-122.6767,48.154],[-122.6461,48.164],[-122.6127,48.1559],[-122.5983,48.1106],[-122.614,48.0728],[-122.5949,48.0563],[-122.5967,48.0258],[-122.5416,47.993],[-122.5468,47.9672],[-122.4788,47.9898],[-122.4467,47.9632],[-122.4455,47.9302],[-122.3904,47.9057],[-122.3507,47.9532],[-122.3763,48.0345],[-122.4484,48.0543],[-122.4911,48.0942],[-122.539,48.0502],[-122.5719,48.1021],[-122.5577,48.1179],[-122.5858,48.1824],[-122.6284,48.2225],[-122.693,48.2222],[-122.6259,48.2714],[-122.6185,48.2942],[-122.5749,48.2949],[-122.531,48.2824],[-122.5066,48.31],[-122.5513,48.3421],[-122.5976,48.3576],[-122.585,48.3952],[-122.6647,48.4015],[-122.6737,48.3547],[-122.7226,48.3043],[-122.7699,48.2275]]],[[[-120.8516,49.0003],[-121.3453,49.0008],[-121.7513,48.9974],[-122.0984,49.0021],[-122.758,49.0024],[-122.8172,48.956],[-122.8182,48.9391],[-122.7466,48.9307],[-122.7857,48.8851],[-122.7227,48.8529],[-122.7068,48.8023],[-122.6468,48.785],[-122.6748,48.7374],[-122.6474,48.7176],[-122.6081,48.7628],[-122.5358,48.7761],[-122.4912,48.7424],[-122.5192,48.7172],[-122.4903,48.6712],[-122.5099,48.6644],[-122.4253,48.5995],[-122.4541,48.5658],[-122.5044,48.5648],[-122.4825,48.5184],[-122.4702,48.4688],[-122.5031,48.4577],[-122.5372,48.4663],[-122.5587,48.4998],[-122.6006,48.4925],[-122.6152,48.5214],[-122.6683,48.4863],[-122.6548,48.4541],[-122.6758,48.4365],[-122.6561,48.4078],[-122.5583,48.4258],[-122.5328,48.375],[-122.4889,48.3669],[-122.4087,48.3264],[-122.3748,48.2916],[-122.397,48.2532],[-122.4668,48.2696],[-122.4745,48.2552],[-122.531,48.2498],[-122.5372,48.1837],[-122.512,48.1339],[-122.4867,48.121],[-122.4424,48.1308],[-122.4758,48.1668],[-122.4785,48.1881],[-122.4421,48.2094],[-122.4306,48.2362],[-122.3683,48.2146],[-122.3678,48.1349],[-122.3432,48.0976],[-122.28,48.0631],[-122.2744,48.0482],[-122.219,48.0203],[-122.23,47.9709],[-122.307,47.9491],[-122.3399,47.8467],[-122.3956,47.8068],[-122.3952,47.7779],[-122.3272,47.7777],[-122.3287,47.802],[-122.2923,47.8064],[-122.2631,47.8323],[-122.2746,47.8642],[-122.2584,47.8894],[-122.198,47.8927],[-122.2046,47.9219],[-122.1838,47.9782],[-122.1583,47.9855],[-122.145,48.0218],[-122.1841,48.0492],[-122.1843,48.1229],[-122.2032,48.1483],[-122.2015,48.1879],[-122.2197,48.2201],[-122.304,48.2976],[-121.858,48.2975],[-121.6364,48.2985],[-121.445,48.296],[-121.0017,48.296],[-121.0689,48.32],[-121.0406,48.3479],[-121.0618,48.3796],[-121.0623,48.4053],[-121.0377,48.4321],[-121.0629,48.4602],[-121.0362,48.4953],[-120.9511,48.4996],[-120.9505,48.5296],[-120.9046,48.5237],[-120.8574,48.5477],[-120.8264,48.5465],[-120.7879,48.5071],[-120.7021,48.5316],[-120.6885,48.5757],[-120.7605,48.5828],[-120.7883,48.6251],[-120.7187,48.6745],[-120.6782,48.7178],[-120.6915,48.7479],[-120.7354,48.7865],[-120.7424,48.8221],[-120.7353,48.8644],[-120.7669,48.8764],[-120.7685,48.9545],[-120.8201,48.9411],[-120.8826,48.9685],[-120.8516,49.0003]]],[[[-122.8311,48.5725],[-122.8077,48.5313],[-122.771,48.5631],[-122.8109,48.5889],[-122.8311,48.5725]]],[[[-122.9457,48.4778],[-122.9044,48.4462],[-122.8621,48.4396],[-122.8537,48.4198],[-122.8035,48.4302],[-122.8162,48.4878],[-122.7847,48.5102],[-122.8287,48.5233],[-122.8909,48.5582],[-122.9203,48.5507],[-122.9457,48.4778]]],[[[-123.0174,48.5901],[-122.9662,48.5491],[-122.9212,48.5623],[-122.919,48.5871],[-123.0174,48.5901]]],[[[-123.0303,48.6299],[-122.9839,48.6421],[-122.9475,48.5972],[-122.8842,48.5887],[-122.8619,48.6123],[-122.9098,48.6539],[-122.9202,48.6861],[-122.8824,48.6852],[-122.8833,48.6603],[-122.8482,48.622],[-122.8088,48.6199],[-122.742,48.6623],[-122.8776,48.7127],[-122.9171,48.7137],[-123.0101,48.655],[-123.0303,48.6299]]],[[[-123.0679,48.7003],[-123.0051,48.6943],[-123.0098,48.7223],[-123.0679,48.7003]]],[[[-123.0905,49.002],[-123.084,48.9715],[-123.0246,48.984],[-123.0354,49.0022],[-123.0905,49.002]]],[[[-123.2033,48.5955],[-123.1711,48.5758],[-123.1632,48.5301],[-123.133,48.4983],[-123.0406,48.4617],[-123.0059,48.4709],[-123.0164,48.5186],[-122.9952,48.5355],[-123.0747,48.5919],[-123.1053,48.6226],[-123.1797,48.622],[-123.2033,48.5955]]]]},"properties":{"district_code":"WA-02","state_code":"WA","state_name":"Washington","district_number":"02","label":"Washington — District 2"}},{"type":"Feature","geometry":{"type":"Polygon","coordinates":[[[-89.0135,42.8476],[-89.0136,42.7602],[-89.1311,42.7596],[-89.131,42.7254],[-89.08,42.7302],[-89.0712,42.6691],[-89.0805,42.6389],[-89.0487,42.6062],[-89.0117,42.6341],[-88.9827,42.623],[-88.9748,42.5467],[-89.0708,42.5547],[-89.0674,42.4962],[-88.7867,42.492],[-88.6387,42.495],[-88.4716,42.4947],[-88.1153,42.4962],[-87.8021,42.4926],[-87.8118,42.5206],[-87.8171,42.6355],[-87.7851,42.7008],[-87.7737,42.77],[-87.7579,42.7821],[-87.8245,42.8347],[-87.8435,42.8733],[-87.845,42.9611],[-87.8689,42.9866],[-87.8903,42.93],[-87.9494,42.9304],[-87.9727,42.9449],[-88.0693,42.9524],[-88.0699,42.8433],[-88.3064,42.8421],[-88.3104,42.7555],[-88.426,42.7562],[-88.4241,42.8426],[-88.7717,42.8428],[-89.0135,42.8476]]]},"properties":{"district_code":"WI-01","state_code":"WI","state_name":"Wisconsin","district_number":"01","label":"Wisconsin — District 1"}},{"type":"Feature","geometry":{"type":"Polygon","coordinates":[[[-111.0451,45.0009],[-111.0546,45.001],[-111.0524,44.4784],[-111.049,44.4741],[-111.0491,44.0201],[-111.0467,43.8158],[-111.0452,43.5011],[-111.0442,43.2004],[-111.0436,42.7226],[-111.0468,42.5049],[-111.0467,42.0017],[-111.0458,41.5798],[-111.0466,41.3607],[-111.0467,40.998],[-110.8721,40.9973],[-110.5398,40.9963],[-110.5007,40.9947],[-110.1216,40.9971],[-109.5349,40.9981],[-109.2507,41.001],[-109.0501,41.0007],[-108.8841,41.0001],[-108.2506,41.0001],[-108.0465,41.0021],[-107.6256,41.0021],[-107.3178,41.003],[-106.8578,41.0027],[-106.4539,41.0021],[-106.2176,40.9977],[-105.7248,40.9969],[-105.4127,40.9978],[-104.9434,40.9981],[-104.676,41.001],[-104.0532,41.0014],[-104.0523,41.4179],[-104.053,41.8855],[-104.0526,42.125],[-104.0531,42.5],[-104.053,43.0006],[-104.0546,43.3971],[-104.0555,43.8459],[-104.0546,44.1269],[-104.0558,44.6334],[-104.0579,44.9976],[-104.6313,44.9988],[-105.1692,45.0001],[-105.6282,45.0004],[-105.9131,45.0002],[-105.9282,44.9935],[-106.2637,44.9938],[-106.5709,44.9949],[-107.0849,44.9966],[-107.1274,44.9998],[-107.6258,45.0007],[-108.0051,45.0005],[-108.515,44.9997],[-109.0828,44.9996],[-109.1032,45.0058],[-109.7611,45.0018],[-110.1058,45.0035],[-110.1832,44.997],[-110.4071,44.9995],[-110.4457,44.9937],[-110.7045,44.9922],[-110.7901,45.0009],[-111.0451,45.0009]]]},"properties":{"district_code":"WY-AL","state_code":"WY","state_name":"Wyoming","district_number":"AL","label":"Wyoming — At-large"}},{"type":"Feature","geometry":{"type":"MultiPolygon","coordinates":[[[[-156.0608,19.7305],[-156.048,19.6989],[-156.0268,19.6762],[-156.0324,19.656],[-156.0008,19.6372],[-155.9738,19.6039],[-155.9482,19.4955],[-155.9241,19.4814],[-155.9278,19.4588],[-155.9049,19.4103],[-155.9109,19.3965],[-155.8867,19.3456],[-155.8887,19.289],[-155.9006,19.2475],[-155.9103,19.1512],[-155.9183,19.1148],[-155.9068,19.0799],[-155.8796,19.0335],[-155.8504,19.0194],[-155.801,19.0101],[-155.7592,18.9773],[-155.7236,18.9664],[-155.684,18.9342],[-155.6548,18.9225],[-155.5992,18.9684],[-155.5937,18.9953],[-155.5518,19.0517],[-155.5549,19.0778],[-155.5013,19.1349],[-155.4501,19.1491],[-155.4147,19.1847],[-155.347,19.2145],[-155.3389,19.2311],[-155.2932,19.2639],[-155.2625,19.2712],[-155.1919,19.2561],[-155.1298,19.274],[-155.0712,19.3117],[-155.0486,19.3143],[-154.9719,19.3499],[-154.9091,19.4065],[-154.8892,19.4156],[-154.8203,19.4789],[-154.8113,19.5268],[-154.9026,19.5684],[-154.9471,19.6049],[-154.9452,19.6212],[-154.9825,19.6439],[-154.9781,19.689],[-155.0035,19.7363],[-155.0411,19.7387],[-155.0608,19.7263],[-155.09,19.7346],[-155.0861,19.7835],[-155.0926,19.8093],[-155.0823,19.8359],[-155.0927,19.8647],[-155.1773,19.9478],[-155.2803,20.019],[-155.3302,20.0385],[-155.4378,20.0927],[-155.5561,20.1292],[-155.5891,20.1192],[-155.6343,20.1444],[-155.6517,20.1654],[-155.7249,20.2016],[-155.731,20.22],[-155.837,20.267],[-155.8826,20.2568],[-155.8994,20.2301],[-155.9044,20.1961],[-155.8914,20.1255],[-155.8645,20.0764],[-155.8231,20.0276],[-155.8324,19.9739],[-155.859,19.9629],[-155.8907,19.9286],[-155.8908,19.912],[-155.9233,19.8705],[-155.9221,19.8572],[-155.973,19.848],[-156.001,19.8147],[-156.0492,19.7719],[-156.0608,19.7305]]],[[[-156.6974,20.9164],[-156.6736,20.8613],[-156.6184,20.8076],[-156.5665,20.7924],[-156.5377,20.7746],[-156.5062,20.7951],[-156.4613,20.7785],[-156.4482,20.7221],[-156.4407,20.6043],[-156.4123,20.5829],[-156.3738,20.5749],[-156.2996,20.5831],[-156.1913,20.6285],[-156.139,20.6181],[-156.1107,20.6397],[-156.0466,20.6526],[-156.0128,20.6821],[-155.9834,20.7218],[-155.9851,20.7735],[-156.0005,20.7915],[-156.0569,20.8071],[-156.0877,20.8283],[-156.1067,20.823],[-156.1304,20.8595],[-156.1667,20.8656],[-156.2275,20.9158],[-156.2403,20.9359],[-156.3218,20.9471],[-156.3693,20.9293],[-156.3837,20.916],[-156.4253,20.9098],[-156.4498,20.8971],[-156.4797,20.8981],[-156.4964,20.9309],[-156.5601,21.0139],[-156.5885,21.0308],[-156.625,21.0218],[-156.6662,20.9962],[-156.6923,20.9471],[-156.6974,20.9164]]],[[[-156.7,20.5279],[-156.6795,20.5034],[-156.6403,20.505],[-156.6106,20.5165],[-156.5673,20.5161],[-156.539,20.5762],[-156.5684,20.6031],[-156.6087,20.5901],[-156.6456,20.5635],[-156.6775,20.555],[-156.7,20.5279]]],[[[-157.0602,20.9019],[-157.0497,20.8702],[-157.0062,20.8496],[-156.9879,20.8174],[-156.9922,20.7872],[-156.9819,20.7535],[-156.9633,20.7319],[-156.8904,20.735],[-156.8298,20.7669],[-156.8059,20.8217],[-156.8288,20.8559],[-156.8825,20.9045],[-156.9153,20.9196],[-156.987,20.9288],[-157.0355,20.9224],[-157.0602,20.9019]]],[[[-157.3065,21.1082],[-157.2988,21.0934],[-157.2525,21.0877],[-157.1491,21.0915],[-157.0956,21.1036],[-156.8745,21.0455],[-156.8022,21.0671],[-156.736,21.1141],[-156.7124,21.144],[-156.7391,21.1735],[-156.8039,21.1752],[-156.8659,21.1614],[-156.9439,21.1729],[-156.9628,21.2121],[-156.9823,21.2078],[-156.9982,21.1792],[-157.0927,21.1949],[-157.1868,21.2033],[-157.1965,21.2142],[-157.2388,21.2178],[-157.2514,21.1778],[-157.2911,21.143],[-157.3065,21.1082]]],[[[-157.6498,21.3107],[-157.6938,21.3329],[-157.7059,21.3803],[-157.7339,21.4006],[-157.758,21.4369],[-157.77,21.4133],[-157.8381,21.4567],[-157.8506,21.5063],[-157.8345,21.5269],[-157.8467,21.5498],[-157.8867,21.5806],[-157.9194,21.6263],[-157.9168,21.6474],[-157.9674,21.7104],[-158.0093,21.7003],[-158.0623,21.6554],[-158.0651,21.6391],[-158.1228,21.5835],[-158.2348,21.5819],[-158.2776,21.577],[-158.2315,21.5372],[-158.2311,21.4827],[-158.1796,21.4286],[-158.173,21.3986],[-158.1411,21.3764],[-158.1127,21.3019],[-158.086,21.2958],[-158.09,21.3283],[-158.0519,21.3737],[-158.0192,21.3903],[-158.0275,21.4138],[-158.028,21.49],[-157.9961,21.4853],[-157.905,21.4988],[-157.8725,21.4398],[-157.8384,21.4178],[-157.7872,21.3411],[-157.7064,21.3166],[-157.6498,21.3107]]],[[[-159.7879,22.0301],[-159.7594,21.9795],[-159.6687,21.9536],[-159.6337,21.9132],[-159.6081,21.8998],[-159.5269,21.8839],[-159.4753,21.8821],[-159.4449,21.8686],[-159.3551,21.9316],[-159.3299,21.9602],[-159.3386,22.0234],[-159.3327,22.0507],[-159.2966,22.1051],[-159.2933,22.1443],[-159.3156,22.1868],[-159.34,22.2085],[-159.4067,22.2257],[-159.429,22.2176],[-159.4879,22.2295],[-159.5183,22.2112],[-159.559,22.2267],[-159.5811,22.2235],[-159.6584,22.1731],[-159.6985,22.1628],[-159.7305,22.14],[-159.7452,22.0975],[-159.7837,22.0649],[-159.7879,22.0301]]],[[[-160.2452,21.8472],[-160.2306,21.7905],[-160.2035,21.7792],[-160.1918,21.8143],[-160.159,21.8653],[-160.0748,21.8948],[-160.083,21.9279],[-160.053,21.9923],[-160.0701,22.0033],[-160.1117,21.9936],[-160.1255,21.9537],[-160.187,21.9249],[-160.2253,21.89],[-160.2452,21.8472]]]]},"properties":{"district_code":"HI-02","state_code":"HI","state_name":"Hawaii","district_number":"02","label":"Hawaii — District 2"}},{"type":"Feature","geometry":{"type":"Polygon","coordinates":[[[-95.1659,30.345],[-95.2266,30.3271],[-95.3195,30.3324],[-95.3057,30.2858],[-95.2989,30.2321],[-95.3994,30.3059],[-95.4569,30.2767],[-95.4588,30.2367],[-95.5681,30.2161],[-95.6009,30.1744],[-95.5968,30.1345],[-95.5093,30.1369],[-95.4921,30.0384],[-95.5203,30.0182],[-95.4983,29.9879],[-95.4638,30.007],[-95.4613,30.0349],[-95.3826,30.0403],[-95.2947,30.0163],[-95.297,30.0049],[-95.2124,29.9994],[-95.2114,29.9567],[-95.1938,29.9449],[-95.2014,29.8882],[-95.1872,29.8708],[-95.1757,29.8333],[-95.1434,29.8463],[-95.1488,29.7717],[-95.1242,29.7709],[-95.0709,29.7956],[-95.0077,29.7771],[-94.9976,29.8023],[-95.0028,29.8424],[-95.0279,29.8421],[-95.0358,29.8884],[-95.0616,29.8887],[-95.0318,29.9378],[-94.9859,29.973],[-94.9998,29.9913],[-95.0312,29.9933],[-95.104,30.1865],[-95.1659,30.345]]]},"properties":{"district_code":"TX-02","state_code":"TX","state_name":"Texas","district_number":"02","label":"Texas — District 2"}},{"type":"Feature","geometry":{"type":"Polygon","coordinates":[[[-96.6134,32.9843],[-96.6655,32.9515],[-96.6655,32.8716],[-96.6349,32.8438],[-96.659,32.8344],[-96.6739,32.7989],[-96.6024,32.7653],[-96.5805,32.745],[-96.5753,32.7033],[-96.5884,32.6698],[-96.5821,32.6524],[-96.6222,32.6177],[-96.5887,32.6059],[-96.5616,32.5556],[-96.5297,32.5453],[-96.5042,32.5236],[-96.51,32.4835],[-96.477,32.4341],[-96.4383,32.4122],[-96.4345,32.3892],[-96.4545,32.3611],[-96.4291,32.3322],[-96.3908,32.3339],[-96.331,32.3035],[-96.2966,32.2982],[-96.2846,32.2636],[-96.2294,32.2362],[-96.1895,32.2023],[-96.1453,32.1528],[-96.1127,32.1568],[-96.1178,32.095],[-96.0995,32.0813],[-96.066,32.0858],[-96.0665,32.0378],[-96.0528,32.0059],[-95.7938,32.0368],[-95.4285,32.0845],[-95.4523,32.1077],[-95.4599,32.1356],[-95.4798,32.1519],[-95.4626,32.2018],[-95.4863,32.2254],[-95.4676,32.2466],[-95.4483,32.3003],[-95.4479,32.3469],[-95.5528,32.4504],[-95.5943,32.4799],[-95.5942,32.6846],[-95.5243,32.6437],[-95.5109,32.6203],[-95.4691,32.6056],[-95.4197,32.6091],[-95.3819,32.5985],[-95.3322,32.6043],[-95.2383,32.5607],[-95.2067,32.56],[-95.1653,32.5444],[-95.1534,32.5701],[-95.1527,32.6609],[-95.0569,32.701],[-95.0261,32.7428],[-95.0222,32.7915],[-95.038,32.8119],[-95.0076,32.8587],[-94.9559,32.8565],[-94.9059,32.8634],[-94.9127,32.8078],[-94.9084,32.7744],[-94.8877,32.7671],[-94.867,32.734],[-94.8222,32.709],[-94.7968,32.6587],[-94.7369,32.6635],[-94.7018,32.6522],[-94.7021,32.8205],[-94.7083,32.8961],[-94.7199,32.9045],[-94.9004,32.9026],[-95.1521,32.9026],[-95.1522,32.9903],[-95.1729,32.9618],[-95.309,32.9626],[-95.6654,32.9604],[-95.6371,32.7247],[-95.659,32.7116],[-95.6912,32.7373],[-95.7944,32.7758],[-95.8436,32.7693],[-95.9225,32.816],[-95.9344,32.8372],[-96.2973,32.8417],[-96.2974,32.8142],[-96.519,32.8136],[-96.517,32.9829],[-96.6134,32.9843]]]},"properties":{"district_code":"TX-05","state_code":"TX","state_name":"Texas","district_number":"05","label":"Texas — District 5"}},{"type":"Feature","geometry":{"type":"Polygon","coordinates":[[[-89.0091,43.2848],[-89.0135,42.8476],[-88.7717,42.8428],[-88.4241,42.8426],[-88.426,42.7562],[-88.3104,42.7555],[-88.3064,42.8421],[-88.0699,42.8433],[-88.0693,42.9524],[-87.9727,42.9449],[-87.9494,42.9304],[-87.9485,42.9739],[-88.0377,42.9736],[-88.0318,43.0238],[-88.067,43.0309],[-88.0634,43.1921],[-88.0624,43.3673],[-88.04,43.3679],[-88.0405,43.5424],[-88.5213,43.5439],[-88.4768,43.5004],[-88.4502,43.5147],[-88.4503,43.4569],[-88.7648,43.4588],[-88.7654,43.5024],[-88.8052,43.5027],[-88.8047,43.4589],[-88.832,43.4366],[-88.8885,43.4591],[-89.0061,43.4588],[-89.0091,43.2848]]]},"properties":{"district_code":"WI-05","state_code":"WI","state_name":"Wisconsin","district_number":"05","label":"Wisconsin — District 5"}},{"type":"Feature","geometry":{"type":"MultiPolygon","coordinates":[[[[-89.1327,36.9822],[-89.0996,36.9645],[-89.1176,36.8874],[-89.138,36.8473],[-89.1734,36.8398],[-89.1774,36.8073],[-89.1168,36.7756],[-89.1261,36.7517],[-89.1669,36.7596],[-89.1978,36.7394],[-89.1995,36.716],[-89.1591,36.6664],[-89.1977,36.6289],[-89.2026,36.6016],[-89.2273,36.5694],[-89.2583,36.5649],[-89.2946,36.5937],[-89.3267,36.6322],[-89.3755,36.6157],[-89.3828,36.5836],[-89.4173,36.499],[-89.3003,36.5071],[-89.1175,36.5036],[-88.8346,36.5029],[-88.3308,36.5005],[-88.0533,36.4971],[-88.0325,36.5407],[-88.0451,36.6029],[-88.0705,36.6781],[-88.0118,36.677],[-87.8496,36.6637],[-87.8532,36.6332],[-87.4143,36.641],[-87.115,36.6424],[-86.7138,36.6493],[-86.5899,36.6525],[-86.5639,36.6336],[-86.5078,36.6524],[-86.3331,36.6488],[-86.0328,36.6304],[-85.8322,36.622],[-85.4884,36.615],[-85.3004,36.6244],[-85.1954,36.6255],[-84.9749,36.6156],[-84.9995,36.6246],[-85.0014,36.6769],[-85.0205,36.6944],[-85.0041,36.7562],[-85.0264,36.8069],[-85.0592,36.8331],[-85.0643,36.8587],[-84.9609,36.9163],[-84.9504,36.9555],[-84.9079,36.9454],[-84.8357,36.9976],[-84.8637,37.008],[-84.9058,37.0472],[-84.9011,37.1163],[-84.8093,37.175],[-84.7207,37.2383],[-84.724,37.2868],[-84.7061,37.2998],[-84.7228,37.36],[-84.7961,37.3906],[-84.8508,37.4271],[-84.8601,37.4674],[-84.8571,37.5285],[-84.8474,37.5483],[-84.7834,37.5767],[-84.7237,37.5913],[-84.6583,37.6345],[-84.6982,37.6685],[-84.7043,37.6976],[-84.7338,37.7108],[-84.7936,37.7172],[-84.8077,37.7048],[-85.025,37.6789],[-85.0005,37.8547],[-85.0484,37.8958],[-85.0413,37.9221],[-85.0747,37.9508],[-85.0445,37.9845],[-84.9672,38.009],[-84.9198,38.094],[-84.8874,38.097],[-84.8649,38.1169],[-84.8648,38.1414],[-84.7252,38.1954],[-84.7303,38.2083],[-84.7406,38.3524],[-84.7934,38.3387],[-84.8399,38.3563],[-84.8924,38.3552],[-84.9063,38.3748],[-84.9977,38.3356],[-84.957,38.3323],[-84.9989,38.275],[-85.0075,38.1758],[-85.0223,38.1282],[-85.0397,38.1193],[-85.0526,38.0754],[-85.0835,38.0411],[-85.1265,38.0203],[-85.1311,37.9959],[-85.1663,37.9875],[-85.1518,37.8877],[-85.1814,37.8924],[-85.2054,37.8632],[-85.2465,37.8539],[-85.2903,37.8312],[-85.3379,37.7803],[-85.375,37.7645],[-85.3733,37.7396],[-85.4019,37.7305],[-85.4505,37.6859],[-85.5213,37.5543],[-85.503,37.5491],[-85.4666,37.4674],[-85.5028,37.4823],[-85.5289,37.4541],[-85.5846,37.4646],[-85.5845,37.4321],[-85.4781,37.3637],[-85.3928,37.2493],[-85.4065,37.2221],[-85.3719,37.2213],[-85.3528,37.1924],[-85.3803,37.1683],[-85.5269,37.1095],[-85.6323,37.1251],[-85.6609,37.143],[-85.6865,37.1824],[-85.7442,37.1698],[-85.777,37.1383],[-85.7561,37.1098],[-85.7593,37.0686],[-85.7504,37.0059],[-85.7393,36.8415],[-85.807,36.8216],[-85.9769,36.7227],[-86.0023,36.7587],[-86.0307,36.7644],[-86.066,36.8228],[-86.078,36.8547],[-86.0702,36.8773],[-86.0974,36.9008],[-86.1248,36.8954],[-86.1704,36.935],[-86.2127,36.9037],[-86.2263,36.9126],[-86.2634,36.8731],[-86.4058,36.7762],[-86.4005,36.8072],[-86.5833,36.8303],[-86.6116,36.8831],[-86.6559,36.8763],[-86.6907,36.8443],[-86.7365,36.896],[-86.7412,36.9287],[-86.7138,36.9368],[-86.7045,36.9778],[-86.6745,36.9998],[-86.8453,37.0565],[-86.9764,37.0736],[-87.0532,37.061],[-87.1181,37.0447],[-87.2503,37.0406],[-87.2452,37.0641],[-87.2859,37.0873],[-87.3128,37.1137],[-87.3336,37.1615],[-87.3079,37.1946],[-87.3457,37.2123],[-87.3559,37.2366],[-87.3873,37.2554],[-87.372,37.2992],[-87.3452,37.3099],[-87.3304,37.3441],[-87.2996,37.3683],[-87.3115,37.4019],[-87.3511,37.4249],[-87.3617,37.4881],[-87.35,37.5141],[-87.3596,37.5461],[-87.397,37.5893],[-87.4645,37.5938],[-87.4996,37.6274],[-87.4728,37.6649],[-87.413,37.6747],[-87.3941,37.724],[-87.3708,37.7378],[-87.3208,37.7425],[-87.2898,37.7611],[-87.3074,37.8152],[-87.3234,37.8192],[-87.3029,37.8977],[-87.3449,37.9112],[-87.3854,37.9377],[-87.4378,37.9442],[-87.5115,37.9064],[-87.5513,37.9254],[-87.5721,37.9466],[-87.6056,37.9501],[-87.6279,37.9223],[-87.5871,37.8849],[-87.5903,37.8586],[-87.6154,37.832],[-87.6724,37.8291],[-87.6816,37.8559],[-87.6668,37.8958],[-87.7626,37.8907],[-87.7864,37.8766],[-87.8298,37.8764],[-87.8725,37.921],[-87.9048,37.9249],[-87.9384,37.8908],[-87.9149,37.8496],[-87.9068,37.8076],[-87.9445,37.7753],[-88.0151,37.8019],[-88.028,37.7992],[-88.0638,37.7386],[-88.125,37.7071],[-88.1582,37.6645],[-88.1584,37.6399],[-88.1343,37.5746],[-88.069,37.5253],[-88.0626,37.496],[-88.0818,37.473],[-88.2817,37.4526],[-88.3126,37.4406],[-88.3616,37.4029],[-88.4088,37.4252],[-88.456,37.4085],[-88.4766,37.3869],[-88.4869,37.3396],[-88.5159,37.284],[-88.5093,37.2621],[-88.4478,37.2035],[-88.4244,37.1524],[-88.4606,37.0743],[-88.5214,37.0656],[-88.5732,37.08],[-88.6114,37.1127],[-88.6878,37.1394],[-88.7321,37.144],[-88.8057,37.1886],[-88.9162,37.224],[-88.9747,37.2297],[-89.03,37.2111],[-89.0762,37.1751],[-89.1036,37.1321],[-89.1681,37.0742],[-89.1825,37.0373],[-89.1664,37.0033],[-89.1327,36.9822]]],[[[-89.4854,36.4975],[-89.4659,36.5299],[-89.4848,36.5718],[-89.5526,36.5772],[-89.5712,36.5473],[-89.5392,36.4979],[-89.4854,36.4975]]]]},"properties":{"district_code":"KY-01","state_code":"KY","state_name":"Kentucky","district_number":"01","label":"Kentucky — District 1"}},{"type":"Feature","geometry":{"type":"Polygon","coordinates":[[[-89.3179,33.1089],[-89.3193,32.8751],[-89.3176,32.5765],[-89.7302,32.5772],[-89.7303,32.6342],[-89.7708,32.5992],[-89.8159,32.5825],[-89.8393,32.5932],[-89.9279,32.5155],[-89.9715,32.5224],[-89.9952,32.5604],[-90.0817,32.5607],[-90.1362,32.5533],[-90.1642,32.5684],[-90.218,32.5533],[-90.2489,32.5601],[-90.2747,32.5461],[-90.3103,32.5459],[-90.3636,32.5986],[-90.4044,32.5748],[-90.4278,32.5857],[-90.45,32.5738],[-90.4499,32.4884],[-90.2436,32.4875],[-90.2438,32.4001],[-90.1766,32.4002],[-90.1518,32.4123],[-90.1235,32.3995],[-90.1753,32.3502],[-90.1794,32.2871],[-90.2053,32.2519],[-90.2057,32.2315],[-90.1817,32.2016],[-90.2126,32.18],[-90.2454,32.1714],[-90.2461,32.1034],[-90.2288,32.0954],[-90.23,32.0467],[-90.2479,32.0315],[-90.2229,31.9892],[-90.1683,31.9305],[-90.1703,31.9045],[-90.1457,31.8929],[-90.1326,31.8569],[-90.1562,31.8409],[-90.136,31.819],[-90.1408,31.7894],[-90.1125,31.7697],[-90.1841,31.7315],[-90.2299,31.7237],[-90.28,31.6999],[-90.5622,31.6983],[-90.7368,31.6985],[-90.7373,31.6111],[-90.6332,31.6114],[-90.6333,31.3493],[-90.5482,31.3496],[-90.5476,30.9997],[-90.1643,31.001],[-89.7281,31.0023],[-89.654,31.0025],[-89.6542,31.4338],[-89.3992,31.434],[-89.4012,31.7969],[-89.2647,31.8052],[-89.2637,31.7722],[-89.1879,31.7698],[-89.1874,31.7504],[-89.1175,31.726],[-89.0851,31.752],[-89.0841,31.7699],[-89.0114,31.7698],[-89.0111,31.7844],[-88.9432,31.7842],[-88.9434,31.8246],[-88.7634,31.8359],[-88.6224,31.8572],[-88.4732,31.8939],[-88.4386,32.1728],[-88.4039,32.4488],[-88.3733,32.7118],[-88.3309,33.0731],[-88.3044,33.2883],[-88.6691,33.2869],[-88.6715,33.5651],[-88.9846,33.5641],[-89.0357,33.5622],[-89.0361,33.5127],[-88.9596,33.4982],[-88.9665,33.4626],[-88.9668,33.3798],[-88.9926,33.368],[-88.9673,33.3439],[-88.966,33.2861],[-89.1089,33.2859],[-89.1089,33.1981],[-89.2134,33.1975],[-89.2139,33.1094],[-89.3179,33.1089]]]},"properties":{"district_code":"MS-03","state_code":"MS","state_name":"Mississippi","district_number":"03","label":"Mississippi — District 3"}},{"type":"Feature","geometry":{"type":"Polygon","coordinates":[[[-112.1934,48.9989],[-112.189,48.914],[-112.1891,48.5665],[-112.1848,48.4776],[-112.2246,48.4717],[-112.2623,48.4256],[-112.3282,48.3801],[-112.3349,48.3518],[-112.1428,48.3515],[-112.0992,48.3369],[-112.0917,48.3083],[-112.0556,48.3031],[-112.0557,48.2422],[-112.1354,48.2512],[-112.2693,48.1993],[-112.2643,48.1313],[-112.8267,48.1332],[-113.0006,48.1307],[-112.9818,48.0738],[-112.9378,48.0609],[-112.9357,48.0352],[-112.8967,48.019],[-112.8849,47.9854],[-112.9126,47.9464],[-112.9818,47.9553],[-113.0221,47.9271],[-113.0866,47.9182],[-113.0925,47.8961],[-113.0633,47.8856],[-113.06,47.8081],[-113.081,47.7499],[-113.138,47.7458],[-113.1658,47.7198],[-113.1285,47.661],[-113.1422,47.5931],[-113.1177,47.5705],[-113.1231,47.5157],[-113.1145,47.4904],[-113.0592,47.4886],[-113.0591,47.1796],[-113.0494,47.1771],[-112.7958,47.177],[-112.7956,46.8317],[-112.5357,46.8342],[-112.5356,46.6995],[-112.4108,46.6995],[-112.4106,46.656],[-112.3209,46.6559],[-112.2932,46.6051],[-112.3167,46.5749],[-112.2937,46.5311],[-112.3063,46.5104],[-112.3045,46.4501],[-112.3125,46.4184],[-112.3501,46.3851],[-112.4038,46.3866],[-112.4514,46.35],[-112.5336,46.3309],[-112.5724,46.2966],[-112.5607,46.2611],[-112.5944,46.228],[-112.5736,46.2118],[-112.5771,46.179],[-112.517,46.1659],[-112.5201,46.1373],[-112.4663,46.0927],[-112.477,46.0517],[-112.442,46.0295],[-112.4446,46.002],[-112.4313,45.9295],[-112.4043,45.888],[-112.4305,45.8539],[-112.4014,45.8319],[-112.2668,45.7863],[-112.1884,45.7477],[-112.1568,45.7555],[-112.1122,45.8062],[-112.1049,45.8411],[-112.0229,45.8588],[-111.984,45.8465],[-111.927,45.8557],[-111.9066,45.828],[-111.8106,45.8129],[-111.7882,45.7925],[-111.7559,45.8042],[-111.7055,45.7957],[-111.6129,45.8745],[-111.5877,45.9067],[-111.5487,45.9098],[-111.4954,45.9344],[-111.4641,45.9636],[-111.4636,45.9899],[-111.4196,45.9963],[-111.4238,46.062],[-111.3786,46.1133],[-111.3494,46.1226],[-111.3467,46.1878],[-111.1595,46.1878],[-111.1595,46.1928],[-110.7838,46.1927],[-110.7908,46.1418],[-110.7924,45.9888],[-110.7885,45.9049],[-110.7953,45.7863],[-110.7948,45.5907],[-110.8574,45.5906],[-110.8583,45.5249],[-110.9192,45.5249],[-110.9179,45.3513],[-111.0382,45.3514],[-111.0386,45.1764],[-111.0466,45.1763],[-111.0451,45.0009],[-110.7901,45.0009],[-110.7045,44.9922],[-110.4457,44.9937],[-110.4071,44.9995],[-110.1832,44.997],[-110.1058,45.0035],[-109.7611,45.0018],[-109.1032,45.0058],[-109.0828,44.9996],[-108.515,44.9997],[-108.0051,45.0005],[-107.6258,45.0007],[-107.1274,44.9998],[-107.0849,44.9966],[-106.5709,44.9949],[-106.2637,44.9938],[-105.9282,44.9935],[-105.9131,45.0002],[-105.6282,45.0004],[-105.1692,45.0001],[-104.6313,44.9988],[-104.0579,44.9976],[-104.0397,44.9981],[-104.0401,45.3742],[-104.0426,45.75],[-104.0454,45.9453],[-104.0452,46.125],[-104.045,46.5098],[-104.0459,46.8308],[-104.0448,47.1274],[-104.0453,47.3435],[-104.0432,47.7471],[-104.0439,47.9715],[-104.046,48.2568],[-104.0482,48.5991],[-104.0487,48.9999],[-104.3051,48.9997],[-104.8755,48.999],[-105.3559,48.9994],[-106.0505,48.9992],[-106.4796,48.9994],[-106.8316,48.9997],[-107.441,48.9994],[-107.9723,48.9997],[-108.4881,48.9994],[-109.0007,48.9992],[-109.3841,49.0004],[-109.8193,48.9999],[-110.1716,48.9993],[-110.5925,48.999],[-111.0039,48.9975],[-111.5008,48.997],[-112.1934,48.9989]]]},"properties":{"district_code":"MT-02","state_code":"MT","state_name":"Montana","district_number":"02","label":"Montana — District 2"}},{"type":"Feature","geometry":{"type":"Polygon","coordinates":[[[-114.0499,38.6774],[-114.6295,38.6774],[-114.6477,38.586],[-114.6982,38.5978],[-114.7613,38.5888],[-114.817,38.6458],[-114.8363,38.6773],[-115.0008,38.6773],[-115.5999,38.9999],[-115.9071,39.1618],[-116.2351,39.1618],[-116.7508,39.1615],[-117.0141,39.1634],[-117.3319,39.1634],[-117.7755,39.0934],[-117.8651,39.0737],[-118.2436,39.0733],[-118.4775,39.0737],[-118.4777,39.1128],[-118.5332,39.1122],[-118.5702,39.1419],[-118.7927,39.1415],[-118.7924,39.1714],[-118.8481,39.1712],[-118.8907,39.2272],[-118.9631,39.225],[-118.9816,39.2452],[-119.041,39.2652],[-119.051,39.1668],[-119.1073,39.1651],[-119.1167,39.128],[-119.0563,39.1198],[-119.0134,39.122],[-118.9956,39.0839],[-118.9481,39.0839],[-118.923,39.0694],[-119.0149,38.9441],[-119.0145,38.852],[-119.0462,38.8389],[-119.1448,38.845],[-119.186,38.8338],[-119.2252,38.8074],[-119.2546,38.8101],[-119.3298,38.7873],[-119.3302,38.7339],[-119.2651,38.6312],[-119.2814,38.6129],[-119.2862,38.5731],[-119.3296,38.5881],[-119.3301,38.5359],[-118.9497,38.2689],[-118.572,37.9999],[-118.2509,37.7686],[-117.8759,37.4973],[-117.7124,37.3749],[-117.5001,37.2204],[-117.3759,37.1268],[-117.0009,36.8477],[-116.7103,36.6275],[-116.3759,36.3726],[-116.0972,36.1583],[-115.846,35.9642],[-115.8458,36.122],[-115.7822,36.125],[-115.7285,36.1476],[-115.6818,36.1478],[-115.6684,36.1612],[-115.5788,36.1671],[-115.5735,36.1089],[-115.5314,36.1315],[-115.5033,36.1632],[-115.4744,36.1439],[-115.4264,36.1292],[-115.3878,36.145],[-115.4235,36.1885],[-115.424,36.2931],[-115.4033,36.3062],[-115.3335,36.3209],[-115.331,36.2626],[-115.2787,36.263],[-115.2789,36.2262],[-115.247,36.2256],[-115.243,36.1442],[-115.1775,36.1371],[-115.1573,36.1437],[-115.134,36.1884],[-115.0708,36.1885],[-115.0712,36.2033],[-114.9905,36.202],[-114.9768,36.1592],[-114.9753,36.0898],[-114.9395,36.101],[-114.9134,36.0876],[-114.9064,36.1218],[-114.8733,36.1321],[-114.7406,36.0658],[-114.7548,36.0847],[-114.7362,36.1044],[-114.6827,36.1091],[-114.6305,36.1422],[-114.6106,36.1316],[-114.5711,36.1511],[-114.5081,36.1497],[-114.4988,36.1266],[-114.4687,36.1389],[-114.4437,36.1256],[-114.4153,36.1451],[-114.3702,36.1426],[-114.3069,36.0825],[-114.3124,36.0661],[-114.2709,36.0455],[-114.2334,36.0128],[-114.1733,36.0268],[-114.1514,36.0231],[-114.0682,36.1777],[-114.0439,36.1934],[-114.0432,36.3794],[-114.0494,36.6889],[-114.0506,37.0004],[-114.0518,37.4181],[-114.053,37.5928],[-114.0497,37.8236],[-114.0504,38],[-114.0494,38.2647],[-114.0499,38.6774]]]},"properties":{"district_code":"NV-04","state_code":"NV","state_name":"Nevada","district_number":"04","label":"Nevada — District 4"}},{"type":"Feature","geometry":{"type":"Polygon","coordinates":[[[-81.6775,36.5881],[-81.677,36.5707],[-81.708,36.5362],[-81.6953,36.4679],[-81.7149,36.4572],[-81.7207,36.4225],[-81.7407,36.4131],[-81.7174,36.3478],[-81.7649,36.3387],[-81.7908,36.3559],[-81.8332,36.3473],[-81.9081,36.302],[-82.0331,36.1204],[-82.0541,36.1268],[-82.0797,36.1065],[-82.1306,36.1064],[-82.1479,36.1495],[-82.1768,36.1422],[-82.2049,36.1571],[-82.2475,36.1309],[-82.2895,36.1357],[-82.3552,36.1156],[-82.4167,36.0728],[-82.3453,36.0765],[-82.3382,36.0301],[-82.2991,36.0402],[-82.2385,36.0048],[-82.2142,36.0171],[-82.1917,35.9906],[-82.1977,35.9523],[-82.155,35.9208],[-82.1469,35.902],[-82.1438,35.8251],[-82.1203,35.8254],[-82.0961,35.8521],[-82.048,35.8532],[-82.0226,35.8849],[-81.9802,35.885],[-81.9823,35.9109],[-81.9546,35.9266],[-81.9432,35.9601],[-81.8999,35.9999],[-81.87,35.9763],[-81.8174,35.9684],[-81.7525,35.9244],[-81.7098,35.875],[-81.6392,35.8483],[-81.6008,35.8251],[-81.556,35.7775],[-81.4903,35.7805],[-81.4384,35.8205],[-81.3682,35.8454],[-81.3435,35.829],[-81.3334,35.8792],[-81.3429,35.9233],[-81.3283,35.9966],[-81.2685,36.025],[-81.1933,36.0367],[-81.1667,36.0257],[-81.1375,36.0364],[-81.0981,36.0282],[-80.9757,36.0588],[-80.6932,36.0513],[-80.7078,35.853],[-80.632,35.8457],[-80.5695,35.8155],[-80.5075,35.7748],[-80.4644,35.805],[-80.4723,35.8255],[-80.3897,35.8676],[-80.3652,35.8934],[-80.378,35.9622],[-80.3943,35.9728],[-80.3303,35.9966],[-80.2138,35.9971],[-80.2137,36.0268],[-80.1375,36.025],[-80.1462,36.0737],[-80.1704,36.0667],[-80.2099,36.1142],[-80.2421,36.1346],[-80.2603,36.1862],[-80.2161,36.1912],[-80.1372,36.165],[-80.1229,36.178],[-80.0378,36.1764],[-80.0273,36.5425],[-80.2952,36.544],[-80.7048,36.5623],[-80.8376,36.5591],[-81.3075,36.575],[-81.3748,36.5747],[-81.6775,36.5881]]]},"properties":{"district_code":"NC-05","state_code":"NC","state_name":"North Carolina","district_number":"05","label":"North Carolina — District 5"}},{"type":"Feature","geometry":{"type":"Polygon","coordinates":[[[-122.7624,45.6564],[-122.791,45.62],[-122.7643,45.5853],[-122.669,45.5276],[-122.6229,45.533],[-122.6336,45.497],[-122.6651,45.5012],[-122.6665,45.4643],[-122.6087,45.4792],[-122.5659,45.4783],[-122.5436,45.46],[-122.5021,45.3955],[-122.4685,45.3842],[-122.4202,45.3883],[-122.3814,45.3552],[-122.3871,45.3156],[-122.3615,45.3085],[-122.2916,45.2295],[-122.2627,45.2318],[-122.2008,45.205],[-122.1098,45.2038],[-122.0714,45.218],[-122.0023,45.2033],[-122.003,45.2609],[-121.9226,45.2661],[-121.8593,45.2207],[-121.8246,45.2265],[-121.7839,45.2145],[-121.6984,45.2264],[-121.6965,45.2579],[-121.4819,45.2581],[-121.4822,45.5196],[-121.4406,45.5194],[-121.4412,45.6973],[-121.5237,45.7249],[-121.6312,45.7047],[-121.7351,45.694],[-121.8113,45.7068],[-121.8672,45.6933],[-121.9083,45.6544],[-122.0037,45.6159],[-122.0444,45.6095],[-122.1017,45.5835],[-122.1837,45.5777],[-122.249,45.5477],[-122.3315,45.5482],[-122.3803,45.5759],[-122.4387,45.5636],[-122.4747,45.5783],[-122.6026,45.6076],[-122.675,45.618],[-122.7624,45.6564]]]},"properties":{"district_code":"OR-03","state_code":"OR","state_name":"Oregon","district_number":"03","label":"Oregon — District 3"}},{"type":"Feature","geometry":{"type":"Polygon","coordinates":[[[-80.519,40.4774],[-80.5191,40.1597],[-80.5193,39.7214],[-79.8529,39.7207],[-79.4767,39.7211],[-78.8084,39.7229],[-78.767,39.7954],[-78.7572,39.8235],[-78.7632,40.057],[-78.7398,40.0696],[-78.677,40.2112],[-78.6583,40.2432],[-78.8847,40.2446],[-78.9021,40.2748],[-78.9225,40.2779],[-78.9675,40.2423],[-79.0096,40.2267],[-79.0235,40.2533],[-79.0566,40.2786],[-79.0099,40.3405],[-78.9216,40.4842],[-78.8506,40.6265],[-78.8089,40.721],[-78.8017,40.7246],[-79.1004,40.7613],[-79.1009,40.8195],[-79.1447,40.8236],[-79.1479,40.8393],[-79.215,40.8383],[-79.2152,40.776],[-79.4502,40.5301],[-79.4887,40.5261],[-79.5607,40.5635],[-79.5896,40.6169],[-79.6381,40.6656],[-79.6684,40.68],[-79.6929,40.6697],[-79.6929,40.6696],[-79.689,40.6454],[-79.7232,40.607],[-79.7734,40.5821],[-79.7651,40.5492],[-79.7357,40.549],[-79.6716,40.4981],[-79.6366,40.4881],[-79.5889,40.4291],[-79.5923,40.3982],[-79.5753,40.372],[-79.6125,40.3064],[-79.6186,40.2487],[-79.6825,40.1993],[-79.709,40.2214],[-79.7721,40.2319],[-79.8714,40.1974],[-79.9003,40.1948],[-79.9579,40.2143],[-79.9626,40.2388],[-79.9145,40.2524],[-80.1163,40.3127],[-80.1846,40.3331],[-80.3608,40.4776],[-80.519,40.4774]]]},"properties":{"district_code":"PA-14","state_code":"PA","state_name":"Pennsylvania","district_number":"14","label":"Pennsylvania — District 14"}},{"type":"Feature","geometry":{"type":"MultiPolygon","coordinates":[[[[-71.1956,41.6751],[-71.208,41.6531],[-71.2719,41.624],[-71.2734,41.607],[-71.328,41.5188],[-71.3165,41.4776],[-71.2521,41.4859],[-71.2366,41.5359],[-71.2407,41.6192],[-71.2153,41.6255],[-71.2054,41.5943],[-71.216,41.5472],[-71.1902,41.4843],[-71.194,41.4564],[-71.1206,41.4974],[-71.1316,41.5939],[-71.1385,41.6034],[-71.1329,41.6601],[-71.1956,41.6751]]],[[[-71.4006,41.4609],[-71.3665,41.4948],[-71.3599,41.5563],[-71.3845,41.5567],[-71.4006,41.4609]]],[[[-71.6067,42.0134],[-71.5746,41.8587],[-71.4955,41.869],[-71.4687,41.8393],[-71.4333,41.8469],[-71.4109,41.8284],[-71.44,41.8113],[-71.434,41.7863],[-71.3825,41.7851],[-71.3395,41.7248],[-71.3071,41.7216],[-71.2912,41.7027],[-71.305,41.6594],[-71.2534,41.6606],[-71.2248,41.7105],[-71.2614,41.7523],[-71.3279,41.7805],[-71.3472,41.8231],[-71.334,41.8623],[-71.3387,41.8984],[-71.3817,41.8932],[-71.3814,42.0188],[-71.5911,42.0138],[-71.6067,42.0134]]]]},"properties":{"district_code":"RI-01","state_code":"RI","state_name":"Rhode Island","district_number":"01","label":"Rhode Island — District 1"}},{"type":"Feature","geometry":{"type":"Polygon","coordinates":[[[-111.8655,40.6871],[-112.0247,40.6821],[-112.035,40.6312],[-112.1903,40.628],[-112.1753,40.604],[-112.1875,40.5141],[-112.1716,40.4712],[-112.2122,40.4593],[-112.1947,40.4211],[-112.1992,40.3825],[-112.1755,40.3358],[-112.1985,40.3123],[-112.1797,40.2322],[-112.1495,40.2122],[-112.1467,40.1784],[-112.1761,40.1308],[-112.1509,40.1073],[-112.1722,40.0683],[-112.1798,40.0117],[-112.1327,39.9775],[-112.1101,39.9738],[-112.1036,39.9288],[-112.0626,39.9047],[-112.0591,39.8804],[-112.0812,39.8651],[-112.0683,39.8275],[-112.0768,39.8001],[-112.1149,39.7571],[-112.18,39.7574],[-112.2113,39.7062],[-112.3009,39.6462],[-112.3545,39.5537],[-112.212,39.554],[-112.1932,39.526],[-112.212,39.5116],[-112.1933,39.4898],[-112.1936,39.3731],[-112.1889,39.3294],[-112.0721,39.3297],[-112.0722,39.3149],[-112.016,39.3146],[-112.0141,39.0455],[-111.8499,39.0456],[-111.8534,39.0334],[-111.6488,39.0323],[-111.2994,39.0323],[-111.3009,39.4672],[-111.2477,39.4672],[-111.2475,39.813],[-110.8578,39.8133],[-110.8576,39.8997],[-111.0831,39.9001],[-111.0831,39.9432],[-111.1184,39.9435],[-111.143,39.987],[-111.1693,39.996],[-111.2049,40.0479],[-111.2492,40.0556],[-111.2215,40.1249],[-111.2259,40.1677],[-111.2734,40.2219],[-111.2648,40.2423],[-111.3079,40.2839],[-111.3741,40.297],[-111.4266,40.287],[-111.4589,40.3004],[-111.5093,40.2843],[-111.5424,40.2612],[-111.512,40.234],[-111.4945,40.1956],[-111.4985,40.1629],[-111.5599,40.1523],[-111.6007,40.1611],[-111.7323,40.1595],[-111.7372,40.1807],[-111.7306,40.2567],[-111.7723,40.2802],[-111.7728,40.341],[-111.8015,40.3439],[-111.8013,40.3708],[-111.8719,40.4155],[-111.9123,40.4496],[-111.8909,40.4937],[-111.9039,40.6207],[-111.866,40.6222],[-111.8655,40.6871]]]},"properties":{"district_code":"UT-04","state_code":"UT","state_name":"Utah","district_number":"04","label":"Utah — District 4"}},{"type":"Feature","geometry":{"type":"Polygon","coordinates":[[[-83.4721,36.5973],[-83.4326,36.5731],[-83.3983,36.5349],[-83.3694,36.4592],[-83.3716,36.4339],[-83.3042,36.3882],[-83.2806,36.3947],[-83.2645,36.3448],[-83.2737,36.3191],[-83.2553,36.2891],[-83.3051,36.2682],[-83.32,36.2837],[-83.3552,36.2826],[-83.4095,36.2488],[-83.4266,36.2115],[-83.4835,36.1671],[-83.5573,36.1793],[-83.6018,36.1509],[-83.6546,36.1057],[-83.6279,36.0799],[-83.6376,36.0555],[-83.6749,36.0296],[-83.6546,35.9719],[-83.7385,35.917],[-83.7672,35.9119],[-83.7943,35.8871],[-83.7053,35.7116],[-83.6628,35.6906],[-83.663,35.5691],[-83.6019,35.5782],[-83.5661,35.566],[-83.4983,35.563],[-83.4458,35.6118],[-83.4323,35.6099],[-83.3669,35.6387],[-83.335,35.6655],[-83.3128,35.6548],[-83.2556,35.6961],[-83.2407,35.7268],[-83.1857,35.7299],[-83.1592,35.7649],[-83.1202,35.7662],[-83.0787,35.7895],[-83.0362,35.7874],[-82.9921,35.7739],[-82.9641,35.79],[-82.9455,35.8247],[-82.9166,35.8414],[-82.9206,35.8685],[-82.8963,35.8803],[-82.9133,35.9241],[-82.8927,35.9452],[-82.8526,35.9491],[-82.826,35.9297],[-82.7875,35.9522],[-82.7853,35.9879],[-82.6836,36.0461],[-82.6323,36.0657],[-82.6018,36.036],[-82.6151,36.0003],[-82.6109,35.9674],[-82.5497,35.9643],[-82.5054,35.9777],[-82.4607,36.0078],[-82.4167,36.0728],[-82.3552,36.1156],[-82.2895,36.1357],[-82.2475,36.1309],[-82.2049,36.1571],[-82.1768,36.1422],[-82.1479,36.1495],[-82.1306,36.1064],[-82.0797,36.1065],[-82.0541,36.1268],[-82.0331,36.1204],[-81.9081,36.302],[-81.8332,36.3473],[-81.7908,36.3559],[-81.7649,36.3387],[-81.7174,36.3478],[-81.7407,36.4131],[-81.7207,36.4225],[-81.7149,36.4572],[-81.6953,36.4679],[-81.708,36.5362],[-81.677,36.5707],[-81.6775,36.5881],[-81.6469,36.6119],[-81.9226,36.6162],[-81.9341,36.5942],[-82.2105,36.5958],[-82.4666,36.5945],[-82.888,36.5935],[-83.2611,36.5939],[-83.2763,36.5982],[-83.4721,36.5973]]]},"properties":{"district_code":"TN-01","state_code":"TN","state_name":"Tennessee","district_number":"01","label":"Tennessee — District 1"}},{"type":"Feature","geometry":{"type":"Polygon","coordinates":[[[-89.9097,35.538],[-89.9089,35.5142],[-89.9587,35.5238],[-89.9585,35.5417],[-89.9894,35.56],[-90.0398,35.5471],[-90.0502,35.5156],[-90.0197,35.4731],[-90.0027,35.4305],[-90.0481,35.4117],[-90.0741,35.434],[-90.0678,35.4662],[-90.1077,35.4769],[-90.1294,35.4421],[-90.1689,35.4219],[-90.1793,35.3852],[-90.1435,35.3876],[-90.1116,35.4096],[-90.0807,35.3857],[-90.11,35.305],[-90.1573,35.3015],[-90.1666,35.2746],[-90.1521,35.256],[-90.0943,35.2488],[-90.0762,35.2215],[-90.1014,35.1711],[-90.0687,35.156],[-90.0826,35.1213],[-90.1418,35.133],[-90.1768,35.1121],[-90.1812,35.0539],[-90.2073,35.0258],[-90.297,35.0382],[-90.3084,34.9957],[-89.9559,34.9946],[-89.7066,34.9952],[-89.7066,35.0289],[-89.7597,35.0333],[-89.7901,35.0629],[-89.8507,35.0774],[-89.8592,35.1003],[-89.9313,35.1176],[-89.9224,35.146],[-89.8785,35.1504],[-89.8438,35.1213],[-89.7964,35.1159],[-89.7627,35.103],[-89.7081,35.1204],[-89.683,35.1134],[-89.6757,35.1881],[-89.6812,35.2106],[-89.7129,35.2052],[-89.8727,35.2042],[-89.8588,35.223],[-89.8251,35.2311],[-89.7608,35.2813],[-89.8544,35.2764],[-89.8471,35.3357],[-89.823,35.3679],[-89.8588,35.3803],[-89.8386,35.406],[-89.7251,35.4929],[-89.7083,35.5134],[-89.6593,35.5476],[-89.6096,35.6371],[-89.6254,35.651],[-89.6716,35.6388],[-89.7227,35.6381],[-89.7501,35.6464],[-89.8179,35.6189],[-89.8241,35.6031],[-89.8739,35.5856],[-89.9097,35.538]]]},"properties":{"district_code":"TN-09","state_code":"TN","state_name":"Tennessee","district_number":"09","label":"Tennessee — District 9"}},{"type":"Feature","geometry":{"type":"Polygon","coordinates":[[[-122.3334,47.4039],[-122.3248,47.3485],[-122.4179,47.3203],[-122.3348,47.2631],[-122.2949,47.2572],[-122.2295,47.2576],[-122.1761,47.3489],[-122.1761,47.3869],[-122.1606,47.4182],[-122.1248,47.4376],[-122.1522,47.4704],[-122.131,47.5351],[-122.1005,47.5449],[-122.0965,47.6023],[-122.1324,47.617],[-122.2637,47.6131],[-122.2968,47.6017],[-122.3219,47.5623],[-122.3096,47.5268],[-122.3116,47.4886],[-122.3358,47.4313],[-122.3334,47.4039]]]},"properties":{"district_code":"WA-09","state_code":"WA","state_name":"Washington","district_number":"09","label":"Washington — District 9"}},{"type":"Feature","geometry":{"type":"Polygon","coordinates":[[[-77.4078,37.8033],[-77.446,37.8033],[-77.4765,37.7771],[-77.5524,37.7782],[-77.5698,37.8027],[-77.6123,37.7599],[-77.6527,37.7452],[-77.6308,37.7057],[-77.6545,37.6407],[-77.6402,37.6027],[-77.6164,37.5776],[-77.6653,37.5545],[-77.7978,37.4589],[-77.8092,37.4261],[-77.8755,37.416],[-77.8776,37.3662],[-77.8373,37.3384],[-77.7986,37.3343],[-77.8067,37.3045],[-77.7586,37.2687],[-77.7162,37.2969],[-77.6675,37.2925],[-77.6506,37.2651],[-77.6133,37.2709],[-77.584,37.2461],[-77.557,37.2501],[-77.5763,37.3159],[-77.6304,37.3371],[-77.5895,37.3851],[-77.5913,37.4114],[-77.6238,37.4284],[-77.5547,37.5036],[-77.5372,37.5131],[-77.5525,37.5418],[-77.5928,37.5337],[-77.5955,37.5558],[-77.5115,37.5955],[-77.5407,37.6328],[-77.4897,37.6595],[-77.4519,37.6362],[-77.4334,37.645],[-77.4087,37.6147],[-77.3059,37.561],[-77.2318,37.5396],[-77.1616,37.4765],[-77.1269,37.4716],[-77.0959,37.4403],[-77.0267,37.429],[-77.0076,37.4137],[-76.9431,37.4104],[-76.9179,37.3843],[-76.8735,37.3634],[-76.8816,37.2855],[-76.8752,37.2608],[-76.8695,37.2422],[-76.8222,37.2436],[-76.7935,37.2312],[-76.7578,37.1917],[-76.7315,37.2122],[-76.693,37.2237],[-76.6499,37.2209],[-76.6299,37.2067],[-76.6074,37.1688],[-76.5812,37.1825],[-76.5913,37.2132],[-76.5652,37.2205],[-76.4591,37.101],[-76.4096,37.0919],[-76.3675,37.113],[-76.3447,37.0968],[-76.296,37.1098],[-76.3114,37.1375],[-76.3814,37.1557],[-76.4021,37.2065],[-76.3869,37.2261],[-76.4718,37.216],[-76.509,37.2395],[-76.4172,37.2651],[-76.3624,37.2686],[-76.3968,37.303],[-76.4441,37.3665],[-76.4161,37.4093],[-76.3853,37.3843],[-76.3486,37.3715],[-76.3086,37.3294],[-76.2746,37.3134],[-76.2747,37.3496],[-76.2478,37.3788],[-76.2561,37.4526],[-76.2807,37.4658],[-76.2719,37.4864],[-76.2977,37.5069],[-76.3173,37.4851],[-76.3594,37.5134],[-76.3616,37.5347],[-76.3119,37.5464],[-76.3326,37.57],[-76.3851,37.573],[-76.4286,37.5875],[-76.4334,37.6129],[-76.5272,37.6113],[-76.5493,37.6214],[-76.5897,37.6658],[-76.5794,37.6733],[-76.5972,37.7173],[-76.6197,37.7448],[-76.677,37.7561],[-76.6805,37.7801],[-76.7343,37.7987],[-76.7828,37.8632],[-76.7946,37.8952],[-76.8474,37.9165],[-76.8807,37.9511],[-76.8712,37.9859],[-76.8328,37.9317],[-76.7985,37.9252],[-76.7476,37.8759],[-76.7412,37.8553],[-76.7016,37.8227],[-76.627,37.8004],[-76.5858,37.7716],[-76.5696,37.7344],[-76.542,37.708],[-76.5342,37.6609],[-76.5015,37.6438],[-76.4699,37.6702],[-76.4521,37.6488],[-76.4019,37.6274],[-76.3546,37.6204],[-76.3318,37.6298],[-76.3399,37.656],[-76.3024,37.6909],[-76.3203,37.7199],[-76.3086,37.7406],[-76.3066,37.8219],[-76.2661,37.8174],[-76.2505,37.835],[-76.237,37.8905],[-76.266,37.9114],[-76.3438,37.9473],[-76.408,37.9628],[-76.4754,37.9922],[-76.4767,38.0143],[-76.5162,38.0262],[-76.5354,38.0736],[-76.6009,38.1101],[-76.6121,38.1487],[-76.6651,38.1476],[-76.6897,38.1602],[-76.7286,38.1317],[-76.7602,38.1666],[-76.8388,38.1635],[-76.8753,38.1722],[-76.9108,38.1971],[-76.9623,38.2141],[-76.9621,38.2565],[-77.001,38.2761],[-77.0445,38.2605],[-77.0482,38.1847],[-77.0693,38.1577],[-77.116,38.1499],[-77.1173,38.1208],[-77.1701,38.0795],[-77.1308,38.0206],[-77.089,38.0136],[-77.0687,37.9715],[-77.1486,37.972],[-77.182,37.9496],[-77.1797,37.8974],[-77.2088,37.8857],[-77.2334,37.9092],[-77.2503,37.8724],[-77.3456,37.7922],[-77.3747,37.7764],[-77.4057,37.7814],[-77.4078,37.8033]]]},"properties":{"district_code":"VA-01","state_code":"VA","state_name":"Virginia","district_number":"01","label":"Virginia — District 1"}},{"type":"Feature","geometry":{"type":"Polygon","coordinates":[[[-77.8283,39.1324],[-77.8628,39.081],[-77.9412,39.0235],[-77.9564,39.0209],[-78.0145,38.9716],[-78.0753,38.9119],[-78.0737,38.8866],[-78.1264,38.8729],[-78.1686,38.8337],[-78.1847,38.7928],[-78.2067,38.7742],[-78.2533,38.757],[-78.2793,38.7622],[-78.3188,38.7379],[-78.3317,38.7026],[-78.3144,38.6825],[-78.3156,38.6516],[-78.3382,38.6273],[-78.2318,38.5325],[-78.2152,38.5384],[-78.1688,38.5238],[-78.0901,38.5968],[-77.9314,38.6984],[-77.9061,38.6959],[-77.8841,38.6666],[-77.8686,38.6234],[-77.8772,38.5849],[-77.8435,38.5447],[-77.8114,38.5247],[-77.7822,38.4851],[-77.7619,38.4411],[-77.7355,38.4131],[-77.6904,38.427],[-77.6349,38.4102],[-77.6338,38.4669],[-77.5609,38.5271],[-77.5328,38.5572],[-77.5531,38.6151],[-77.5116,38.6415],[-77.4428,38.631],[-77.4407,38.6586],[-77.3751,38.6744],[-77.3323,38.7165],[-77.3588,38.7279],[-77.3172,38.7513],[-77.3125,38.7852],[-77.3585,38.7864],[-77.3934,38.8413],[-77.4214,38.8021],[-77.4557,38.8117],[-77.4725,38.8754],[-77.4968,38.8872],[-77.3283,39.0578],[-77.3421,39.0628],[-77.3751,39.0613],[-77.4626,39.0762],[-77.4858,39.1093],[-77.5153,39.1186],[-77.5273,39.1462],[-77.5052,39.182],[-77.486,39.1857],[-77.4577,39.225],[-77.4868,39.2476],[-77.5432,39.2669],[-77.5666,39.3061],[-77.6159,39.3027],[-77.6758,39.3242],[-77.7195,39.3213],[-77.7473,39.295],[-77.7714,39.2368],[-77.7936,39.2101],[-77.8283,39.1324]]]},"properties":{"district_code":"VA-10","state_code":"VA","state_name":"Virginia","district_number":"10","label":"Virginia — District 10"}},{"type":"Feature","geometry":{"type":"Polygon","coordinates":[[[-90.4823,38.7643],[-90.4535,38.7173],[-90.4818,38.6827],[-90.4415,38.6704],[-90.4247,38.6471],[-90.3736,38.6609],[-90.3587,38.6534],[-90.3773,38.5761],[-90.3323,38.5938],[-90.335,38.6298],[-90.3064,38.6336],[-90.3205,38.5942],[-90.297,38.5624],[-90.2578,38.532],[-90.2242,38.5751],[-90.1918,38.599],[-90.1788,38.6292],[-90.1826,38.6653],[-90.212,38.7118],[-90.2052,38.7322],[-90.1664,38.7726],[-90.1177,38.8057],[-90.1585,38.8288],[-90.1957,38.8213],[-90.2561,38.8521],[-90.2987,38.8878],[-90.3364,38.8826],[-90.3491,38.8417],[-90.3823,38.8219],[-90.4406,38.8277],[-90.4732,38.791],[-90.4823,38.7643]]]},"properties":{"district_code":"MO-01","state_code":"MO","state_name":"Missouri","district_number":"01","label":"Missouri — District 1"}},{"type":"Feature","geometry":{"type":"Polygon","coordinates":[[[-122.1779,37.8163],[-122.1318,37.7753],[-122.1151,37.7353],[-122.162,37.6676],[-122.147,37.5884],[-122.112,37.5289],[-122.1114,37.5109],[-122.0385,37.5637],[-122.0147,37.5368],[-121.9119,37.5322],[-121.88,37.5214],[-121.8558,37.4845],[-121.4726,37.4822],[-121.5015,37.525],[-121.5567,37.5427],[-121.557,37.7036],[-121.557,37.8165],[-121.8507,37.7449],[-121.8334,37.7012],[-121.9072,37.7021],[-121.9402,37.7235],[-121.96,37.7185],[-122.0118,37.7474],[-121.9974,37.7634],[-122.0455,37.7981],[-122.1387,37.8046],[-122.1779,37.8163]]]},"properties":{"district_code":"CA-14","state_code":"CA","state_name":"California","district_number":"14","label":"California — District 14"}},{"type":"Feature","geometry":{"type":"Polygon","coordinates":[[[-120.3151,35.9072],[-120.2758,35.9059],[-120.2433,35.8777],[-120.2583,35.8463],[-120.2207,35.8195],[-120.214,35.7893],[-120.1944,35.7894],[-120.194,35.6144],[-120.0862,35.6144],[-120.0868,35.5264],[-120.0652,35.513],[-120.0329,35.4835],[-119.9974,35.4687],[-119.9931,35.4395],[-119.88,35.4391],[-119.8804,35.3511],[-119.8092,35.3454],[-119.7269,35.3171],[-119.7233,35.3338],[-119.6052,35.3401],[-119.5741,35.3541],[-119.5016,35.3543],[-119.4263,35.3402],[-119.3945,35.3546],[-119.3239,35.3548],[-119.285,35.3448],[-119.2522,35.3496],[-119.2518,35.4417],[-119.0804,35.4413],[-119.0747,35.4557],[-119.0192,35.4564],[-119.0188,35.3685],[-119.0508,35.367],[-119.0745,35.3347],[-119.0745,35.296],[-119.0921,35.2671],[-119.039,35.2669],[-119.0151,35.2376],[-119.0036,35.1701],[-118.9558,35.0191],[-118.9361,35.0161],[-118.9176,35.0454],[-118.8466,35.0454],[-118.8508,35.151],[-118.8234,35.1511],[-118.824,35.191],[-118.8063,35.2092],[-118.7526,35.2094],[-118.7527,35.2924],[-118.7992,35.3256],[-118.8432,35.3382],[-118.8625,35.3619],[-118.8964,35.3617],[-118.9132,35.3969],[-118.9202,35.4416],[-118.8915,35.4377],[-118.8699,35.4701],[-118.8936,35.4967],[-118.8878,35.5134],[-118.8884,35.6107],[-118.9197,35.6165],[-118.9162,35.9099],[-118.9181,35.9849],[-118.9034,36.0538],[-118.9456,36.0514],[-118.9778,36.0803],[-119.0087,36.0852],[-118.9999,36.1118],[-119.0007,36.1672],[-119.0275,36.1673],[-119.0373,36.1963],[-119.0644,36.2243],[-119.1185,36.2244],[-119.117,36.1672],[-119.2329,36.1674],[-119.2334,36.2108],[-119.3492,36.2076],[-119.349,36.2402],[-119.3848,36.2982],[-119.4032,36.2835],[-119.4566,36.2833],[-119.4754,36.3277],[-119.6036,36.328],[-119.603,36.3474],[-119.6999,36.3426],[-119.7269,36.3317],[-119.7267,36.2402],[-119.8343,36.2406],[-119.8344,36.2552],[-119.9589,36.2555],[-119.9589,36.1814],[-120.3151,35.9072]]]},"properties":{"district_code":"CA-22","state_code":"CA","state_name":"California","district_number":"22","label":"California — District 22"}},{"type":"Feature","geometry":{"type":"Polygon","coordinates":[[[-118.4721,34.2573],[-118.4731,34.2214],[-118.5361,34.2207],[-118.536,34.1866],[-118.474,34.1866],[-118.4137,34.1721],[-118.3989,34.1546],[-118.3617,34.1434],[-118.363,34.2068],[-118.4019,34.2647],[-118.3708,34.2821],[-118.2995,34.2861],[-118.27,34.308],[-118.2784,34.3268],[-118.3106,34.3301],[-118.2897,34.3948],[-118.3254,34.4055],[-118.3421,34.4286],[-118.3976,34.4242],[-118.3972,34.3378],[-118.4052,34.3298],[-118.4927,34.3306],[-118.468,34.2916],[-118.4721,34.2573]]]},"properties":{"district_code":"CA-29","state_code":"CA","state_name":"California","district_number":"29","label":"California — District 29"}},{"type":"Feature","geometry":{"type":"Polygon","coordinates":[[[-118.3762,34.0596],[-118.4185,34.012],[-118.3866,33.9767],[-118.3352,33.9818],[-118.3003,33.96],[-118.2559,33.9547],[-118.2564,33.9895],[-118.2397,34.0147],[-118.2386,34.035],[-118.2741,34.0381],[-118.323,34.0547],[-118.3762,34.0596]]]},"properties":{"district_code":"CA-37","state_code":"CA","state_name":"California","district_number":"37","label":"California — District 37"}},{"type":"Feature","geometry":{"type":"Polygon","coordinates":[[[-117.8684,33.9459],[-117.8478,33.9184],[-117.8371,33.8682],[-117.8754,33.856],[-117.8499,33.8454],[-117.8531,33.7758],[-117.8314,33.773],[-117.8433,33.7056],[-117.8084,33.695],[-117.8022,33.7173],[-117.7523,33.7674],[-117.7068,33.7405],[-117.723,33.7094],[-117.678,33.685],[-117.7504,33.5921],[-117.738,33.5539],[-117.721,33.5506],[-117.659,33.5561],[-117.6384,33.5889],[-117.5501,33.533],[-117.5276,33.5555],[-117.4927,33.5577],[-117.4579,33.6022],[-117.4133,33.6593],[-117.4746,33.7038],[-117.534,33.7104],[-117.5364,33.7577],[-117.5808,33.7695],[-117.664,33.8595],[-117.616,33.8687],[-117.6248,33.9014],[-117.6434,33.9251],[-117.7057,33.9679],[-117.7255,34.0031],[-117.7677,34.0235],[-117.8025,33.9756],[-117.7919,33.9466],[-117.8684,33.9459]]]},"properties":{"district_code":"CA-40","state_code":"CA","state_name":"California","district_number":"40","label":"California — District 40"}},{"type":"Feature","geometry":{"type":"MultiPolygon","coordinates":[[[[-88.3273,30.2299],[-88.3048,30.228],[-88.1998,30.2478],[-88.1378,30.2497],[-88.1094,30.2433],[-88.0749,30.2491],[-88.1177,30.2791],[-88.1411,30.255],[-88.2246,30.2456],[-88.3273,30.2299]]],[[[-88.4644,31.698],[-88.439,31.2469],[-88.4186,30.8665],[-88.4039,30.5434],[-88.395,30.3694],[-88.338,30.4048],[-88.2999,30.3856],[-88.2607,30.3824],[-88.1871,30.3627],[-88.1916,30.3187],[-88.1314,30.3343],[-88.1073,30.3772],[-88.1064,30.4527],[-88.0969,30.4711],[-88.1009,30.5098],[-88.0828,30.5287],[-88.0831,30.5728],[-88.054,30.6125],[-88.0619,30.6436],[-88.0384,30.6479],[-88.0069,30.6821],[-87.9254,30.6489],[-87.9125,30.6158],[-87.915,30.5859],[-87.9053,30.5376],[-87.937,30.4831],[-87.92,30.4706],[-87.9063,30.4094],[-87.865,30.3835],[-87.8374,30.3763],[-87.8093,30.3327],[-87.7472,30.2878],[-87.768,30.2625],[-87.8601,30.2403],[-87.8932,30.2392],[-87.936,30.2615],[-87.9668,30.2356],[-87.9261,30.2304],[-87.8006,30.2294],[-87.66,30.2506],[-87.5183,30.2804],[-87.5047,30.324],[-87.4649,30.3333],[-87.4296,30.4065],[-87.4035,30.4102],[-87.3712,30.4305],[-87.3708,30.4469],[-87.4147,30.4573],[-87.4356,30.4805],[-87.4466,30.5271],[-87.4186,30.5618],[-87.3936,30.6309],[-87.407,30.6752],[-87.5023,30.7216],[-87.5326,30.7435],[-87.5521,30.7863],[-87.6005,30.8206],[-87.6349,30.8659],[-87.5892,30.9645],[-87.5989,30.9975],[-87.255,30.9983],[-87.1408,30.9995],[-86.81,30.9972],[-86.8296,31.0217],[-86.8043,31.0672],[-86.8515,31.1388],[-86.8907,31.0999],[-86.9181,31.1151],[-86.8992,31.1533],[-86.8731,31.1745],[-86.8652,31.1993],[-86.8382,31.2299],[-86.8459,31.262],[-87,31.261],[-87.4275,31.2604],[-87.3932,31.3009],[-87.36,31.3175],[-87.2967,31.4013],[-87.2295,31.4537],[-87.2086,31.4573],[-87.1655,31.5212],[-87.1608,31.5594],[-87.1451,31.5872],[-87.1351,31.6424],[-87.0914,31.6523],[-87.056,31.6774],[-87.061,31.7048],[-86.9893,31.7186],[-86.9059,31.753],[-86.9069,31.8306],[-87.1628,31.8284],[-87.2283,31.8314],[-87.5009,31.8293],[-87.5184,31.8144],[-87.5161,31.6978],[-87.5668,31.6971],[-87.5654,31.5536],[-87.6198,31.519],[-87.6046,31.5],[-87.5657,31.4817],[-87.5747,31.4338],[-87.5999,31.4111],[-87.6396,31.4248],[-87.6656,31.4232],[-87.706,31.401],[-87.7258,31.3737],[-87.7228,31.3436],[-87.7817,31.3333],[-87.7839,31.2778],[-87.8283,31.2753],[-87.8371,31.2473],[-87.8636,31.2261],[-87.8739,31.2015],[-87.9136,31.1874],[-87.9466,31.1929],[-87.9313,31.2246],[-87.9634,31.2502],[-87.9508,31.2995],[-87.9245,31.3129],[-87.8889,31.364],[-87.9037,31.3884],[-87.9191,31.4671],[-87.9061,31.4918],[-87.9432,31.527],[-87.9704,31.5305],[-88.0313,31.5605],[-88.0797,31.6025],[-88.0743,31.6164],[-88.0912,31.6571],[-88.0883,31.6993],[-88.4644,31.698]]]]},"properties":{"district_code":"AL-01","state_code":"AL","state_name":"Alabama","district_number":"01","label":"Alabama — District 1"}},{"type":"Feature","geometry":{"type":"Polygon","coordinates":[[[-114.565,45.5578],[-114.632,45.5192],[-114.6662,45.4713],[-114.7052,45.4926],[-114.7342,45.4899],[-114.7882,45.5125],[-114.7986,45.4763],[-114.7932,45.4363],[-114.7601,45.412],[-114.7179,45.3963],[-114.6745,45.3626],[-114.67,45.3429],[-114.6039,45.2958],[-114.6734,45.2345],[-114.6988,45.1897],[-114.7323,45.1512],[-114.7215,45.121],[-114.7332,45.0945],[-114.7231,45.0053],[-114.7355,44.9723],[-114.732,44.8809],[-114.7689,44.8724],[-114.7676,44.8417],[-114.7945,44.8343],[-114.8144,44.8065],[-114.9136,44.7576],[-114.9276,44.7339],[-114.9795,44.73],[-115.0116,44.7143],[-115.0387,44.7507],[-115.0919,44.7667],[-115.1519,44.7286],[-115.1398,44.7131],[-115.168,44.6476],[-115.1972,44.6307],[-115.2805,44.6115],[-115.305,44.5796],[-115.2805,44.5186],[-115.2383,44.511],[-115.2282,44.4235],[-115.2465,44.3879],[-115.294,44.3428],[-115.2877,44.3247],[-115.1979,44.2828],[-115.1688,44.2831],[-115.1748,44.2355],[-115.1677,44.2028],[-115.1092,44.1758],[-115.0242,44.1555],[-115.0467,44.12],[-115.0205,44.0984],[-115.0477,44.0507],[-115.0324,44.0195],[-114.986,44.0102],[-114.9673,43.9821],[-114.9908,43.9497],[-115.0313,43.954],[-115.0745,43.944],[-115.1362,43.9839],[-115.1491,44.0412],[-115.1819,44.0905],[-115.2342,44.0068],[-115.2519,43.9957],[-115.2865,43.9359],[-115.3558,43.9194],[-115.3735,43.9244],[-115.471,43.894],[-115.5004,43.8899],[-115.5371,43.8541],[-115.5297,43.8165],[-115.5475,43.7927],[-115.5789,43.7972],[-115.6155,43.7807],[-115.628,43.7337],[-115.6904,43.6719],[-115.7445,43.6465],[-115.782,43.6484],[-115.8293,43.6056],[-115.8759,43.5913],[-115.8972,43.5988],[-115.9803,43.5859],[-116.2634,43.7938],[-116.2653,43.7636],[-116.3178,43.7224],[-116.32,43.6846],[-116.3541,43.6909],[-116.3544,43.5758],[-116.2536,43.5753],[-116.2405,43.5559],[-116.1608,43.542],[-116.1451,43.5116],[-116.0579,43.4323],[-116.0277,43.4147],[-115.9749,43.365],[-115.9787,43.1134],[-116.2662,43.1123],[-116.2374,43.0945],[-116.206,43.0932],[-116.2017,43.0489],[-116.1416,43.0341],[-116.0907,42.9879],[-116.0501,42.9853],[-116.0128,42.9502],[-115.9786,42.9476],[-115.9617,42.9889],[-115.926,43.0013],[-115.9067,42.9823],[-115.7945,42.973],[-115.7715,42.9387],[-115.6945,42.9394],[-115.6229,42.9557],[-115.6044,42.9377],[-115.5304,42.9427],[-115.4949,42.9264],[-115.4415,42.9311],[-115.4414,42.8511],[-115.4541,42.8511],[-115.4542,42.7679],[-115.0377,42.7684],[-115.0378,42.2456],[-115.0382,41.996],[-114.8064,42.0018],[-114.5983,41.9945],[-114.0415,41.9939],[-113.9016,41.9886],[-113.5261,41.9927],[-113.0932,41.9974],[-112.7751,41.9998],[-112.1731,42.0015],[-112.1538,41.9972],[-111.478,41.9996],[-111.0467,42.0017],[-111.0468,42.5049],[-111.0436,42.7226],[-111.0442,43.2004],[-111.0452,43.5011],[-111.0467,43.8158],[-111.0491,44.0201],[-111.049,44.4741],[-111.0524,44.4784],[-111.1307,44.5001],[-111.181,44.5692],[-111.2275,44.5772],[-111.24,44.6148],[-111.2201,44.6221],[-111.2672,44.6646],[-111.296,44.7021],[-111.3374,44.7332],[-111.3925,44.7524],[-111.3978,44.7241],[-111.4661,44.7135],[-111.4899,44.7006],[-111.4723,44.6669],[-111.5252,44.6052],[-111.5074,44.5621],[-111.5236,44.5479],[-111.5865,44.5627],[-111.6127,44.5488],[-111.7042,44.5596],[-111.8215,44.5089],[-111.8704,44.5635],[-111.9489,44.5563],[-111.9775,44.5358],[-112.0327,44.5466],[-112.1016,44.5208],[-112.1371,44.5398],[-112.1839,44.5331],[-112.2217,44.5435],[-112.2293,44.5641],[-112.286,44.5686],[-112.3192,44.5391],[-112.3542,44.5356],[-112.3566,44.4931],[-112.3863,44.4478],[-112.4739,44.4792],[-112.485,44.4709],[-112.602,44.4907],[-112.6636,44.4862],[-112.7191,44.5043],[-112.7798,44.4846],[-112.8394,44.4238],[-112.8132,44.3767],[-112.8452,44.358],[-112.9027,44.3991],[-112.9511,44.4174],[-113.0051,44.4537],[-113.0265,44.4962],[-113.0156,44.5162],[-113.0378,44.5651],[-113.0875,44.5995],[-113.0571,44.6186],[-113.0678,44.6788],[-113.1013,44.7062],[-113.1016,44.7294],[-113.1795,44.7872],[-113.2465,44.8227],[-113.34,44.7848],[-113.3561,44.8198],[-113.3843,44.8375],[-113.4216,44.8376],[-113.4551,44.8654],[-113.4719,44.9095],[-113.4984,44.9417],[-113.4439,44.9602],[-113.452,45.0592],[-113.5226,45.0927],[-113.5766,45.1315],[-113.5919,45.1842],[-113.637,45.2129],[-113.6578,45.2414],[-113.6925,45.2634],[-113.6808,45.2793],[-113.7381,45.3284],[-113.7344,45.3924],[-113.7742,45.4065],[-113.7836,45.4557],[-113.76,45.4807],[-113.7727,45.5143],[-113.8341,45.5205],[-113.7971,45.5821],[-113.8074,45.6028],[-113.8612,45.6236],[-113.9195,45.6579],[-113.9391,45.6958],[-113.994,45.7032],[-114.019,45.6928],[-114.0153,45.6634],[-114.067,45.628],[-114.0823,45.5968],[-114.1216,45.5843],[-114.1362,45.557],[-114.1807,45.5507],[-114.2471,45.5252],[-114.279,45.4801],[-114.3442,45.4597],[-114.3661,45.491],[-114.418,45.5097],[-114.4306,45.5295],[-114.5276,45.5708],[-114.565,45.5578]]]},"properties":{"district_code":"ID-02","state_code":"ID","state_name":"Idaho","district_number":"02","label":"Idaho — District 2"}},{"type":"Feature","geometry":{"type":"Polygon","coordinates":[[[-86.3266,39.7198],[-86.3263,39.6322],[-86.2499,39.6336],[-86.2517,39.3417],[-86.0856,39.3442],[-86.0803,39.1525],[-85.8831,39.1575],[-85.7998,39.1289],[-85.6868,39.1309],[-85.6845,39.35],[-85.6306,39.3502],[-85.6293,39.4528],[-85.2976,39.4533],[-85.2986,39.5255],[-85.125,39.5269],[-84.8154,39.522],[-84.8142,39.8137],[-84.8065,40.1802],[-84.9524,40.1721],[-84.953,40.1503],[-84.9913,40.1501],[-85.0196,40.1714],[-85.1062,40.1712],[-85.111,40.1786],[-85.2164,40.1786],[-85.2144,40.0769],[-85.5762,40.0771],[-85.5762,39.9458],[-85.8625,39.9436],[-85.8624,39.9289],[-85.9376,39.9271],[-85.9381,39.8698],[-85.954,39.8696],[-85.9517,39.7264],[-86.3266,39.7198]]]},"properties":{"district_code":"IN-06","state_code":"IN","state_name":"Indiana","district_number":"06","label":"Indiana — District 6"}},{"type":"Feature","geometry":{"type":"Polygon","coordinates":[[[-86.3467,40.5613],[-86.3744,40.5614],[-86.3758,40.4319],[-86.2713,40.4318],[-86.2428,40.4029],[-86.2407,39.9261],[-85.9376,39.9271],[-85.8624,39.9289],[-85.8625,39.9436],[-85.5762,39.9458],[-85.5762,40.0771],[-85.2144,40.0769],[-85.2164,40.1786],[-85.2199,40.379],[-85.4443,40.3787],[-85.4488,40.6536],[-85.6386,40.6531],[-85.8648,40.6517],[-85.8636,40.5655],[-86.3467,40.5613]]]},"properties":{"district_code":"IN-05","state_code":"IN","state_name":"Indiana","district_number":"05","label":"Indiana — District 5"}},{"type":"Feature","geometry":{"type":"Polygon","coordinates":[[[-73.9972,40.6253],[-73.9765,40.5966],[-73.9452,40.6024],[-73.9058,40.6483],[-73.9248,40.6772],[-73.9613,40.6805],[-73.962,40.6789],[-73.9619,40.6549],[-73.9972,40.6253]]]},"properties":{"district_code":"NY-09","state_code":"NY","state_name":"New York","district_number":"09","label":"New York — District 9"}},{"type":"Feature","geometry":{"type":"Polygon","coordinates":[[[-84.0415,33.2026],[-84.0441,32.9479],[-84.0542,32.9315],[-84.1233,32.9322],[-84.1243,32.8496],[-83.8919,32.8484],[-83.8728,32.8595],[-83.8369,32.8326],[-83.7899,32.8193],[-83.7468,32.8356],[-83.7402,32.8535],[-83.6819,32.8594],[-83.5982,32.8878],[-83.5651,32.8772],[-83.5234,32.8413],[-83.4894,32.8241],[-83.5026,32.8011],[-83.5787,32.7381],[-83.593,32.7389],[-83.6066,32.6735],[-83.5628,32.6597],[-83.5429,32.6258],[-83.5351,32.5866],[-83.5794,32.5736],[-83.6228,32.5863],[-83.6449,32.6183],[-83.7091,32.6212],[-83.7199,32.5318],[-83.7482,32.5334],[-83.749,32.5052],[-83.7977,32.4966],[-83.7977,32.447],[-83.8367,32.4393],[-83.837,32.3822],[-83.8468,32.3577],[-83.8484,32.291],[-83.6064,32.2884],[-83.6097,32.0279],[-83.9613,32.0306],[-83.9249,31.9477],[-83.9191,31.9231],[-83.932,31.8988],[-83.9277,31.8619],[-83.9798,31.8094],[-84.0064,31.8038],[-83.9866,31.7696],[-84.032,31.714],[-84.0124,31.663],[-83.9934,31.65],[-83.9962,31.6252],[-83.9975,31.476],[-84.0039,31.0416],[-83.7362,31.0377],[-83.7437,30.6584],[-83.3092,30.6344],[-83.1314,30.6236],[-82.6989,30.5983],[-82.4189,30.5817],[-82.4309,30.6128],[-82.4289,30.6903],[-82.4351,30.7166],[-82.4359,30.8201],[-82.4922,30.8326],[-82.4906,30.9632],[-82.5201,30.9631],[-82.5503,31.0004],[-82.5921,31.0185],[-82.6908,31.2234],[-82.6992,31.2781],[-82.667,31.2878],[-82.6296,31.2747],[-82.6282,31.4693],[-82.5975,31.4693],[-82.5963,31.5579],[-82.6283,31.5583],[-82.6273,31.6727],[-82.5214,31.6725],[-82.5203,31.8384],[-82.4314,31.838],[-82.4315,31.9662],[-82.4924,31.9684],[-82.5171,31.9579],[-82.565,31.9571],[-82.5872,31.9357],[-82.6486,31.9203],[-82.6952,31.9569],[-82.7287,32.0064],[-82.7869,32.0225],[-82.8017,32.0449],[-82.8523,32.0606],[-82.8872,32.0796],[-82.9153,32.1236],[-82.9398,32.1249],[-82.8718,32.1827],[-82.887,32.198],[-82.991,32.1473],[-83.2265,32.5842],[-83.0408,32.6733],[-82.9571,32.7083],[-82.9451,32.7514],[-82.9602,32.76],[-82.9544,32.8018],[-82.9787,32.8443],[-83.027,32.8561],[-83.0454,32.8827],[-83.0483,32.9101],[-83.0726,32.944],[-83.0676,32.9748],[-83.0491,32.9856],[-83.0677,33.0274],[-83.0448,33.0607],[-83.0522,33.0807],[-83.1008,33.0499],[-83.1183,33.0802],[-83.1106,33.1272],[-83.0976,33.1515],[-83.1954,33.1763],[-83.2906,33.1904],[-83.3306,33.1675],[-83.4064,33.1853],[-83.4391,33.1856],[-83.6406,33.1586],[-83.816,33.1318],[-83.8246,33.1756],[-83.846,33.1972],[-83.877,33.2024],[-84.0415,33.2026]]]},"properties":{"district_code":"GA-08","state_code":"GA","state_name":"Georgia","district_number":"08","label":"Georgia — District 8"}},{"type":"Feature","geometry":{"type":"Polygon","coordinates":[[[-121.8155,37.3345],[-121.8032,37.2996],[-121.8247,37.2781],[-121.8781,37.2726],[-121.8731,37.2363],[-121.8979,37.231],[-121.9282,37.1947],[-121.9132,37.1757],[-121.959,37.1673],[-121.9727,37.1481],[-122.0262,37.1669],[-122.0475,37.2049],[-122.1042,37.2343],[-122.1441,37.2702],[-122.1528,37.2154],[-122.2426,37.2151],[-122.2427,37.19],[-122.3177,37.1869],[-122.3118,37.1475],[-122.293,37.1073],[-122.2238,37.0257],[-122.1088,36.9582],[-122.0656,36.9485],[-122.0234,36.9622],[-121.9728,36.9542],[-121.9301,36.9782],[-121.9065,36.969],[-121.8623,36.9316],[-121.8277,36.8794],[-121.7883,36.804],[-121.8056,36.7502],[-121.809,36.6985],[-121.8373,36.6349],[-121.8833,36.6009],[-121.9246,36.6346],[-121.9582,36.609],[-121.9704,36.5721],[-121.9325,36.5599],[-121.9247,36.5256],[-121.9447,36.5207],[-121.9462,36.4909],[-121.9141,36.4261],[-121.893,36.3424],[-121.8994,36.3077],[-121.852,36.2778],[-121.8358,36.2507],[-121.7172,36.1951],[-121.6327,36.1205],[-121.6189,36.0869],[-121.5929,36.0656],[-121.5746,36.0252],[-121.5114,36.0069],[-121.4856,35.9708],[-121.4686,35.9275],[-121.4633,35.8893],[-121.4151,35.8579],[-121.3879,35.8234],[-121.3324,35.7831],[-121.3154,35.7134],[-121.2608,35.6645],[-121.2084,35.6419],[-121.1658,35.6353],[-121.1275,35.5966],[-121.1008,35.5489],[-121.0034,35.4607],[-120.9842,35.4603],[-120.9262,35.4494],[-120.9068,35.4534],[-120.9124,35.4863],[-120.8928,35.5224],[-120.8159,35.5113],[-120.7707,35.4822],[-120.7397,35.474],[-120.7192,35.4467],[-120.6541,35.455],[-120.6415,35.4397],[-120.5951,35.4539],[-120.56,35.4472],[-120.4718,35.4529],[-120.4288,35.4829],[-120.3821,35.4708],[-120.3446,35.4843],[-120.2713,35.4671],[-120.2523,35.4892],[-120.2134,35.4838],[-120.1514,35.4399],[-120.126,35.4636],[-120.0908,35.4616],[-120.057,35.4853],[-120.0652,35.513],[-120.0868,35.5264],[-120.0862,35.6144],[-120.194,35.6144],[-120.1944,35.7894],[-120.214,35.7893],[-120.5853,35.7909],[-120.8757,35.7919],[-121.1851,35.7942],[-121.1568,35.8162],[-121.1789,35.852],[-121.2049,35.8726],[-121.2552,35.8868],[-121.2884,35.9314],[-121.352,35.9885],[-121.4088,36.0135],[-121.4609,36.0113],[-121.4753,36.0544],[-121.5604,36.1271],[-121.5469,36.1779],[-121.5809,36.2033],[-121.5824,36.3408],[-121.5962,36.3873],[-121.5951,36.4153],[-121.5592,36.4333],[-121.5219,36.4326],[-121.521,36.4598],[-121.5447,36.4746],[-121.5451,36.5005],[-121.5212,36.5215],[-121.5536,36.5603],[-121.6251,36.5973],[-121.5823,36.6234],[-121.6602,36.6557],[-121.7218,36.6589],[-121.734,36.731],[-121.7476,36.767],[-121.6966,36.7463],[-121.6637,36.752],[-121.6033,36.7756],[-121.6154,36.8044],[-121.6502,36.8343],[-121.7337,36.8388],[-121.7567,36.8543],[-121.7477,36.8954],[-121.8016,36.9236],[-121.8095,36.9438],[-121.7965,36.9713],[-121.7422,36.9757],[-121.7179,36.9956],[-121.6352,37.0104],[-121.6164,37.0279],[-121.6267,37.0836],[-121.6523,37.1163],[-121.6978,37.1234],[-121.6703,37.1455],[-121.658,37.1727],[-121.6336,37.165],[-121.5901,37.1882],[-121.656,37.2167],[-121.6791,37.2007],[-121.7219,37.2085],[-121.7468,37.2291],[-121.7078,37.2973],[-121.7435,37.2934],[-121.7628,37.3294],[-121.7887,37.345],[-121.8155,37.3345]]]},"properties":{"district_code":"CA-19","state_code":"CA","state_name":"California","district_number":"19","label":"California — District 19"}},{"type":"Feature","geometry":{"type":"Polygon","coordinates":[[[-86.5306,42.0394],[-86.5142,42.0507],[-86.437,42.0546],[-86.4365,42.0726],[-85.9354,42.0696],[-85.7629,42.0693],[-85.7646,42.1573],[-85.2954,42.1583],[-85.297,42.2461],[-85.0612,42.2467],[-85.0649,42.4215],[-85.0716,42.4214],[-85.2989,42.4198],[-85.5432,42.4214],[-85.5456,42.7681],[-85.7825,42.7682],[-85.7822,42.9113],[-85.8928,42.9578],[-85.9034,42.9433],[-86.2193,42.943],[-86.2102,42.8556],[-86.2064,42.7095],[-86.2289,42.6377],[-86.2256,42.5948],[-86.2573,42.4536],[-86.2972,42.3582],[-86.3559,42.2542],[-86.4041,42.1964],[-86.4852,42.1182],[-86.5306,42.0394]]]},"properties":{"district_code":"MI-04","state_code":"MI","state_name":"Michigan","district_number":"04","label":"Michigan — District 4"}},{"type":"Feature","geometry":{"type":"Polygon","coordinates":[[[-75.1394,40.0634],[-75.1656,39.9437],[-75.1358,39.9433],[-75.1023,39.9724],[-75.0756,39.978],[-75.0304,40.0161],[-74.9737,40.0482],[-74.9588,40.0825],[-74.9631,40.115],[-75.0151,40.138],[-75.0967,40.069],[-75.1094,40.0459],[-75.1394,40.0634]]]},"properties":{"district_code":"PA-02","state_code":"PA","state_name":"Pennsylvania","district_number":"02","label":"Pennsylvania — District 2"}},{"type":"Feature","geometry":{"type":"Polygon","coordinates":[[[-105.0335,39.1298],[-105.0271,39.029],[-105.0286,38.8687],[-105.0664,38.8692],[-105.0722,38.7994],[-104.9399,38.7965],[-104.9422,38.6963],[-104.9415,38.5196],[-104.718,38.5196],[-104.2755,38.5211],[-104.2768,38.7814],[-104.3137,38.7813],[-104.3137,38.8534],[-104.3327,38.882],[-104.331,38.9543],[-104.3679,38.9541],[-104.3679,38.9975],[-104.4048,39.041],[-104.5481,39.0425],[-104.5518,39.1294],[-105.0335,39.1298]]]},"properties":{"district_code":"CO-05","state_code":"CO","state_name":"Colorado","district_number":"05","label":"Colorado — District 5"}},{"type":"Feature","geometry":{"type":"Polygon","coordinates":[[[-93.2277,45.1245],[-93.2271,45.0499],[-93.2081,45.043],[-93.2078,44.9532],[-93.2004,44.9096],[-93.1785,44.8883],[-93.1539,44.8929],[-93.1286,44.9196],[-93.0516,44.9195],[-93.02,44.8907],[-92.8625,44.8911],[-92.8624,44.8619],[-92.7691,44.862],[-92.7749,44.8928],[-92.7506,44.9373],[-92.7694,44.9722],[-92.7646,45.0288],[-92.7971,45.0506],[-92.7922,45.0789],[-92.8632,45.0796],[-92.8637,45.1236],[-93.0205,45.1239],[-93.2277,45.1245]]]},"properties":{"district_code":"MN-04","state_code":"MN","state_name":"Minnesota","district_number":"04","label":"Minnesota — District 4"}},{"type":"Feature","geometry":{"type":"Polygon","coordinates":[[[-83.1096,35.0012],[-83.1204,34.9684],[-83.1117,34.9359],[-83.1691,34.9188],[-83.2063,34.8797],[-83.2431,34.8774],[-83.2557,34.8442],[-83.3241,34.7875],[-83.3193,34.7649],[-83.3491,34.7366],[-83.3382,34.6872],[-83.2932,34.6543],[-83.2545,34.6371],[-83.2313,34.6112],[-83.1683,34.591],[-83.1405,34.5624],[-83.0849,34.531],[-83.0695,34.5021],[-82.9992,34.4724],[-82.9927,34.4791],[-82.9016,34.4868],[-82.8653,34.4603],[-82.8348,34.3663],[-82.7947,34.3406],[-82.7738,34.2887],[-82.743,34.2514],[-82.7417,34.2097],[-82.7175,34.1505],[-82.6752,34.1298],[-82.627,34.0635],[-82.596,34.0309],[-82.5886,33.9998],[-82.5645,33.9557],[-82.5129,33.937],[-82.4929,33.9098],[-82.4292,33.8658],[-82.4084,33.8663],[-82.3462,33.8338],[-82.2993,33.7989],[-82.299,33.7845],[-82.2475,33.7526],[-82.2346,33.7002],[-82.1998,33.6618],[-82.1966,33.6306],[-82.1335,33.5905],[-82.0463,33.5638],[-82.0125,33.5321],[-81.5715,33.8773],[-81.5291,33.9656],[-81.4657,34.0876],[-81.4147,34.0742],[-81.3882,34.0793],[-81.4372,34.13],[-81.4037,34.1779],[-81.3748,34.179],[-81.3169,34.2395],[-81.3423,34.2669],[-81.3397,34.29],[-81.3665,34.3258],[-81.4212,34.4538],[-81.4232,34.4944],[-81.4846,34.49],[-81.5404,34.445],[-81.5529,34.4768],[-81.6483,34.5328],[-81.6609,34.5487],[-81.7162,34.5514],[-81.8519,34.5948],[-81.9103,34.603],[-81.9519,34.6495],[-82.0046,34.6623],[-82.0667,34.701],[-82.0872,34.7452],[-82.1152,34.7489],[-82.1355,34.7782],[-82.1652,34.7965],[-82.2146,34.7815],[-82.2379,34.7485],[-82.2116,34.7138],[-82.279,34.6994],[-82.3515,34.7193],[-82.4193,34.7308],[-82.4571,34.7616],[-82.4609,34.7967],[-82.487,34.819],[-82.4877,34.8851],[-82.5211,34.9274],[-82.5432,35.0046],[-82.5883,35.021],[-82.5989,35.0407],[-82.5897,35.0738],[-82.6487,35.0603],[-82.715,35.059],[-82.7432,35.0473],[-82.7641,35.0682],[-82.7833,35.0856],[-83.1096,35.0012]]]},"properties":{"district_code":"SC-03","state_code":"SC","state_name":"South Carolina","district_number":"03","label":"South Carolina — District 3"}},{"type":"Feature","geometry":{"type":"Polygon","coordinates":[[[-96.6208,35.639],[-96.6197,35.9416],[-97.1406,35.942],[-97.2036,35.9448],[-97.2212,35.9646],[-97.2776,35.9738],[-97.2946,36.0056],[-97.3236,36.0109],[-97.3552,35.9843],[-97.3974,35.9883],[-97.4206,35.9707],[-97.4078,35.9313],[-97.4341,35.9101],[-97.4744,35.8936],[-97.521,35.9083],[-97.568,35.8888],[-97.6321,35.8768],[-97.6744,35.861],[-97.674,35.726],[-97.8341,35.7259],[-97.8339,35.5658],[-97.8309,35.4645],[-97.7603,35.4644],[-97.7603,35.4499],[-97.6813,35.4495],[-97.6366,35.4644],[-97.5949,35.4933],[-97.5299,35.4933],[-97.5301,35.458],[-97.459,35.4689],[-97.4241,35.4932],[-97.363,35.493],[-97.3356,35.4785],[-97.3355,35.3772],[-97.1421,35.3769],[-97.1423,34.9282],[-97.0876,34.9315],[-97.0159,34.9073],[-96.9673,34.9347],[-96.9283,34.9652],[-96.8854,34.9263],[-96.8531,34.9288],[-96.8215,34.9461],[-96.7982,34.93],[-96.7906,34.9008],[-96.7555,34.8998],[-96.7229,34.8568],[-96.6942,34.8685],[-96.6892,34.8956],[-96.7115,34.9163],[-96.6677,34.9296],[-96.646,34.9014],[-96.5958,34.906],[-96.5771,34.9166],[-96.5286,34.8696],[-96.4908,34.9106],[-96.4904,35.1159],[-96.4413,35.1158],[-96.4413,35.4677],[-96.4715,35.463],[-96.4966,35.4289],[-96.5557,35.4346],[-96.5351,35.3914],[-96.6243,35.4047],[-96.6208,35.639]]]},"properties":{"district_code":"OK-05","state_code":"OK","state_name":"Oklahoma","district_number":"05","label":"Oklahoma — District 5"}},{"type":"Feature","geometry":{"type":"Polygon","coordinates":[[[-82.7594,28.9924],[-82.7257,28.9622],[-82.6889,28.9056],[-82.6898,28.8855],[-82.7279,28.8713],[-82.7387,28.8248],[-82.692,28.7889],[-82.6979,28.7476],[-82.715,28.727],[-82.6551,28.6749],[-82.6777,28.6548],[-82.6539,28.6135],[-82.6528,28.5378],[-82.668,28.5282],[-82.6699,28.4331],[-82.6945,28.4152],[-82.7013,28.3748],[-82.7315,28.325],[-82.756,28.2281],[-82.7978,28.1878],[-82.7928,28.173],[-82.6512,28.1733],[-82.536,28.1726],[-82.544,28.1893],[-82.488,28.1975],[-82.4507,28.1859],[-82.4048,28.1858],[-82.389,28.2164],[-82.3643,28.2384],[-82.3204,28.2405],[-82.2808,28.2745],[-82.2743,28.3246],[-82.1635,28.3284],[-82.1471,28.2991],[-82.0756,28.2592],[-82.0555,28.2589],[-82.0545,28.5214],[-82.0919,28.5233],[-82.138,28.5655],[-82.2082,28.5721],[-82.2748,28.6562],[-82.2616,28.6693],[-82.2492,28.7174],[-82.2062,28.7572],[-82.1894,28.759],[-82.1708,28.7902],[-82.1826,28.8218],[-82.232,28.8566],[-82.2425,28.8768],[-82.2736,28.8972],[-82.3113,28.9604],[-82.3159,28.9735],[-82.3664,29.0026],[-82.4182,29.0131],[-82.4729,29.0512],[-82.4984,29.0418],[-82.5345,29.0445],[-82.6127,29.0093],[-82.6898,29.034],[-82.712,29.0308],[-82.7594,28.9924]]]},"properties":{"district_code":"FL-12","state_code":"FL","state_name":"Florida","district_number":"12","label":"Florida — District 12"}},{"type":"Feature","geometry":{"type":"Polygon","coordinates":[[[-82.5541,27.6458],[-82.5774,27.5996],[-82.6117,27.5853],[-82.6413,27.5255],[-82.6746,27.5196],[-82.7078,27.4876],[-82.6901,27.4344],[-82.6428,27.3897],[-82.4471,27.3861],[-82.2523,27.3862],[-82.2536,27.2089],[-82.0565,27.2078],[-82.0545,27.5952],[-82.0553,27.9273],[-82.0924,27.9378],[-82.3185,27.9377],[-82.3542,27.9495],[-82.3474,27.8644],[-82.3847,27.8644],[-82.3846,27.7821],[-82.4337,27.7315],[-82.4826,27.6729],[-82.5249,27.6454],[-82.5541,27.6458]]]},"properties":{"district_code":"FL-16","state_code":"FL","state_name":"Florida","district_number":"16","label":"Florida — District 16"}},{"type":"Feature","geometry":{"type":"Polygon","coordinates":[[[-84.6215,34.9883],[-84.6228,34.8571],[-84.5822,34.8246],[-84.6097,34.7909],[-84.6414,34.7777],[-84.6396,34.7536],[-84.6571,34.7289],[-84.6544,34.5489],[-84.5028,34.5505],[-84.3714,34.5485],[-84.3456,34.5627],[-84.3264,34.5836],[-84.2879,34.5688],[-84.2553,34.5683],[-84.2547,34.5975],[-84.1893,34.6089],[-84.191,34.5392],[-84.102,34.4645],[-83.9806,34.4184],[-83.9843,34.383],[-83.9669,34.3396],[-83.9273,34.2794],[-83.9541,34.2675],[-83.9498,34.2398],[-83.9712,34.2286],[-83.9899,34.1951],[-84.0413,34.1936],[-84.0622,34.1685],[-84.0207,34.1536],[-84.0212,34.1229],[-84.0569,34.0803],[-84.0813,34.0905],[-84.118,34.0667],[-84.0977,34.0507],[-84.0964,34.0173],[-84.0606,33.9605],[-83.9209,33.9908],[-83.9061,34.0149],[-83.8649,34.0135],[-83.8177,34.1275],[-83.6199,34.2954],[-83.5615,34.2527],[-83.4792,34.2607],[-83.4024,34.1975],[-83.3648,34.2115],[-83.3443,34.2363],[-83.2976,34.2646],[-83.2499,34.245],[-83.1952,34.2471],[-83.1727,34.2385],[-83.1158,34.2621],[-83.0769,34.2224],[-83.0188,34.2341],[-82.9809,34.2115],[-82.9155,34.2477],[-82.8238,34.2706],[-82.7738,34.2887],[-82.7947,34.3406],[-82.8348,34.3663],[-82.8653,34.4603],[-82.9016,34.4868],[-82.9927,34.4791],[-82.9992,34.4724],[-83.0695,34.5021],[-83.0849,34.531],[-83.1405,34.5624],[-83.1683,34.591],[-83.2313,34.6112],[-83.2545,34.6371],[-83.2932,34.6543],[-83.3382,34.6872],[-83.3491,34.7366],[-83.3193,34.7649],[-83.3241,34.7875],[-83.2557,34.8442],[-83.2431,34.8774],[-83.2063,34.8797],[-83.1691,34.9188],[-83.1117,34.9359],[-83.1204,34.9684],[-83.1096,35.0012],[-83.3228,34.9959],[-83.6202,34.9921],[-83.62,34.9866],[-84.1296,34.9875],[-84.3219,34.9884],[-84.6215,34.9883]]]},"properties":{"district_code":"GA-09","state_code":"GA","state_name":"Georgia","district_number":"09","label":"Georgia — District 9"}},{"type":"Feature","geometry":{"type":"Polygon","coordinates":[[[-88.1016,42.2626],[-88.1456,42.2567],[-88.179,42.2641],[-88.1982,42.2416],[-88.3551,42.2408],[-88.3544,42.154],[-88.2384,42.1542],[-88.1996,42.1543],[-88.1994,42.203],[-88.1696,42.2127],[-88.0969,42.212],[-88.0579,42.1974],[-88.0043,42.1973],[-87.9848,42.1682],[-87.9804,42.1126],[-87.9361,42.0808],[-87.8918,42.066],[-87.8399,42.0658],[-87.86,42.0265],[-87.8419,42.0109],[-87.7189,41.9903],[-87.675,41.9908],[-87.6622,41.9544],[-87.6408,41.9549],[-87.669,42.0291],[-87.6715,42.0583],[-87.691,42.0828],[-87.7712,42.0797],[-87.7703,42.1234],[-87.8403,42.1165],[-87.8639,42.1058],[-87.9301,42.1098],[-87.9586,42.1389],[-87.9651,42.1943],[-87.9797,42.1972],[-88.0043,42.2407],[-88.0697,42.2663],[-88.1016,42.2626]]]},"properties":{"district_code":"IL-09","state_code":"IL","state_name":"Illinois","district_number":"09","label":"Illinois — District 9"}},{"type":"Feature","geometry":{"type":"Polygon","coordinates":[[[-84.8202,39.1055],[-84.8967,39.0533],[-84.8371,38.9881],[-84.8352,38.958],[-84.8708,38.9292],[-84.8701,38.9004],[-84.8002,38.8911],[-84.7883,38.8643],[-84.8234,38.8392],[-84.8116,38.7928],[-84.8378,38.7849],[-84.8873,38.7948],[-84.933,38.7775],[-84.9919,38.7785],[-85.0719,38.7416],[-85.1367,38.7002],[-85.173,38.688],[-85.2133,38.6954],[-85.2465,38.7318],[-85.3053,38.7415],[-85.3723,38.7305],[-85.4102,38.7371],[-85.4363,38.7285],[-85.4555,38.6821],[-85.4387,38.6593],[-85.4397,38.6115],[-85.4158,38.5636],[-85.4224,38.5329],[-85.4669,38.5108],[-85.4989,38.4682],[-85.5248,38.4576],[-85.586,38.4501],[-85.6183,38.4264],[-85.6379,38.3802],[-85.4763,38.2897],[-85.4049,38.2637],[-85.4305,38.1073],[-85.4692,38.0962],[-85.5119,38.0129],[-85.4892,37.9907],[-85.5491,37.9282],[-85.584,37.9097],[-85.5039,37.8476],[-85.427,37.8133],[-85.4619,37.7646],[-85.4404,37.7595],[-85.432,37.7266],[-85.4019,37.7305],[-85.3733,37.7396],[-85.375,37.7645],[-85.3379,37.7803],[-85.2903,37.8312],[-85.2465,37.8539],[-85.2054,37.8632],[-85.1814,37.8924],[-85.1518,37.8877],[-85.1663,37.9875],[-85.1311,37.9959],[-85.1265,38.0203],[-85.0835,38.0411],[-85.0526,38.0754],[-85.0397,38.1193],[-85.0223,38.1282],[-85.0075,38.1758],[-84.9989,38.275],[-84.957,38.3323],[-84.9977,38.3356],[-84.9063,38.3748],[-84.8924,38.3552],[-84.8399,38.3563],[-84.7934,38.3387],[-84.7406,38.3524],[-84.7061,38.3701],[-84.6236,38.4312],[-84.5607,38.4924],[-84.5262,38.4498],[-84.5228,38.4283],[-84.4854,38.4101],[-84.4589,38.3765],[-84.4626,38.358],[-84.433,38.2991],[-84.3723,38.2795],[-84.2818,38.3125],[-84.194,38.3718],[-84.1021,38.4594],[-84.0734,38.4574],[-84.0101,38.4329],[-83.9303,38.4923],[-83.8593,38.4563],[-83.7217,38.504],[-83.6419,38.5254],[-83.5933,38.489],[-83.5768,38.4572],[-83.5791,38.4302],[-83.4858,38.4051],[-83.4528,38.3818],[-83.4169,38.3962],[-83.363,38.3398],[-83.3563,38.3219],[-83.2856,38.306],[-83.2217,38.3287],[-83.159,38.3412],[-83.0691,38.3838],[-82.9127,38.3989],[-82.8175,38.3739],[-82.8106,38.393],[-82.769,38.4337],[-82.6655,38.5057],[-82.69,38.5359],[-82.7248,38.5576],[-82.8001,38.5632],[-82.8472,38.5952],[-82.8633,38.6693],[-82.8776,38.6902],[-82.8699,38.7282],[-82.8942,38.7566],[-82.9794,38.726],[-83.033,38.7238],[-83.0531,38.6958],[-83.1027,38.6773],[-83.1538,38.6188],[-83.2037,38.6167],[-83.2457,38.6286],[-83.2942,38.5966],[-83.3224,38.6306],[-83.3667,38.6585],[-83.4681,38.6755],[-83.521,38.703],[-83.6269,38.6794],[-83.6483,38.6319],[-83.6714,38.6274],[-83.7722,38.6582],[-83.7836,38.6956],[-83.8406,38.7219],[-83.859,38.7568],[-83.9788,38.7871],[-84.0715,38.7705],[-84.1559,38.7949],[-84.2129,38.8057],[-84.2302,38.8265],[-84.2345,38.8932],[-84.2882,38.9558],[-84.3047,39.0065],[-84.3199,39.0221],[-84.346,39.037],[-84.4069,39.0457],[-84.4298,39.0583],[-84.4328,39.0943],[-84.4705,39.1215],[-84.5097,39.0937],[-84.5508,39.0994],[-84.5721,39.0821],[-84.6324,39.0768],[-84.6897,39.1042],[-84.7122,39.1306],[-84.7544,39.1467],[-84.784,39.1181],[-84.8202,39.1055]]]},"properties":{"district_code":"KY-04","state_code":"KY","state_name":"Kentucky","district_number":"04","label":"Kentucky — District 4"}},{"type":"Feature","geometry":{"type":"Polygon","coordinates":[[[-83.214,42.7095],[-83.5496,42.6996],[-83.5656,42.6914],[-83.5603,42.5815],[-83.5552,42.4932],[-83.4903,42.4952],[-83.4742,42.5261],[-83.4376,42.5271],[-83.4337,42.4389],[-83.3168,42.442],[-83.3208,42.529],[-83.2044,42.5319],[-83.2005,42.4448],[-83.1509,42.446],[-83.0834,42.4472],[-83.0914,42.6242],[-83.2092,42.621],[-83.214,42.7095]]]},"properties":{"district_code":"MI-11","state_code":"MI","state_name":"Michigan","district_number":"11","label":"Michigan — District 11"}},{"type":"Feature","geometry":{"type":"Polygon","coordinates":[[[-84.3679,43.1285],[-84.3678,43.1179],[-84.8369,43.1189],[-84.8371,42.7705],[-84.9558,42.7705],[-84.9558,42.5972],[-84.9751,42.5819],[-85.0143,42.5818],[-85.0149,42.5094],[-85.0738,42.5092],[-85.0716,42.4214],[-85.0649,42.4215],[-84.7185,42.4215],[-84.3648,42.4221],[-84.1311,42.4246],[-83.9446,42.4241],[-83.7448,42.4285],[-83.5519,42.4352],[-83.5552,42.4932],[-83.5603,42.5815],[-83.6003,42.5845],[-83.644,42.6078],[-83.6771,42.6063],[-83.6865,42.7833],[-83.894,42.7815],[-83.8947,42.8033],[-83.9243,42.8167],[-83.9288,42.9565],[-83.9291,43.1328],[-84.1684,43.1286],[-84.3679,43.1285]]]},"properties":{"district_code":"MI-07","state_code":"MI","state_name":"Michigan","district_number":"07","label":"Michigan — District 7"}},{"type":"Feature","geometry":{"type":"Polygon","coordinates":[[[-104.0487,48.9999],[-104.0482,48.5991],[-104.046,48.2568],[-104.0439,47.9715],[-104.0432,47.7471],[-104.0453,47.3435],[-104.0448,47.1274],[-104.0459,46.8308],[-104.045,46.5098],[-104.0452,46.125],[-104.0454,45.9453],[-103.5587,45.9451],[-102.9205,45.945],[-102.5509,45.945],[-102.177,45.9446],[-101.7234,45.9442],[-101.4199,45.9438],[-100.9356,45.9438],[-100.6277,45.9436],[-100.1708,45.9425],[-99.7504,45.9409],[-99.4903,45.9404],[-99.0929,45.9402],[-98.4145,45.9365],[-97.777,45.9354],[-97.145,45.9353],[-96.5637,45.9352],[-96.5779,46.0269],[-96.5545,46.084],[-96.5797,46.1764],[-96.5916,46.1847],[-96.5997,46.2621],[-96.5999,46.3293],[-96.666,46.3746],[-96.6935,46.4221],[-96.7186,46.44],[-96.7492,46.5497],[-96.7469,46.5757],[-96.7725,46.6037],[-96.7989,46.6541],[-96.7798,46.7233],[-96.7762,46.7678],[-96.7967,46.7775],[-96.782,46.8708],[-96.7591,46.9278],[-96.7918,46.9285],[-96.8335,47.0101],[-96.8176,47.0459],[-96.8168,47.1091],[-96.8295,47.1409],[-96.8234,47.174],[-96.8428,47.2313],[-96.8458,47.2731],[-96.8315,47.307],[-96.8521,47.3599],[-96.8399,47.3982],[-96.8618,47.4143],[-96.849,47.4978],[-96.8695,47.5288],[-96.8499,47.5525],[-96.8571,47.6108],[-96.9328,47.7371],[-96.9348,47.7665],[-96.9791,47.804],[-96.9817,47.8304],[-97.0213,47.8726],[-97.0178,47.9198],[-97.0546,47.9463],[-97.0756,48.0527],[-97.1295,48.1331],[-97.1459,48.1451],[-97.1445,48.2461],[-97.1249,48.2532],[-97.1379,48.312],[-97.1259,48.3383],[-97.1555,48.3638],[-97.1572,48.3857],[-97.1285,48.4603],[-97.1574,48.4816],[-97.1438,48.5984],[-97.1135,48.6304],[-97.1018,48.6812],[-97.1421,48.7375],[-97.1588,48.8109],[-97.1898,48.8945],[-97.2077,48.9026],[-97.2341,48.9476],[-97.2287,49.0006],[-97.6878,49.0006],[-98.2062,49.0004],[-98.7371,49.0002],[-99.3761,48.9994],[-99.9138,48.999],[-100.1826,48.9992],[-100.7087,48.9995],[-101.1254,48.9991],[-101.7591,48.9991],[-102.2113,48.9986],[-102.6766,48.9992],[-103.3755,48.999],[-104.0487,48.9999]]]},"properties":{"district_code":"ND-AL","state_code":"ND","state_name":"North Dakota","district_number":"AL","label":"North Dakota — At-large"}},{"type":"Feature","geometry":{"type":"MultiPolygon","coordinates":[[[[-169.5191,-14.2209],[-169.4927,-14.2705],[-169.4615,-14.2489],[-169.4229,-14.255],[-169.4283,-14.2113],[-169.5191,-14.2209]]],[[[-170.847,-14.3209],[-170.7903,-14.3346],[-170.7855,-14.3573],[-170.7598,-14.3737],[-170.742,-14.3655],[-170.7112,-14.3256],[-170.6627,-14.2899],[-170.6217,-14.2713],[-170.6023,-14.2841],[-170.5864,-14.2542],[-170.628,-14.2585],[-170.6704,-14.2503],[-170.7017,-14.2561],[-170.7406,-14.2915],[-170.7984,-14.2894],[-170.847,-14.3209]]]]},"properties":{"district_code":"AS-AL","state_code":"AS","state_name":"American Samoa","district_number":"AL","label":"American Samoa — At-large"}},{"type":"Feature","geometry":{"type":"MultiPolygon","coordinates":[[[[145.6327,16.3665],[145.6389,16.3398],[145.7025,16.3335],[145.7058,16.3692],[145.6327,16.3665]]],[[[145.5824,15.0178],[145.5858,14.9946],[145.6083,14.9911],[145.6259,14.9651],[145.6323,14.9252],[145.6589,14.9484],[145.6736,15.0065],[145.6478,15.0468],[145.6588,15.0578],[145.6453,15.1008],[145.6035,15.0588],[145.5824,15.0178]]],[[[145.1212,14.1206],[145.1442,14.1396],[145.1699,14.1106],[145.2125,14.1153],[145.2423,14.1521],[145.2834,14.1607],[145.2882,14.1924],[145.2413,14.2002],[145.203,14.1771],[145.1597,14.1681],[145.1212,14.1206]]],[[[145.815,17.604],[145.8381,17.5799],[145.8512,17.6018],[145.838,17.6192],[145.815,17.604]]],[[[145.7079,18.0476],[145.7388,18.0584],[145.7607,18.0957],[145.7989,18.1108],[145.8064,18.1566],[145.7707,18.1678],[145.7565,18.0996],[145.717,18.0758],[145.7079,18.0476]]],[[[145.6901,15.1202],[145.7387,15.1059],[145.7518,15.1606],[145.7921,15.1635],[145.7781,15.1894],[145.7823,15.2158],[145.8148,15.2614],[145.8089,15.2886],[145.7775,15.2529],[145.7274,15.2176],[145.6901,15.1202]]],[[[145.6363,18.7773],[145.6517,18.7369],[145.6906,18.7408],[145.6957,18.7916],[145.6537,18.8107],[145.6363,18.7773]]]]},"properties":{"district_code":"MP-AL","state_code":"MP","state_name":"Northern Mariana Islands","district_number":"AL","label":"Northern Mariana Islands — At-large"}},{"type":"Feature","geometry":{"type":"MultiPolygon","coordinates":[[[[-122.7269,47.2074],[-122.6777,47.1911],[-122.6424,47.2008],[-122.6799,47.2312],[-122.7269,47.2074]]],[[[-122.7417,47.155],[-122.712,47.1277],[-122.6755,47.142],[-122.6739,47.1747],[-122.6958,47.189],[-122.7417,47.155]]],[[[-122.8584,47.1678],[-122.9035,47.1575],[-122.9113,47.176],[-123.0024,47.1513],[-123.0214,47.1181],[-123.0606,47.114],[-123.075,47.0848],[-123.2019,47.0851],[-123.2031,46.997],[-123.1584,46.9959],[-123.1605,46.8375],[-123.1263,46.8313],[-123.0833,46.8547],[-123.0486,46.8291],[-122.9891,46.8224],[-122.8934,46.8426],[-122.8531,46.8636],[-122.7755,46.8609],[-122.6977,46.8834],[-122.6716,46.9233],[-122.5637,46.9272],[-122.5604,46.9335],[-122.5479,46.9889],[-122.4427,47.0681],[-122.3424,47.0678],[-122.2936,47.0965],[-122.247,47.0833],[-122.24,47.1892],[-122.2188,47.2172],[-122.2295,47.2576],[-122.2949,47.2572],[-122.3256,47.2391],[-122.3204,47.2072],[-122.3974,47.2398],[-122.4523,47.2231],[-122.4526,47.1846],[-122.505,47.1847],[-122.5053,47.2429],[-122.5601,47.2449],[-122.5929,47.1758],[-122.6262,47.1419],[-122.658,47.1272],[-122.6847,47.097],[-122.727,47.1005],[-122.7863,47.1271],[-122.7933,47.1525],[-122.8584,47.1678]]]]},"properties":{"district_code":"WA-10","state_code":"WA","state_name":"Washington","district_number":"10","label":"Washington — District 10"}},{"type":"Feature","geometry":{"type":"Polygon","coordinates":[[[-83.0522,33.0807],[-83.0448,33.0607],[-83.0677,33.0274],[-83.0491,32.9856],[-83.0676,32.9748],[-83.0726,32.944],[-83.0483,32.9101],[-83.0454,32.8827],[-83.027,32.8561],[-82.9787,32.8443],[-82.9544,32.8018],[-82.9602,32.76],[-82.9451,32.7514],[-82.9571,32.7083],[-83.0408,32.6733],[-83.2265,32.5842],[-82.991,32.1473],[-82.887,32.198],[-82.8718,32.1827],[-82.9398,32.1249],[-82.9153,32.1236],[-82.8872,32.0796],[-82.8523,32.0606],[-82.8017,32.0449],[-82.7869,32.0225],[-82.7287,32.0064],[-82.6952,31.9569],[-82.6486,31.9203],[-82.5872,31.9357],[-82.565,31.9571],[-82.5171,31.9579],[-82.4924,31.9684],[-82.4315,31.9662],[-82.3832,31.9595],[-82.3724,31.9415],[-82.3233,31.9345],[-82.2914,31.9425],[-82.2296,31.9118],[-82.1658,31.9036],[-82.1085,31.8857],[-82.1072,31.8638],[-82.0415,31.8204],[-82.0146,31.8218],[-82.0068,31.8],[-81.9564,31.8087],[-81.9453,31.8353],[-81.9223,31.8515],[-81.9125,31.8867],[-81.882,31.9183],[-81.8892,31.9471],[-81.8759,31.9685],[-81.8244,32.0149],[-81.7617,32.0479],[-81.7187,32.0894],[-81.757,32.1051],[-81.7809,32.1529],[-81.6247,32.1898],[-81.4358,32.2413],[-81.4503,32.2974],[-81.4217,32.3044],[-81.3894,32.2937],[-81.3926,32.3303],[-81.3428,32.3301],[-81.3369,32.3567],[-81.2676,32.3459],[-81.2183,32.352],[-81.181,32.379],[-81.2055,32.4236],[-81.2,32.468],[-81.2336,32.4985],[-81.2431,32.5202],[-81.2724,32.5304],[-81.2813,32.5565],[-81.3218,32.5595],[-81.3893,32.5954],[-81.4181,32.6283],[-81.3946,32.6496],[-81.4206,32.6998],[-81.4118,32.7631],[-81.4301,32.7818],[-81.4216,32.8352],[-81.4569,32.8526],[-81.4759,32.8776],[-81.4832,32.9218],[-81.5027,32.9387],[-81.4919,33.0067],[-81.5106,33.0258],[-81.5619,33.0458],[-81.6141,33.0952],[-81.6423,33.0932],[-81.7046,33.1165],[-81.7631,33.1594],[-81.7569,33.1978],[-81.7679,33.2163],[-81.8079,33.2137],[-81.8529,33.2487],[-81.8462,33.2843],[-81.8692,33.3138],[-81.9188,33.3334],[-81.9447,33.364],[-81.9309,33.3801],[-81.9131,33.4383],[-81.9263,33.4629],[-81.9859,33.4865],[-82.0125,33.5321],[-82.0463,33.5638],[-82.1335,33.5905],[-82.1966,33.6306],[-82.1998,33.6618],[-82.2346,33.7002],[-82.2475,33.7526],[-82.299,33.7845],[-82.2993,33.7989],[-82.3462,33.8338],[-82.4084,33.8663],[-82.4292,33.8658],[-82.4929,33.9098],[-82.5129,33.937],[-82.5645,33.9557],[-82.6105,33.9816],[-82.6334,33.9746],[-82.6549,33.9913],[-82.7187,33.9848],[-82.7709,33.9726],[-82.7414,33.8809],[-82.7265,33.8651],[-82.7801,33.8127],[-82.8113,33.8283],[-82.812,33.7761],[-82.8282,33.7578],[-82.8658,33.7456],[-82.8655,33.726],[-82.9285,33.7231],[-82.9382,33.7147],[-82.8905,33.6327],[-82.8144,33.6554],[-82.7438,33.6114],[-82.7,33.6185],[-82.7232,33.5392],[-82.7513,33.5101],[-82.8153,33.5211],[-82.8246,33.5022],[-82.8666,33.4666],[-82.8415,33.4316],[-82.8246,33.428],[-82.8258,33.3904],[-82.7975,33.3549],[-82.7824,33.2701],[-82.7528,33.252],[-82.7989,33.2217],[-82.855,33.1964],[-82.8889,33.1386],[-82.9267,33.1163],[-82.9704,33.1091],[-83.0097,33.0806],[-83.0522,33.0807]]]},"properties":{"district_code":"GA-12","state_code":"GA","state_name":"Georgia","district_number":"12","label":"Georgia — District 12"}},{"type":"Feature","geometry":{"type":"Polygon","coordinates":[[[-88.3544,42.154],[-88.4325,42.1538],[-88.4327,42.1221],[-88.472,42.132],[-88.4718,42.067],[-88.3761,42.0669],[-88.3748,41.9179],[-88.2926,41.9183],[-88.3102,41.865],[-88.2626,41.8712],[-88.2635,42.059],[-88.233,42.0467],[-88.2173,42.0129],[-88.1842,41.9876],[-88.1797,41.9221],[-88.1206,41.9043],[-88.0814,41.9212],[-88.0521,41.921],[-88.0033,41.949],[-87.9692,41.9496],[-87.9792,42.0153],[-87.9005,42.0237],[-87.896,42.0003],[-87.8676,41.9903],[-87.8858,42.0475],[-87.9939,42.0515],[-88.0193,42.1084],[-88.0631,42.0959],[-88.0641,42.0681],[-88.1217,42.0671],[-88.128,42.1069],[-88.1813,42.11],[-88.2383,42.0923],[-88.2384,42.1542],[-88.3544,42.154]]]},"properties":{"district_code":"IL-08","state_code":"IL","state_name":"Illinois","district_number":"08","label":"Illinois — District 8"}},{"type":"Feature","geometry":{"type":"MultiPolygon","coordinates":[[[[-64.7986,18.3282],[-64.748,18.3246],[-64.7026,18.3112],[-64.702,18.3552],[-64.7434,18.3649],[-64.798,18.3369],[-64.7986,18.3282]]],[[[-64.9036,17.6804],[-64.8262,17.6867],[-64.7846,17.6965],[-64.6921,17.7055],[-64.5772,17.7458],[-64.5744,17.7598],[-64.6793,17.7607],[-64.6981,17.7463],[-64.7314,17.7623],[-64.749,17.7834],[-64.8048,17.779],[-64.8399,17.7616],[-64.878,17.7696],[-64.894,17.7474],[-64.8858,17.7018],[-64.9036,17.6804]]],[[[-65.0416,18.3534],[-65.0286,18.3423],[-64.9791,18.3452],[-64.9523,18.3349],[-64.9263,18.3398],[-64.8986,18.3098],[-64.8529,18.3188],[-64.8686,18.3507],[-64.9561,18.3689],[-65.0416,18.3534]]]]},"properties":{"district_code":"VI-AL","state_code":"VI","state_name":"U.S. Virgin Islands","district_number":"AL","label":"U.S. Virgin Islands — At-large"}},{"type":"Feature","geometry":{"type":"Polygon","coordinates":[[[-121.557,37.7036],[-121.5567,37.5427],[-121.5015,37.525],[-121.4726,37.4822],[-121.464,37.4538],[-121.4726,37.4233],[-121.4564,37.4067],[-121.4125,37.3894],[-121.4236,37.3588],[-121.4075,37.3131],[-121.454,37.2841],[-121.4557,37.2494],[-121.4222,37.2219],[-121.4046,37.156],[-121.3546,37.1839],[-121.3284,37.166],[-121.2371,37.1572],[-121.2173,37.123],[-121.243,37.0927],[-121.2096,37.0682],[-121.246,37.0256],[-121.2331,36.9993],[-121.2459,36.983],[-121.2118,36.9571],[-121.2347,36.9269],[-121.1888,36.9132],[-121.1415,36.8367],[-120.9334,36.7517],[-120.6037,36.4882],[-120.5972,36.4882],[-120.5966,36.3285],[-120.6631,36.3144],[-120.6818,36.2514],[-120.6269,36.2032],[-120.668,36.1606],[-120.6488,36.108],[-120.5923,36.0918],[-120.592,36.0713],[-120.5404,36.0367],[-120.4787,36.0102],[-120.4331,35.9689],[-120.4072,35.9744],[-120.3604,35.9644],[-120.3565,35.9481],[-120.3151,35.9072],[-119.9589,36.1814],[-119.9589,36.2555],[-119.9592,36.401],[-119.7539,36.402],[-119.747,36.4164],[-119.6813,36.4296],[-119.6663,36.419],[-119.5732,36.4888],[-119.683,36.4892],[-119.6917,36.5471],[-119.773,36.5474],[-119.7728,36.6196],[-119.8808,36.6194],[-119.9082,36.6285],[-119.9073,36.6628],[-119.9344,36.6916],[-119.9254,36.7353],[-119.97,36.735],[-119.9705,36.8316],[-119.906,36.8501],[-119.8931,36.8804],[-119.8938,36.9614],[-119.8447,36.9924],[-119.8575,37.0103],[-119.9118,37.0102],[-119.9116,37.0542],[-119.9496,37.0707],[-120.0294,37.0748],[-120.0245,37.0542],[-120.0745,37.0544],[-120.0746,37.0974],[-120.111,37.1055],[-120.1112,37.1267],[-120.1421,37.1466],[-120.2065,37.1273],[-120.2273,37.1634],[-120.1033,37.1677],[-120.0521,37.1831],[-120.0932,37.2226],[-120.1438,37.2392],[-120.1838,37.2705],[-120.1827,37.2914],[-120.266,37.4006],[-120.275,37.4436],[-120.2992,37.4888],[-120.3877,37.6334],[-120.8156,37.467],[-120.8951,37.5368],[-120.9018,37.5656],[-120.9346,37.5729],[-120.9018,37.6093],[-120.8981,37.6501],[-120.941,37.654],[-120.9836,37.6274],[-121.0097,37.6459],[-121.0491,37.6458],[-121.0543,37.6832],[-121.0954,37.6817],[-121.1102,37.7301],[-121.1598,37.7176],[-121.1923,37.7249],[-121.2247,37.7502],[-121.267,37.7538],[-121.2894,37.769],[-121.2617,37.8056],[-121.2644,37.8556],[-121.3101,37.8269],[-121.3848,37.8116],[-121.3182,37.7643],[-121.3815,37.7161],[-121.4164,37.7104],[-121.4344,37.6797],[-121.4676,37.6632],[-121.4917,37.6925],[-121.557,37.7036]]]},"properties":{"district_code":"CA-13","state_code":"CA","state_name":"California","district_number":"13","label":"California — District 13"}},{"type":"Feature","geometry":{"type":"Polygon","coordinates":[[[-85.6052,34.9847],[-85.5831,34.8604],[-85.5137,34.5242],[-85.4704,34.3282],[-85.4295,34.1251],[-85.3865,33.9017],[-85.2128,33.8992],[-85.2128,33.9063],[-85.0367,33.9043],[-85.0379,33.8119],[-84.9712,33.7996],[-84.8792,33.7748],[-84.7675,33.7869],[-84.7241,33.7886],[-84.7241,33.8064],[-84.6108,33.8048],[-84.6088,33.8473],[-84.6309,33.8677],[-84.6431,33.9489],[-84.703,33.9404],[-84.7396,33.9478],[-84.7378,34.0823],[-85.047,34.0829],[-85.0447,34.2136],[-85.0238,34.2134],[-85.0231,34.3471],[-85.0052,34.3471],[-85.0058,34.3924],[-84.9539,34.3842],[-84.9472,34.3989],[-84.8963,34.3963],[-84.7341,34.3965],[-84.7339,34.413],[-84.6532,34.4126],[-84.6544,34.5489],[-84.6571,34.7289],[-84.6396,34.7536],[-84.6414,34.7777],[-84.6097,34.7909],[-84.5822,34.8246],[-84.6228,34.8571],[-84.6215,34.9883],[-84.9393,34.9879],[-85.4741,34.9831],[-85.6052,34.9847]]]},"properties":{"district_code":"GA-14","state_code":"GA","state_name":"Georgia","district_number":"14","label":"Georgia — District 14"}},{"type":"Feature","geometry":{"type":"Polygon","coordinates":[[[-77.1447,39.2947],[-77.1719,39.2847],[-77.1643,39.2533],[-77.2059,39.2203],[-77.2107,39.1844],[-77.1742,39.1538],[-77.1709,39.1281],[-77.2135,39.1007],[-77.2639,39.1162],[-77.3079,39.1462],[-77.3333,39.1351],[-77.3421,39.0628],[-77.3283,39.0578],[-77.2446,39.0201],[-77.2557,39.0024],[-77.2215,38.9713],[-77.1796,38.9684],[-77.1466,38.9642],[-77.1198,38.9343],[-77.041,38.9951],[-77.0037,38.9664],[-76.9463,39.0524],[-76.9627,39.0626],[-76.963,39.1458],[-76.9973,39.1665],[-77.0094,39.2067],[-77.0821,39.26],[-77.1306,39.2684],[-77.1447,39.2947]]]},"properties":{"district_code":"MD-08","state_code":"MD","state_name":"Maryland","district_number":"08","label":"Maryland — District 8"}},{"type":"Feature","geometry":{"type":"Polygon","coordinates":[[[-80.5192,41.1332],[-80.519,40.8513],[-80.1585,40.8551],[-80.1487,40.6738],[-79.9146,40.6733],[-79.6929,40.6696],[-79.6929,40.6697],[-79.6899,40.9571],[-79.6893,41.1695],[-79.6969,41.1729],[-79.9054,41.1721],[-79.9107,41.2857],[-79.8568,41.3278],[-79.7823,41.3247],[-79.7917,41.3694],[-79.8173,41.3929],[-79.7775,41.414],[-79.7452,41.4035],[-79.7253,41.4237],[-79.73,41.4703],[-79.8243,41.4698],[-79.8348,41.5369],[-79.8777,41.5491],[-79.8927,41.5741],[-79.8501,41.5871],[-79.8291,41.6221],[-79.7684,41.6177],[-79.6132,41.6169],[-79.6108,41.999],[-79.7614,41.9991],[-79.762,42.2699],[-79.8447,42.2355],[-79.8732,42.232],[-80.0611,42.1449],[-80.0867,42.1725],[-80.1356,42.1493],[-80.1541,42.1148],[-80.2152,42.0829],[-80.3306,42.0356],[-80.4369,42.0056],[-80.5194,41.9772],[-80.5194,41.6698],[-80.519,41.4355],[-80.5192,41.1332]]]},"properties":{"district_code":"PA-16","state_code":"PA","state_name":"Pennsylvania","district_number":"16","label":"Pennsylvania — District 16"}},{"type":"Feature","geometry":{"type":"Polygon","coordinates":[[[-81.458,28.6402],[-81.4994,28.6179],[-81.4897,28.552],[-81.5087,28.5197],[-81.5083,28.4772],[-81.4742,28.4501],[-81.474,28.4161],[-81.4255,28.4214],[-81.4048,28.4345],[-81.397,28.5101],[-81.3021,28.5181],[-81.2478,28.5101],[-81.2303,28.4515],[-81.0613,28.4521],[-81.0627,28.5118],[-81.0953,28.5487],[-81.0677,28.6127],[-81.3279,28.6105],[-81.3285,28.6396],[-81.458,28.6402]]]},"properties":{"district_code":"FL-10","state_code":"FL","state_name":"Florida","district_number":"10","label":"Florida — District 10"}},{"type":"Feature","geometry":{"type":"Polygon","coordinates":[[[-86.6308,39.3469],[-86.6495,39.3555],[-86.6856,39.336],[-86.6823,38.9924],[-86.6831,38.6866],[-86.3087,38.6881],[-86.3087,38.4229],[-86.255,38.4227],[-86.2517,38.4061],[-86.2764,38.3403],[-86.265,38.2959],[-86.2748,38.28],[-86.277,38.2271],[-86.3297,38.1817],[-86.2871,38.1579],[-86.2703,38.1298],[-86.2791,38.1008],[-86.2672,38.0568],[-86.1766,38.0102],[-86.1283,38.0162],[-86.0794,38.0006],[-86.05,37.9605],[-86.0256,37.9945],[-85.9471,38.0051],[-85.9257,38.0218],[-85.9053,38.0889],[-85.9039,38.1741],[-85.8391,38.2397],[-85.8362,38.2653],[-85.7869,38.2885],[-85.7409,38.2679],[-85.6836,38.2955],[-85.6554,38.3238],[-85.6379,38.3802],[-85.6183,38.4264],[-85.586,38.4501],[-85.5248,38.4576],[-85.4989,38.4682],[-85.4669,38.5108],[-85.4224,38.5329],[-85.4158,38.5636],[-85.4397,38.6115],[-85.4387,38.6593],[-85.4555,38.6821],[-85.4363,38.7285],[-85.4102,38.7371],[-85.3723,38.7305],[-85.3053,38.7415],[-85.2465,38.7318],[-85.2133,38.6954],[-85.173,38.688],[-85.1367,38.7002],[-85.0719,38.7416],[-84.9919,38.7785],[-84.933,38.7775],[-84.8873,38.7948],[-84.8378,38.7849],[-84.8116,38.7928],[-84.8234,38.8392],[-84.7883,38.8643],[-84.8002,38.8911],[-84.8701,38.9004],[-84.8708,38.9292],[-84.8352,38.958],[-84.8371,38.9881],[-84.8967,39.0533],[-84.8202,39.1055],[-84.8195,39.3052],[-84.8154,39.522],[-85.125,39.5269],[-85.2986,39.5255],[-85.2976,39.4533],[-85.6293,39.4528],[-85.6306,39.3502],[-85.6845,39.35],[-85.6868,39.1309],[-85.7998,39.1289],[-85.8831,39.1575],[-86.0803,39.1525],[-86.0856,39.3442],[-86.2517,39.3417],[-86.4651,39.3383],[-86.6308,39.3408],[-86.6308,39.3469]]]},"properties":{"district_code":"IN-09","state_code":"IN","state_name":"Indiana","district_number":"09","label":"Indiana — District 9"}},{"type":"Feature","geometry":{"type":"Polygon","coordinates":[[[-90.3084,34.9957],[-90.2961,34.9765],[-90.2459,34.9487],[-90.2432,34.9091],[-90.3048,34.8604],[-90.2021,34.8604],[-90.2008,34.724],[-90.2314,34.702],[-90.2163,34.6469],[-90.24,34.6262],[-90.2399,34.5932],[-90.2049,34.5544],[-89.9372,34.5537],[-89.7213,34.5543],[-89.7222,34.4223],[-89.7194,34.338],[-89.721,34.1925],[-89.5094,34.191],[-89.5078,34.0709],[-89.5071,33.7222],[-89.5065,33.4598],[-89.3811,33.4603],[-89.4243,33.4316],[-89.454,33.4332],[-89.4538,33.2859],[-89.3164,33.2856],[-89.3179,33.1089],[-89.2139,33.1094],[-89.2134,33.1975],[-89.1089,33.1981],[-89.1089,33.2859],[-88.966,33.2861],[-88.9673,33.3439],[-88.9926,33.368],[-88.9668,33.3798],[-88.9665,33.4626],[-88.9596,33.4982],[-89.0361,33.5127],[-89.0357,33.5622],[-88.9846,33.5641],[-88.6715,33.5651],[-88.6691,33.2869],[-88.3044,33.2883],[-88.2746,33.534],[-88.2523,33.7196],[-88.2107,34.0292],[-88.1656,34.3831],[-88.1343,34.6227],[-88.1184,34.7243],[-88.0979,34.8922],[-88.1546,34.9224],[-88.2001,34.9956],[-88.6844,34.9955],[-89.1568,34.9939],[-89.435,34.9938],[-89.7066,34.9952],[-89.9559,34.9946],[-90.3084,34.9957]]]},"properties":{"district_code":"MS-01","state_code":"MS","state_name":"Mississippi","district_number":"01","label":"Mississippi — District 1"}},{"type":"Feature","geometry":{"type":"Polygon","coordinates":[[[-82.0125,33.5321],[-81.9859,33.4865],[-81.9263,33.4629],[-81.9131,33.4383],[-81.9309,33.3801],[-81.9447,33.364],[-81.9188,33.3334],[-81.8692,33.3138],[-81.8462,33.2843],[-81.8529,33.2487],[-81.8079,33.2137],[-81.7679,33.2163],[-81.7569,33.1978],[-81.7631,33.1594],[-81.7046,33.1165],[-81.6423,33.0932],[-81.6141,33.0952],[-81.5419,33.1583],[-81.3649,33.1081],[-81.2837,33.1086],[-81.2064,33.1296],[-81.2278,33.1626],[-81.2177,33.2218],[-81.2208,33.2591],[-81.2132,33.3979],[-81.167,33.4093],[-81.1304,33.389],[-81.0755,33.3734],[-81.0554,33.354],[-81.0051,33.3365],[-80.9488,33.308],[-80.9032,33.275],[-80.8816,33.278],[-80.8728,33.3178],[-80.886,33.35],[-80.8777,33.3884],[-80.8585,33.415],[-80.8727,33.4546],[-80.9029,33.4393],[-80.9493,33.4789],[-80.9756,33.4786],[-80.9473,33.5256],[-80.9235,33.5174],[-80.8729,33.5576],[-80.8683,33.5824],[-80.8854,33.6182],[-80.9197,33.6055],[-80.9655,33.6253],[-81.0429,33.7071],[-80.992,33.7322],[-80.9557,33.7378],[-80.9336,33.7648],[-80.962,33.779],[-81.0475,33.7894],[-81.0379,33.8709],[-81.0088,33.9041],[-81.017,33.9309],[-81.0547,34.0008],[-81.093,34.0146],[-81.1393,34.0683],[-81.1041,34.0892],[-81.0714,34.0817],[-81.0528,34.1141],[-81.0283,34.1225],[-81.0424,34.1533],[-80.9736,34.1648],[-80.9419,34.1796],[-80.9273,34.0899],[-80.9951,34.0245],[-80.9962,33.9998],[-80.9753,33.9602],[-80.9443,33.951],[-80.9127,33.9806],[-80.8668,33.9919],[-80.7673,34.0055],[-80.707,34.0083],[-80.7041,34.05],[-80.6139,34.0573],[-80.6356,34.0977],[-80.7193,34.069],[-80.868,34.1848],[-80.8259,34.2688],[-80.9619,34.252],[-81.0833,34.2248],[-81.0959,34.2139],[-81.1812,34.2203],[-81.1689,34.1944],[-81.1783,34.1746],[-81.2264,34.2057],[-81.2513,34.2029],[-81.2796,34.2306],[-81.3169,34.2395],[-81.3748,34.179],[-81.4037,34.1779],[-81.4372,34.13],[-81.3882,34.0793],[-81.4147,34.0742],[-81.4657,34.0876],[-81.5291,33.9656],[-81.5715,33.8773],[-82.0125,33.5321]]]},"properties":{"district_code":"SC-02","state_code":"SC","state_name":"South Carolina","district_number":"02","label":"South Carolina — District 2"}},{"type":"Feature","geometry":{"type":"Polygon","coordinates":[[[-117.6343,35.7973],[-117.6343,35.7098],[-117.6522,35.6808],[-117.6165,35.6807],[-117.6344,35.6508],[-117.6297,35.4662],[-117.6511,35.4267],[-117.7208,35.4267],[-117.784,35.411],[-117.797,35.3932],[-117.8728,35.375],[-117.9505,35.3345],[-118.0138,35.2933],[-118.0705,35.2374],[-118.0737,35.2193],[-118.1457,35.1652],[-118.1768,35.1527],[-118.2221,35.1182],[-118.2541,35.1055],[-118.2567,35.0532],[-118.236,35.0412],[-118.1856,35.0558],[-118.1576,35.0765],[-118.1318,35.0697],[-118.0628,35.0713],[-118.063,35.0254],[-118.0425,35.0147],[-117.9523,35.0148],[-117.778,35.0024],[-117.7032,35],[-117.6322,34.9909],[-117.6322,34.8223],[-117.9167,34.8226],[-117.9163,34.7195],[-117.8807,34.7195],[-117.8806,34.5579],[-117.8878,34.5064],[-117.9141,34.501],[-117.9249,34.4372],[-117.9347,34.4317],[-117.8702,34.4247],[-117.6761,34.4261],[-117.6246,34.3828],[-117.4854,34.3834],[-117.4512,34.3685],[-117.4444,34.3456],[-117.476,34.3397],[-117.4811,34.3201],[-117.4532,34.2929],[-117.464,34.2561],[-117.4263,34.2346],[-117.393,34.2268],[-117.3418,34.1973],[-117.3166,34.1987],[-117.2569,34.1669],[-117.2437,34.1494],[-117.1737,34.1357],[-117.1301,34.1062],[-117.1036,34.1057],[-117.0995,34.0695],[-117.1367,34.0555],[-117.2088,34.0667],[-117.252,34.0666],[-117.2994,34.0448],[-117.2961,34.0183],[-117.2255,34.018],[-117.2254,34.0053],[-117.1213,34.0035],[-116.9336,34.0049],[-116.9296,34.0341],[-116.6156,34.0326],[-116.3008,34.0325],[-115.9848,34.0344],[-115.6324,34.0353],[-115.3162,34.0341],[-115.3161,34.0778],[-115.1361,34.0797],[-115.1156,34.0868],[-115.1458,34.1209],[-115.124,34.1439],[-115.1058,34.2427],[-115.1497,34.2661],[-115.1257,34.2777],[-115.1018,34.2598],[-115.0669,34.4112],[-115.0884,34.418],[-115.0559,34.4909],[-115.0847,34.5287],[-115.1215,34.5463],[-115.1564,34.5509],[-115.1182,34.591],[-115.1236,34.6119],[-115.158,34.6255],[-115.1803,34.6692],[-115.1142,34.6823],[-115.0299,34.683],[-115.0017,34.6914],[-115.0109,34.7392],[-114.9893,34.8372],[-115.051,34.83],[-115.0638,34.9098],[-114.9846,34.914],[-114.9778,35.0425],[-114.9573,35.0501],[-114.9482,35.2552],[-115.2713,35.5127],[-115.648,35.8096],[-115.7357,35.8091],[-115.7359,35.7936],[-116.2818,35.7934],[-116.9232,35.7954],[-117.3684,35.7952],[-117.6343,35.7973]]]},"properties":{"district_code":"CA-23","state_code":"CA","state_name":"California","district_number":"23","label":"California — District 23"}},{"type":"Feature","geometry":{"type":"Polygon","coordinates":[[[-87.1865,33.557],[-87.1515,33.5551],[-87.1436,33.5793],[-87.0955,33.5847],[-87.0685,33.568],[-86.9903,33.5372],[-86.9508,33.5346],[-86.9351,33.5469],[-86.8958,33.5487],[-86.904,33.5897],[-86.8977,33.612],[-86.8605,33.6293],[-86.8349,33.5869],[-86.7582,33.5703],[-86.7451,33.5901],[-86.7016,33.5647],[-86.7212,33.5307],[-86.7557,33.5332],[-86.7914,33.5122],[-86.7872,33.4747],[-86.808,33.4403],[-86.8287,33.4393],[-86.8662,33.4112],[-86.8758,33.3539],[-86.9024,33.3417],[-86.9001,33.3078],[-86.9262,33.2782],[-86.9696,33.2675],[-86.9829,33.246],[-87.0766,33.2468],[-87.1041,33.2215],[-87.1219,33.2358],[-87.1521,33.2325],[-87.1992,33.1966],[-87.1993,33.1307],[-87.2819,33.1331],[-87.3116,33.0939],[-87.3185,33.0062],[-87.4219,33.0034],[-87.4212,32.8745],[-87.3195,32.8751],[-87.3192,32.8315],[-87.2237,32.8351],[-87.0192,32.837],[-87.0177,32.6633],[-86.9176,32.6642],[-86.8166,32.6601],[-86.7134,32.6617],[-86.7142,32.7057],[-86.5247,32.7071],[-86.5787,32.7942],[-86.6224,32.7938],[-86.6335,32.8427],[-86.671,32.8908],[-86.6593,32.9025],[-86.6217,32.8921],[-86.6121,32.9347],[-86.5905,32.9683],[-86.6141,32.9912],[-86.5962,33.0043],[-86.5173,33.0206],[-86.5121,33.0859],[-86.4599,33.1251],[-86.5031,33.1791],[-86.4861,33.2019],[-86.461,33.2029],[-86.458,33.2414],[-86.3576,33.2985],[-86.3674,33.3205],[-86.3529,33.3725],[-86.3785,33.3872],[-86.3782,33.5024],[-86.4819,33.5025],[-86.4815,33.5461],[-86.5168,33.546],[-86.552,33.561],[-86.5513,33.62],[-86.5251,33.6487],[-86.5251,33.7212],[-86.5426,33.7356],[-86.5428,33.7652],[-86.5778,33.7653],[-86.5775,33.802],[-86.5218,33.8019],[-86.5127,33.8106],[-86.406,33.8359],[-86.3393,33.8948],[-86.3462,33.9156],[-86.3256,33.9401],[-86.3495,33.9573],[-86.3327,33.9861],[-86.3324,34.0465],[-86.3035,34.0991],[-86.409,34.205],[-86.4448,34.2501],[-86.4871,34.2602],[-86.5196,34.2518],[-86.5891,34.1362],[-86.6534,34.1072],[-86.6877,34.0807],[-86.7097,34.029],[-86.7613,33.9954],[-86.764,33.9742],[-86.8861,33.9335],[-86.8866,33.9169],[-86.9244,33.9092],[-86.9198,33.8846],[-86.9543,33.8449],[-86.9537,33.8008],[-86.9709,33.7865],[-87.006,33.7872],[-87.0233,33.7727],[-87.0234,33.7436],[-87.0406,33.729],[-87.0398,33.6854],[-87.0578,33.6564],[-87.0927,33.6569],[-87.0927,33.6279],[-87.1445,33.6282],[-87.1794,33.6138],[-87.2046,33.5788],[-87.1865,33.557]]]},"properties":{"district_code":"AL-06","state_code":"AL","state_name":"Alabama","district_number":"06","label":"Alabama — District 6"}},{"type":"Feature","geometry":{"type":"Polygon","coordinates":[[[-85.3865,33.9017],[-85.3044,33.4829],[-85.2324,33.1081],[-85.1847,32.8705],[-85.1543,32.8475],[-85.1679,32.8116],[-85.1222,32.7734],[-85.1426,32.7607],[-85.1208,32.7229],[-85.117,32.692],[-85.0885,32.6578],[-85.1053,32.6448],[-85.0675,32.5795],[-85.0225,32.5429],[-85.0003,32.5071],[-84.9837,32.4905],[-84.9363,32.5085],[-84.9269,32.5447],[-84.9669,32.542],[-84.9818,32.6077],[-84.9077,32.6076],[-84.9079,32.5834],[-84.6946,32.5839],[-84.6924,32.8294],[-84.7005,32.8446],[-84.5707,32.8452],[-84.4983,32.8836],[-84.4573,32.8299],[-84.4149,32.8345],[-84.391,32.787],[-84.3397,32.7627],[-84.3028,32.7614],[-84.2843,32.7445],[-84.2292,32.7327],[-84.1957,32.7038],[-84.1493,32.8012],[-84.1243,32.8009],[-84.1243,32.8496],[-84.1233,32.9322],[-84.0542,32.9315],[-84.0441,32.9479],[-84.0415,33.2026],[-84.1238,33.2028],[-84.1226,33.2527],[-84.089,33.2856],[-84.1088,33.3013],[-84.1508,33.313],[-84.1506,33.3356],[-84.2473,33.3358],[-84.2472,33.3707],[-84.2194,33.3776],[-84.2155,33.4059],[-84.1814,33.4275],[-84.2034,33.4519],[-84.2727,33.4357],[-84.3536,33.4362],[-84.3544,33.3525],[-84.3881,33.3525],[-84.3871,33.4007],[-84.4208,33.4614],[-84.4645,33.484],[-84.4946,33.4639],[-84.509,33.493],[-84.5573,33.5148],[-84.621,33.5107],[-84.7506,33.5108],[-84.8152,33.5247],[-84.8323,33.5453],[-84.8057,33.5864],[-84.7529,33.6279],[-84.7663,33.6466],[-84.7492,33.6883],[-84.7768,33.7232],[-84.781,33.75],[-84.7675,33.7869],[-84.8792,33.7748],[-84.9712,33.7996],[-85.0379,33.8119],[-85.0367,33.9043],[-85.2128,33.9063],[-85.2128,33.8992],[-85.3865,33.9017]]]},"properties":{"district_code":"GA-03","state_code":"GA","state_name":"Georgia","district_number":"03","label":"Georgia — District 3"}},{"type":"Feature","geometry":{"type":"MultiPolygon","coordinates":[[[[-75.7268,35.9358],[-75.6606,35.8625],[-75.6679,35.8235],[-75.6144,35.8157],[-75.6277,35.8831],[-75.6595,35.9196],[-75.6911,35.9369],[-75.7268,35.9358]]],[[[-75.7325,35.2004],[-75.6492,35.2225],[-75.5581,35.2343],[-75.5313,35.2266],[-75.5239,35.2696],[-75.5798,35.263],[-75.6682,35.219],[-75.7325,35.2004]]],[[[-76.3301,34.8479],[-76.2426,34.9078],[-76.1856,34.9559],[-76.0741,35.039],[-76.0888,35.0452],[-76.1959,34.959],[-76.227,34.9257],[-76.3301,34.8479]]],[[[-75.8676,36.5504],[-76.1928,36.5505],[-76.5415,36.5503],[-76.4373,36.4678],[-76.3768,36.4459],[-76.3676,36.4314],[-76.3231,36.4173],[-76.2915,36.3866],[-76.2589,36.3843],[-76.1922,36.3281],[-76.2158,36.3002],[-76.1728,36.3024],[-76.1057,36.2724],[-76.0796,36.2382],[-76.054,36.2348],[-76.017,36.1864],[-75.9346,36.1659],[-75.96,36.1989],[-75.9498,36.2154],[-75.9607,36.251],[-75.9167,36.2379],[-75.9066,36.2088],[-75.875,36.1841],[-75.8629,36.1596],[-75.8667,36.1275],[-75.8493,36.1048],[-75.7982,36.0722],[-75.7994,36.1177],[-75.8403,36.1772],[-75.8368,36.2038],[-75.8639,36.2293],[-75.8648,36.285],[-75.8834,36.2847],[-75.9235,36.3678],[-75.9245,36.4255],[-75.9563,36.4008],[-75.972,36.4372],[-76.0123,36.4475],[-76.0426,36.5106],[-76.0307,36.5388],[-76.0026,36.5371],[-75.981,36.5113],[-75.9891,36.4951],[-75.8999,36.4821],[-75.8883,36.4416],[-75.8433,36.42],[-75.8477,36.3784],[-75.8289,36.3657],[-75.8131,36.2917],[-75.8109,36.2491],[-75.7724,36.2175],[-75.7459,36.1441],[-75.7519,36.1224],[-75.7371,36.0408],[-75.7106,36.0256],[-75.7276,36.0034],[-75.6823,35.9958],[-75.6445,35.9644],[-75.6154,35.9264],[-75.6229,35.8923],[-75.6022,35.8744],[-75.5575,35.796],[-75.5455,35.8051],[-75.5698,35.8633],[-75.6585,36.0204],[-75.7183,36.1137],[-75.7725,36.2294],[-75.8187,36.3576],[-75.8577,36.5008],[-75.8676,36.5504]]],[[[-78.6171,35.2457],[-78.6244,35.204],[-78.6373,35.1979],[-78.6368,35.1415],[-78.663,35.078],[-78.647,34.9923],[-78.6075,34.9536],[-78.5727,34.9374],[-78.5451,34.9007],[-78.5158,34.883],[-78.4936,34.8431],[-78.4498,34.8135],[-78.4369,34.7842],[-78.3953,34.7511],[-78.3667,34.6931],[-78.3459,34.6885],[-78.3127,34.6436],[-78.3027,34.6025],[-78.2676,34.584],[-78.2517,34.562],[-78.1565,34.6791],[-78.1135,34.7072],[-78.114,34.7218],[-78.0662,34.7279],[-78.0079,34.7262],[-77.9807,34.714],[-77.9215,34.7197],[-77.6801,34.7206],[-77.6139,34.576],[-77.5749,34.4787],[-77.5184,34.4409],[-77.4112,34.4964],[-77.307,34.5451],[-77.2337,34.593],[-77.24,34.6034],[-77.1171,34.687],[-77.0927,34.6729],[-77.0403,34.6895],[-77.0052,34.6925],[-76.892,34.7254],[-76.8419,34.7294],[-76.7344,34.7212],[-76.6194,34.7042],[-76.627,34.7194],[-76.6044,34.7899],[-76.5752,34.7397],[-76.5531,34.7258],[-76.5127,34.7203],[-76.5141,34.7543],[-76.4731,34.7694],[-76.4514,34.808],[-76.4121,34.8322],[-76.41,34.8615],[-76.3822,34.857],[-76.3468,34.8734],[-76.3141,34.9063],[-76.3135,34.9268],[-76.2795,34.9414],[-76.2779,34.9607],[-76.2493,35.0007],[-76.2937,35.0096],[-76.3641,35.0366],[-76.3206,34.9755],[-76.3803,34.9702],[-76.4228,34.9507],[-76.4358,35.0579],[-76.4635,35.0764],[-76.4975,35.0082],[-76.5647,34.9983],[-76.5785,34.9762],[-76.6311,34.9887],[-76.6574,34.9825],[-76.6764,34.9589],[-76.7076,34.9542],[-76.7266,34.9279],[-76.7608,34.9159],[-76.8112,34.9392],[-76.8478,34.9363],[-76.9358,34.9731],[-76.98,35.0092],[-76.9978,35.0767],[-76.9529,35.0572],[-76.9248,35.0292],[-76.9011,35.0251],[-76.8205,34.971],[-76.7712,34.9767],[-76.7575,34.9924],[-76.7116,35.0045],[-76.6299,35.0613],[-76.5973,35.074],[-76.5695,35.0985],[-76.5422,35.1453],[-76.6013,35.1974],[-76.5747,35.2009],[-76.5267,35.1848],[-76.4835,35.2498],[-76.4799,35.2791],[-76.4989,35.3059],[-76.6163,35.3427],[-76.6513,35.34],[-76.7195,35.3751],[-76.8003,35.3908],[-76.8445,35.4237],[-76.8766,35.4247],[-76.925,35.4488],[-76.9662,35.434],[-76.9864,35.4725],[-77.0346,35.4928],[-77.043,35.5368],[-76.9792,35.4834],[-76.9576,35.483],[-76.906,35.4594],[-76.8804,35.4597],[-76.7691,35.4268],[-76.7107,35.4286],[-76.6479,35.4034],[-76.5776,35.3876],[-76.607,35.4555],[-76.5974,35.4819],[-76.6379,35.513],[-76.5992,35.5399],[-76.537,35.5291],[-76.467,35.5389],[-76.4908,35.5044],[-76.5362,35.5095],[-76.5621,35.4913],[-76.5655,35.4495],[-76.5331,35.4323],[-76.5403,35.4107],[-76.5103,35.3974],[-76.4808,35.4045],[-76.4381,35.3985],[-76.4176,35.4251],[-76.3615,35.3737],[-76.4129,35.3757],[-76.4119,35.3464],[-76.3416,35.3423],[-76.3575,35.3836],[-76.3261,35.3863],[-76.3057,35.3549],[-76.2681,35.34],[-76.2315,35.3588],[-76.2211,35.3404],[-76.1742,35.347],[-76.1562,35.3377],[-76.0913,35.3695],[-76.0712,35.4098],[-76.0157,35.4417],[-75.9888,35.4849],[-75.9631,35.4939],[-75.9575,35.5261],[-75.9128,35.5447],[-75.9197,35.5615],[-75.8528,35.5847],[-75.812,35.5833],[-75.7522,35.608],[-75.7349,35.6302],[-75.7804,35.6841],[-75.7673,35.7056],[-75.7381,35.6946],[-75.7257,35.7145],[-75.7386,35.7494],[-75.7348,35.8373],[-75.7519,35.851],[-75.7495,35.8841],[-75.8094,35.9593],[-75.8709,35.9786],[-75.9473,35.9598],[-75.9216,35.9359],[-75.9861,35.889],[-75.976,35.8385],[-75.9941,35.8125],[-75.9829,35.7726],[-76.0012,35.7253],[-75.9998,35.694],[-76.0188,35.6537],[-76.0451,35.6656],[-76.0926,35.6698],[-76.1416,35.7028],[-76.1759,35.6907],[-76.1777,35.6552],[-76.2137,35.5984],[-76.2979,35.609],[-76.2692,35.6908],[-76.5456,35.7051],[-76.8446,35.7057],[-76.8473,35.72],[-76.9858,35.6588],[-77.1638,35.7395],[-77.1939,35.7092],[-77.1698,35.6843],[-77.1682,35.6312],[-77.1438,35.6013],[-77.0913,35.5693],[-77.1274,35.5538],[-77.1762,35.5191],[-77.1738,35.4726],[-77.2341,35.5273],[-77.3246,35.5717],[-77.3507,35.567],[-77.347,35.5251],[-77.3671,35.4308],[-77.3968,35.4501],[-77.4109,35.4306],[-77.4522,35.4303],[-77.5893,35.3738],[-77.607,35.3795],[-77.6373,35.3545],[-77.6793,35.3475],[-77.6975,35.3771],[-77.7777,35.3677],[-77.7999,35.3823],[-77.8267,35.4241],[-77.8225,35.5854],[-77.9539,35.5858],[-77.9674,35.5597],[-77.9366,35.5491],[-77.9301,35.5285],[-77.9736,35.4667],[-77.9504,35.4018],[-77.9567,35.3676],[-77.9415,35.3466],[-77.9874,35.3371],[-78.0169,35.3171],[-78.0085,35.2821],[-78.0174,35.2561],[-78.0774,35.1751],[-78.1634,35.1897],[-78.1618,35.2043],[-78.2462,35.226],[-78.3066,35.2876],[-78.4118,35.2547],[-78.4919,35.2633],[-78.5383,35.3164],[-78.5818,35.2982],[-78.5846,35.2733],[-78.6171,35.2457]]]]},"properties":{"district_code":"NC-03","state_code":"NC","state_name":"North Carolina","district_number":"03","label":"North Carolina — District 3"}},{"type":"Feature","geometry":{"type":"Polygon","coordinates":[[[-92.8097,35.7224],[-92.8135,35.5489],[-92.8493,35.5495],[-92.8551,35.1738],[-92.925,35.168],[-92.9807,35.1172],[-93.0349,35.1118],[-93.0253,35.0909],[-93.0873,35.0339],[-93.1056,35.0343],[-93.1418,35.0046],[-93.1602,34.976],[-93.1814,34.9763],[-93.3057,34.8755],[-93.2883,34.8609],[-93.2878,34.7732],[-92.9693,34.7723],[-92.9698,34.6848],[-92.98,34.6372],[-92.8754,34.6352],[-92.8769,34.5912],[-92.808,34.5904],[-92.7915,34.562],[-92.7932,34.5036],[-92.7383,34.5032],[-92.7388,34.4739],[-92.6851,34.4731],[-92.6862,34.4147],[-92.6246,34.4132],[-92.5895,34.4556],[-92.4047,34.4519],[-92.4034,34.4957],[-92.2458,34.4936],[-92.2442,34.5809],[-92.3487,34.5823],[-92.3465,34.6256],[-92.3819,34.6263],[-92.3809,34.6518],[-92.3615,34.6775],[-92.3232,34.6787],[-92.29,34.7056],[-92.2372,34.7169],[-92.2378,34.6937],[-92.1902,34.6634],[-92.1732,34.6384],[-92.15,34.6895],[-92.1566,34.7114],[-92.2204,34.7544],[-92.1614,34.7814],[-92.1515,34.824],[-92.1222,34.8443],[-92.0761,34.8438],[-92.0708,35.0116],[-92.1215,35.0122],[-92.1197,35.0666],[-92.0216,35.0723],[-91.9494,35.0445],[-91.9253,35.0459],[-91.8788,35.0246],[-91.8025,35.0307],[-91.7655,35.0501],[-91.7082,35.0625],[-91.6561,35.0516],[-91.6402,35.0271],[-91.5852,35.0253],[-91.5841,35.0916],[-91.45,35.0889],[-91.4291,35.1365],[-91.4337,35.1522],[-91.4117,35.1966],[-91.3797,35.2144],[-91.3919,35.2523],[-91.4118,35.2648],[-91.4127,35.3028],[-91.4247,35.3307],[-91.4257,35.3751],[-91.3684,35.4083],[-91.3473,35.4391],[-91.5845,35.4423],[-91.5821,35.5303],[-91.7936,35.5341],[-91.7896,35.7118],[-91.8068,35.7046],[-92.1036,35.7088],[-92.4184,35.716],[-92.4168,35.7886],[-92.6298,35.7908],[-92.6314,35.7184],[-92.8097,35.7224]]]},"properties":{"district_code":"AR-02","state_code":"AR","state_name":"Arkansas","district_number":"02","label":"Arkansas — District 2"}},{"type":"Feature","geometry":{"type":"Polygon","coordinates":[[[-109.0469,33.7774],[-109.3486,33.7781],[-109.3689,33.7224],[-109.3973,33.7129],[-109.4418,33.7131],[-109.4811,33.6902],[-109.4954,33.6527],[-109.4957,33.0784],[-109.5211,33.0514],[-109.5612,33.0514],[-109.5937,33.0165],[-109.6203,33.0282],[-109.6657,33.0149],[-109.7019,33.0444],[-109.7603,33.0712],[-109.7751,33.1008],[-109.7712,33.1262],[-109.8122,33.1168],[-109.8496,33.1619],[-109.8811,33.154],[-109.9259,33.1702],[-109.9579,33.2322],[-110.0426,33.2739],[-110.0568,33.3043],[-110.0565,33],[-110.0548,32.8751],[-110.093,32.8956],[-110.1367,32.9584],[-110.1909,32.9717],[-110.2304,32.9895],[-110.2815,32.9888],[-110.3132,32.9977],[-110.3951,33.0066],[-110.4174,32.9813],[-110.4494,32.9874],[-110.4485,32.7712],[-110.9451,32.7716],[-111.0469,32.7732],[-111.0767,32.7692],[-111.161,32.7735],[-111.1707,32.7864],[-111.2235,32.782],[-111.2598,32.787],[-111.2596,32.7626],[-111.3613,32.7629],[-111.3615,32.8497],[-111.498,32.8504],[-111.4939,32.7924],[-111.5154,32.7915],[-111.5153,32.8359],[-111.5677,32.8358],[-111.5761,32.8517],[-111.6453,32.8651],[-111.6536,32.8943],[-111.74,32.8941],[-111.7573,32.9088],[-111.8047,32.9085],[-111.8089,32.8898],[-111.8559,32.8902],[-111.8776,32.8722],[-111.8434,32.8721],[-111.8259,32.8279],[-111.7574,32.8279],[-111.7228,32.7629],[-111.7146,32.69],[-111.672,32.6754],[-111.672,32.6461],[-111.4996,32.6466],[-111.4995,32.6176],[-111.4655,32.6148],[-111.4657,32.5013],[-111.3516,32.5014],[-111.3385,32.4716],[-111.3043,32.4511],[-111.3042,32.3931],[-111.2511,32.3952],[-111.2338,32.3658],[-111.1389,32.3783],[-111.1399,32.352],[-111.1225,32.3159],[-111.1053,32.3087],[-111.043,32.3154],[-110.9267,32.2649],[-110.9268,32.236],[-110.9096,32.2216],[-110.8295,32.221],[-110.8103,32.1918],[-110.9093,32.1952],[-110.9095,32.1343],[-110.858,32.1416],[-110.8589,31.9631],[-110.9105,31.9576],[-110.9487,31.9395],[-110.9608,31.9028],[-110.9974,31.8996],[-111.0181,31.8814],[-111.0091,31.8528],[-111.0502,31.7698],[-111.0396,31.7582],[-111.058,31.7262],[-110.8558,31.7267],[-110.8558,31.7317],[-110.4523,31.7312],[-110.4522,31.6139],[-110.4608,31.6139],[-110.4609,31.4699],[-110.4579,31.4039],[-110.4367,31.423],[-110.3969,31.3762],[-110.2864,31.3676],[-110.2394,31.3488],[-110.2071,31.3518],[-110.2071,31.3799],[-110.2407,31.4091],[-110.1223,31.4091],[-110.1111,31.38],[-110.0375,31.3799],[-110.0376,31.4234],[-110.0046,31.4234],[-110.0035,31.4685],[-110.0532,31.4686],[-110.0534,31.5531],[-109.8519,31.5532],[-109.8245,31.5187],[-109.8171,31.438],[-109.6308,31.4373],[-109.6465,31.4661],[-109.5029,31.4654],[-109.4879,31.4455],[-109.4644,31.3871],[-109.487,31.334],[-109.05,31.3325],[-109.0491,31.6366],[-109.0483,32.0891],[-109.0476,32.4264],[-109.0471,32.7776],[-109.0475,33.2501],[-109.0469,33.7774]]]},"properties":{"district_code":"AZ-06","state_code":"AZ","state_name":"Arizona","district_number":"06","label":"Arizona — District 6"}},{"type":"Feature","geometry":{"type":"Polygon","coordinates":[[[-72.7281,40.7715],[-72.47,40.8427],[-72.3958,40.8667],[-72.1144,40.9721],[-71.9588,41.0267],[-71.8747,41.052],[-71.8565,41.071],[-71.9043,41.086],[-71.9596,41.0712],[-71.9573,41.0483],[-71.9926,41.0471],[-72.0169,41.0235],[-72.0488,41.0226],[-72.0955,40.9913],[-72.1629,41.0532],[-72.1906,41.0326],[-72.2413,41.0448],[-72.2759,41.0366],[-72.2804,41.0804],[-72.3172,41.0887],[-72.339,41.1102],[-72.3088,41.1398],[-72.2787,41.1222],[-72.2426,41.1533],[-72.2788,41.1587],[-72.3216,41.1387],[-72.3541,41.14],[-72.397,41.0963],[-72.4452,41.0861],[-72.4773,41.0522],[-72.518,41.0401],[-72.5853,40.9976],[-72.6356,40.982],[-72.7081,40.9779],[-72.7741,40.9653],[-72.8331,40.9701],[-72.9138,40.9625],[-73.055,40.9648],[-73.1184,40.9773],[-73.1483,40.966],[-73.1471,40.9287],[-73.2284,40.906],[-73.2951,40.9245],[-73.3532,40.9243],[-73.3624,40.904],[-73.4135,40.904],[-73.438,40.9347],[-73.4854,40.9464],[-73.4969,40.9257],[-73.4652,40.868],[-73.4386,40.7513],[-73.295,40.7843],[-73.2947,40.804],[-73.231,40.8088],[-73.2294,40.8237],[-73.1168,40.8298],[-73.12,40.8069],[-73.0516,40.8207],[-72.9972,40.8471],[-72.9172,40.8342],[-72.8657,40.8488],[-72.8152,40.8773],[-72.7221,40.914],[-72.7012,40.914],[-72.7267,40.8338],[-72.7281,40.7715]]]},"properties":{"district_code":"NY-01","state_code":"NY","state_name":"New York","district_number":"01","label":"New York — District 1"}},{"type":"Feature","geometry":{"type":"Polygon","coordinates":[[[-103.0428,34.7474],[-103.0439,34.3796],[-103.0436,34.0036],[-103.0505,33.6724],[-103.0567,33.3884],[-103.0646,32.9999],[-103.0648,32.727],[-103.0646,32.3347],[-103.0643,32.0871],[-102.7991,32.0858],[-102.5046,32.087],[-101.97,32.0868],[-101.5606,32.0871],[-100.9975,32.0867],[-100.6254,32.0854],[-100.3251,32.0814],[-100.1519,32.0826],[-99.6314,32.0813],[-99.6298,32.4366],[-99.4548,32.4072],[-99.4544,32.4574],[-99.4188,32.4793],[-99.3971,32.5151],[-99.096,32.5148],[-99.096,32.957],[-98.9509,32.9569],[-98.9539,33.3975],[-99.4343,33.3989],[-99.991,33.3974],[-100.2572,33.3976],[-100.7503,33.3983],[-101.0388,33.3972],[-101.04,33.6314],[-101.0415,33.958],[-101.0415,34.3124],[-101.4716,34.3123],[-101.4716,34.7475],[-101.9985,34.7482],[-102.3709,34.746],[-102.7607,34.7475],[-103.0428,34.7474]]]},"properties":{"district_code":"TX-19","state_code":"TX","state_name":"Texas","district_number":"19","label":"Texas — District 19"}},{"type":"Feature","geometry":{"type":"Polygon","coordinates":[[[-86.7515,36.1112],[-86.7968,36.1161],[-86.823,36.1397],[-86.8852,36.1358],[-86.9773,36.0924],[-86.9943,36.0778],[-87.039,36.0773],[-87.0545,36.0488],[-87.0392,35.9893],[-87.0161,35.9979],[-86.9833,35.9741],[-86.9708,35.937],[-86.9075,35.9304],[-86.9042,35.9648],[-86.8813,35.9757],[-86.8397,35.9762],[-86.8076,35.9661],[-86.8228,35.9223],[-86.8316,35.8595],[-86.8679,35.8488],[-86.9293,35.7782],[-86.9695,35.7717],[-87.2151,35.8507],[-87.2341,35.7247],[-87.2558,35.7003],[-87.3079,35.6861],[-87.3253,35.6578],[-87.3574,35.6595],[-87.4187,35.6249],[-87.4596,35.6151],[-87.5078,35.6284],[-87.5493,35.6303],[-87.5867,35.6531],[-87.6354,35.6144],[-87.6576,35.608],[-87.6518,35.5649],[-87.6858,35.5481],[-87.6907,35.5053],[-87.7176,35.4833],[-87.6459,35.4727],[-87.6465,35.4421],[-87.6073,35.4362],[-87.5754,35.3985],[-87.5168,35.3982],[-87.5096,35.4147],[-87.4488,35.4206],[-87.4485,35.4578],[-87.3258,35.4564],[-87.3269,35.4477],[-87.2279,35.4293],[-87.1657,35.4369],[-87.1209,35.4557],[-87.0176,35.4159],[-86.9571,35.4193],[-86.9257,35.4025],[-86.9201,35.3522],[-86.9022,35.3163],[-86.8285,35.2934],[-86.8283,35.2637],[-86.7469,35.2529],[-86.698,35.2953],[-86.6375,35.321],[-86.6026,35.327],[-86.5995,35.365],[-86.6182,35.3668],[-86.6582,35.4353],[-86.6642,35.4918],[-86.6392,35.6763],[-86.6993,35.7178],[-86.6969,35.7523],[-86.6638,35.771],[-86.6629,35.7909],[-86.6133,35.7903],[-86.6004,35.8532],[-86.6174,35.8641],[-86.628,35.9102],[-86.625,35.9539],[-86.6072,35.9855],[-86.6123,36.01],[-86.5607,36.0398],[-86.5639,36.0619],[-86.5275,36.074],[-86.5156,36.1006],[-86.472,36.0721],[-86.3838,36.0267],[-86.3263,35.985],[-86.2876,35.9727],[-86.223,35.9693],[-86.177,35.9575],[-86.1743,35.9827],[-86.2161,36.0036],[-86.198,36.0185],[-86.2059,36.0493],[-86.1857,36.0723],[-86.186,36.0983],[-86.2352,36.1464],[-86.2749,36.1951],[-86.2886,36.2492],[-86.3212,36.2617],[-86.4173,36.265],[-86.4342,36.247],[-86.4773,36.231],[-86.5058,36.2324],[-86.5228,36.2595],[-86.6134,36.2441],[-86.641,36.1759],[-86.61,36.1379],[-86.6193,36.0893],[-86.6546,36.0968],[-86.6714,36.0772],[-86.7082,36.0963],[-86.7345,36.0908],[-86.7515,36.1112]]]},"properties":{"district_code":"TN-05","state_code":"TN","state_name":"Tennessee","district_number":"05","label":"Tennessee — District 5"}},{"type":"Feature","geometry":{"type":"Polygon","coordinates":[[[-91.4194,40.3783],[-91.4621,40.3424],[-91.5065,40.2363],[-91.513,40.1811],[-91.5103,40.128],[-91.4896,40.0574],[-91.4949,40.0365],[-91.4209,39.9149],[-91.4478,39.878],[-91.4295,39.8378],[-91.378,39.8113],[-91.3617,39.7851],[-91.37,39.7325],[-91.3527,39.7153],[-91.2761,39.6658],[-91.2412,39.6301],[-91.1859,39.6051],[-91.1684,39.5649],[-91.1483,39.5458],[-91.1003,39.5387],[-91.0643,39.4946],[-91.0594,39.4689],[-90.9938,39.423],[-90.9483,39.4075],[-90.934,39.3921],[-90.8401,39.3404],[-90.7935,39.3095],[-90.7516,39.2654],[-90.727,39.2512],[-90.7091,39.1551],[-90.6861,39.1178],[-90.6827,39.0883],[-90.7125,39.0571],[-90.6782,38.9919],[-90.6634,38.9342],[-90.6251,38.8887],[-90.5834,38.869],[-90.544,38.8751],[-90.487,38.926],[-90.4721,38.9588],[-90.4508,38.9678],[-90.3831,38.9555],[-90.3095,38.9241],[-90.2502,38.9193],[-90.1927,38.8865],[-90.1923,38.9367],[-90.1263,38.9303],[-90.118,38.999],[-90.146,38.9993],[-90.1463,39.1741],[-90.1538,39.5203],[-89.8131,39.5228],[-89.8153,39.6979],[-89.7051,39.6983],[-89.7153,39.7564],[-89.7085,39.8731],[-89.6643,39.8736],[-89.6543,39.8307],[-89.5932,39.8315],[-89.5989,39.7874],[-89.4825,39.7882],[-89.483,39.875],[-89.3676,39.874],[-89.3671,39.9176],[-89.1435,39.9176],[-89.1439,39.9614],[-88.7454,39.9676],[-88.7451,40.0551],[-88.463,40.055],[-88.4618,40.1423],[-88.3148,40.1421],[-88.2961,40.1713],[-88.2012,40.1711],[-88.1837,40.1421],[-88.1249,40.1422],[-88.1239,40.055],[-88.2383,40.0544],[-88.2379,40.0104],[-88.3496,40.0111],[-88.354,39.9674],[-88.4068,39.9674],[-88.4061,39.8792],[-88.6125,39.8791],[-88.613,39.8503],[-88.746,39.8509],[-88.8787,39.8629],[-88.9296,39.8266],[-88.9548,39.826],[-88.9893,39.8507],[-88.9615,39.8764],[-88.9553,39.9082],[-88.986,39.908],[-89.0434,39.8617],[-89.1059,39.8017],[-89.1515,39.8013],[-89.1799,39.8154],[-89.2572,39.8098],[-89.3292,39.7636],[-89.4102,39.744],[-89.4251,39.6837],[-89.4789,39.684],[-89.4785,39.6408],[-89.535,39.6411],[-89.5335,39.5246],[-89.7017,39.5233],[-89.6993,39.348],[-89.7037,39.348],[-89.6986,38.999],[-89.927,38.9988],[-89.9272,38.942],[-89.946,38.9357],[-89.9461,38.8983],[-89.9275,38.8949],[-89.9288,38.7415],[-89.9566,38.7157],[-89.9832,38.6582],[-89.7185,38.655],[-89.5951,38.6559],[-89.5973,38.7432],[-89.482,38.7405],[-89.2448,38.7418],[-89.1384,38.7363],[-89.1381,38.8242],[-89.0306,38.8229],[-88.6952,38.8263],[-88.6935,38.9146],[-88.8068,38.9116],[-88.8053,39.2163],[-88.4709,39.215],[-88.4704,39.4326],[-88.3598,39.4323],[-88.3595,39.4736],[-88.3362,39.4842],[-88.2479,39.484],[-88.2482,39.4338],[-88.1745,39.4337],[-88.1632,39.4581],[-88.1638,39.4996],[-88.14,39.5053],[-88.1396,39.6521],[-88.0635,39.6527],[-88.063,39.6813],[-87.9663,39.686],[-87.9602,39.4813],[-87.6873,39.4873],[-87.6893,39.4768],[-87.5317,39.4771],[-87.5333,39.872],[-87.5322,40.0588],[-87.6149,40.058],[-87.6381,40.0279],[-87.7866,40.0273],[-87.8062,40.0416],[-87.8065,40.0859],[-87.9396,40.0836],[-87.9421,40.2255],[-87.9288,40.2256],[-87.93,40.3134],[-88.0789,40.3125],[-88.0786,40.2834],[-88.2325,40.2823],[-88.2329,40.3116],[-88.4603,40.311],[-88.4604,40.2819],[-89.0347,40.2828],[-89.2626,40.2809],[-89.2637,40.3253],[-89.7149,40.3192],[-89.7171,40.4357],[-89.8285,40.4344],[-89.9056,40.4515],[-90.3253,40.4512],[-90.6182,40.4547],[-90.7048,40.448],[-90.7241,40.4854],[-90.6753,40.4869],[-90.674,40.5432],[-90.4469,40.5398],[-90.4418,40.8891],[-90.6715,40.8925],[-90.6648,41.2404],[-90.668,41.327],[-90.8988,41.3322],[-91.072,41.3334],[-91.0775,41.3018],[-91.1136,41.2414],[-91.0659,41.1995],[-91.0415,41.1661],[-90.9897,41.1557],[-90.9466,41.0966],[-90.9423,41.0347],[-90.9581,40.9798],[-90.9629,40.925],[-90.9985,40.9081],[-91.0447,40.8684],[-91.0968,40.8116],[-91.0917,40.7797],[-91.1157,40.7252],[-91.1239,40.6692],[-91.187,40.6373],[-91.2479,40.6384],[-91.3065,40.6262],[-91.3487,40.6097],[-91.4062,40.5427],[-91.3691,40.5125],[-91.3649,40.4842],[-91.3781,40.4564],[-91.3757,40.3919],[-91.4194,40.3783]]]},"properties":{"district_code":"IL-15","state_code":"IL","state_name":"Illinois","district_number":"15","label":"Illinois — District 15"}},{"type":"Feature","geometry":{"type":"Polygon","coordinates":[[[-75.0304,40.0161],[-75.0184,39.989],[-74.9751,39.953],[-74.9496,39.8983],[-74.9307,39.8859],[-74.903,39.7911],[-74.8762,39.7815],[-74.8194,39.788],[-74.7362,39.7298],[-74.6761,39.6916],[-74.6583,39.6568],[-74.6592,39.6311],[-74.6115,39.623],[-74.5757,39.5984],[-74.5543,39.5985],[-74.5286,39.57],[-74.4757,39.5515],[-74.4008,39.5722],[-74.3904,39.5962],[-74.3897,39.7733],[-74.4169,39.8227],[-74.5531,40.0791],[-74.5273,40.0903],[-74.3416,40.2165],[-74.2686,40.206],[-74.2239,40.2612],[-74.2253,40.3395],[-74.2023,40.3457],[-74.1491,40.3247],[-74.1504,40.3717],[-74.1332,40.4269],[-74.2091,40.405],[-74.2088,40.3818],[-74.2621,40.3954],[-74.3775,40.3054],[-74.3934,40.2796],[-74.4608,40.2514],[-74.482,40.2739],[-74.5261,40.2931],[-74.5517,40.2906],[-74.5993,40.2468],[-74.6499,40.2418],[-74.7132,40.3585],[-74.7437,40.3314],[-74.7622,40.2843],[-74.7318,40.2422],[-74.7355,40.2008],[-74.752,40.1835],[-74.7244,40.1464],[-74.7821,40.1208],[-74.8161,40.1277],[-74.8598,40.0849],[-74.9326,40.0688],[-74.9737,40.0482],[-75.0304,40.0161]]]},"properties":{"district_code":"NJ-03","state_code":"NJ","state_name":"New Jersey","district_number":"03","label":"New Jersey — District 3"}},{"type":"Feature","geometry":{"type":"MultiPolygon","coordinates":[[[[-90.4653,47.0028],[-90.4417,46.9986],[-90.4041,47.0247],[-90.3951,47.077],[-90.436,47.0736],[-90.4564,47.0453],[-90.4653,47.0028]]],[[[-90.6543,46.9223],[-90.6391,46.9065],[-90.5477,46.9241],[-90.5094,46.9546],[-90.5288,46.9685],[-90.6371,46.9419],[-90.6543,46.9223]]],[[[-90.7653,46.947],[-90.7367,46.9134],[-90.689,46.9175],[-90.7156,46.9584],[-90.7653,46.947]]],[[[-90.7916,46.785],[-90.7712,46.753],[-90.7165,46.7854],[-90.6572,46.7888],[-90.6738,46.8197],[-90.57,46.8497],[-90.6165,46.8745],[-90.6569,46.8435],[-90.7124,46.8207],[-90.733,46.8002],[-90.7916,46.785]]],[[[-92.0153,46.7065],[-92.034,46.7089],[-92.0895,46.7492],[-92.1379,46.7395],[-92.1463,46.7159],[-92.1891,46.7175],[-92.1765,46.6902],[-92.2124,46.6499],[-92.266,46.651],[-92.2922,46.666],[-92.2929,46.4172],[-92.294,46.0744],[-92.3279,46.0662],[-92.3621,46.0131],[-92.4207,46.0268],[-92.4423,46.0162],[-92.4645,45.9763],[-92.522,45.9842],[-92.5519,45.9517],[-92.6401,45.9325],[-92.7077,45.8949],[-92.7846,45.7642],[-92.8098,45.7442],[-92.8692,45.7176],[-92.8879,45.639],[-92.8837,45.5755],[-92.8233,45.5609],[-92.7702,45.5669],[-92.7261,45.5411],[-92.7267,45.5145],[-92.6802,45.4643],[-92.6466,45.4416],[-92.6504,45.3985],[-92.7041,45.3537],[-92.699,45.3364],[-92.7587,45.291],[-92.7449,45.1083],[-92.7922,45.0789],[-92.7971,45.0506],[-92.7646,45.0288],[-92.7694,44.9722],[-92.7506,44.9373],[-92.7749,44.8928],[-92.7691,44.862],[-92.3749,44.8623],[-92.2584,44.8581],[-92.1363,44.8578],[-92.1361,45.1214],[-92.1571,45.1216],[-92.1565,45.2096],[-91.6656,45.208],[-91.6664,45.1208],[-91.6515,45.1204],[-91.6514,45.0298],[-91.529,45.0309],[-91.5287,44.9445],[-91.4204,44.9444],[-91.3746,44.9651],[-91.3111,44.9672],[-91.2552,44.9446],[-91.2277,44.949],[-91.2268,44.8569],[-91.1051,44.8571],[-91.1058,44.9443],[-90.9227,44.9444],[-90.9223,44.5963],[-91.0438,44.5966],[-91.0441,44.4226],[-90.9231,44.4226],[-90.8975,44.4334],[-90.8424,44.4331],[-90.8019,44.4224],[-90.5587,44.4222],[-90.5584,44.2484],[-90.5537,44.2483],[-90.5528,43.9859],[-90.5354,43.9859],[-90.5098,44.0241],[-90.4402,43.9867],[-90.3127,43.9814],[-90.1918,43.9813],[-90.1917,43.9004],[-90.1517,43.8858],[-90.1127,43.923],[-90.0419,43.9298],[-90.0265,43.9071],[-89.9512,43.9266],[-89.9626,43.9792],[-90.0059,44.0084],[-90.026,44.0917],[-89.9769,44.1225],[-89.9705,44.1671],[-89.9417,44.1634],[-89.9002,44.1843],[-89.9205,44.2089],[-89.8976,44.2298],[-89.9028,44.2495],[-90.0808,44.249],[-90.0795,44.4243],[-89.9636,44.4236],[-89.964,44.6848],[-89.4899,44.6858],[-89.3459,44.6814],[-89.2237,44.6814],[-89.2238,45.0292],[-88.9817,45.0289],[-88.9825,45.118],[-88.6412,45.1173],[-88.6382,45.2048],[-88.6801,45.205],[-88.6778,45.3789],[-88.4281,45.377],[-88.4256,45.4635],[-88.4253,45.7224],[-88.1782,45.7181],[-88.0593,45.7131],[-88.0583,45.7807],[-88.094,45.7857],[-88.1336,45.8231],[-88.0775,45.8638],[-88.1018,45.8835],[-88.095,45.9158],[-88.1481,45.9375],[-88.2331,45.9474],[-88.2457,45.9627],[-88.2924,45.9511],[-88.3802,45.9917],[-88.4169,45.9753],[-88.4587,45.9994],[-88.4974,45.9951],[-88.5095,46.0192],[-88.5655,46.0157],[-88.6164,45.9877],[-88.6634,45.9877],[-88.6791,46.0135],[-88.74,46.0273],[-88.7821,46.0166],[-88.8503,46.0403],[-89.0916,46.1385],[-89.4957,46.2163],[-90.1205,46.3369],[-90.1188,46.3592],[-90.1579,46.4093],[-90.2166,46.5018],[-90.2653,46.5038],[-90.3109,46.5394],[-90.3933,46.5326],[-90.4181,46.5661],[-90.4376,46.5615],[-90.5059,46.5896],[-90.538,46.5811],[-90.5862,46.5999],[-90.6803,46.656],[-90.7122,46.6659],[-90.7948,46.6249],[-90.8225,46.6195],[-90.9099,46.5824],[-90.9516,46.601],[-90.9218,46.6278],[-90.9149,46.6591],[-90.8685,46.6804],[-90.8527,46.6996],[-90.885,46.7563],[-90.8565,46.7889],[-90.8356,46.7898],[-90.7857,46.842],[-90.7708,46.8804],[-90.7921,46.9338],[-90.8301,46.936],[-90.8639,46.9627],[-90.931,46.9324],[-90.9649,46.9438],[-91.0399,46.8892],[-91.0966,46.8615],[-91.1903,46.8484],[-91.2327,46.86],[-91.2567,46.8369],[-91.3382,46.8177],[-91.3726,46.7927],[-91.5111,46.7575],[-91.5743,46.7575],[-91.7901,46.6947],[-91.8575,46.6924],[-91.943,46.6799],[-92.0153,46.7065]]]]},"properties":{"district_code":"WI-07","state_code":"WI","state_name":"Wisconsin","district_number":"07","label":"Wisconsin — District 7"}},{"type":"Feature","geometry":{"type":"Polygon","coordinates":[[[-80.0494,26.7693],[-80.0532,26.7235],[-80.0712,26.6994],[-80.0696,26.6763],[-80.3638,26.6846],[-80.3327,26.6346],[-80.2789,26.6028],[-80.2333,26.5425],[-80.2223,26.5127],[-80.2208,26.4683],[-80.2369,26.3837],[-80.2036,26.3827],[-80.1713,26.4093],[-80.1025,26.4097],[-80.0994,26.4246],[-80.0617,26.4321],[-80.0421,26.5454],[-80.0362,26.6026],[-80.0332,26.7148],[-80.0358,26.7731],[-80.0494,26.7693]]]},"properties":{"district_code":"FL-22","state_code":"FL","state_name":"Florida","district_number":"22","label":"Florida — District 22"}},{"type":"Feature","geometry":{"type":"Polygon","coordinates":[[[-81.4113,30.4024],[-81.4503,30.3809],[-81.4708,30.392],[-81.5568,30.3851],[-81.5594,30.3668],[-81.6068,30.3639],[-81.6026,30.3368],[-81.6298,30.3141],[-81.6586,30.3223],[-81.6803,30.2731],[-81.6518,30.2418],[-81.6507,30.2235],[-81.6905,30.1719],[-81.6802,30.1212],[-81.6889,30.0286],[-81.6711,30.0072],[-81.6244,29.9813],[-81.5999,29.9522],[-81.6084,29.9157],[-81.5835,29.8446],[-81.5419,29.845],[-81.3949,29.8614],[-81.3791,29.8257],[-81.3409,29.8178],[-81.2766,29.841],[-81.2621,29.8195],[-81.2774,29.904],[-81.289,29.9152],[-81.309,29.9694],[-81.3556,30.1626],[-81.3809,30.2568],[-81.3962,30.3311],[-81.3976,30.3795],[-81.4113,30.4024]]]},"properties":{"district_code":"FL-05","state_code":"FL","state_name":"Florida","district_number":"05","label":"Florida — District 5"}},{"type":"Feature","geometry":{"type":"MultiPolygon","coordinates":[[[[-81.1248,24.7071],[-81.108,24.6886],[-81.0824,24.692],[-81.0769,24.7165],[-81.1248,24.7071]]],[[[-81.47,25.8036],[-81.424,25.7937],[-81.3814,25.7755],[-81.3819,25.7492],[-81.2903,25.6875],[-81.2899,25.6543],[-81.2715,25.6143],[-81.2417,25.6065],[-81.2336,25.5689],[-81.2032,25.5342],[-81.2097,25.5065],[-81.168,25.4695],[-81.1471,25.4043],[-81.123,25.3791],[-81.1214,25.3388],[-81.1519,25.3248],[-81.1671,25.27],[-81.172,25.2223],[-81.1423,25.183],[-81.141,25.1572],[-81.1119,25.1455],[-81.0839,25.1162],[-81.0505,25.1283],[-80.9992,25.1242],[-80.9718,25.134],[-80.9006,25.1397],[-80.9001,25.162],[-80.8682,25.176],[-80.7995,25.1631],[-80.7224,25.1595],[-80.5821,25.2107],[-80.5296,25.215],[-80.4963,25.2053],[-80.4655,25.2118],[-80.443,25.185],[-80.4619,25.1601],[-80.4613,25.1325],[-80.4333,25.1078],[-80.3997,25.1085],[-80.3582,25.1532],[-80.3604,25.1771],[-80.3435,25.1955],[-80.253,25.3405],[-80.267,25.3521],[-80.3066,25.3006],[-80.3442,25.2766],[-80.3344,25.2405],[-80.3528,25.2076],[-80.4017,25.1921],[-80.4205,25.212],[-80.3998,25.2384],[-80.3981,25.2768],[-80.3706,25.3232],[-80.3426,25.3315],[-80.3104,25.3731],[-80.3279,25.3968],[-80.3261,25.4379],[-80.34,25.4679],[-80.3398,25.5002],[-80.3252,25.5352],[-80.3592,25.556],[-80.3853,25.6341],[-80.3894,25.6899],[-80.3844,25.732],[-80.3524,25.7617],[-80.3531,25.7816],[-80.4139,25.7835],[-80.417,25.7609],[-80.8259,25.7618],[-80.8731,25.8054],[-81.2599,25.8041],[-81.47,25.8036]]],[[[-81.812,24.5488],[-81.6852,24.5587],[-81.6651,24.5733],[-81.6043,24.5862],[-81.5592,24.6096],[-81.5108,24.6257],[-81.5059,24.6545],[-81.4469,24.6534],[-81.4064,24.6425],[-81.3948,24.6211],[-81.2969,24.6554],[-81.3196,24.7027],[-81.3418,24.7071],[-81.3663,24.7424],[-81.3718,24.7791],[-81.4055,24.7927],[-81.4515,24.7669],[-81.4435,24.8134],[-81.4981,24.7926],[-81.5158,24.7562],[-81.5614,24.7604],[-81.5846,24.7367],[-81.6723,24.6995],[-81.7013,24.6777],[-81.7543,24.654],[-81.7653,24.6326],[-81.722,24.6067],[-81.7528,24.5802],[-81.794,24.5757],[-81.812,24.5488]]]]},"properties":{"district_code":"FL-28","state_code":"FL","state_name":"Florida","district_number":"28","label":"Florida — District 28"}},{"type":"Feature","geometry":{"type":"MultiPolygon","coordinates":[[[[-82.0599,26.7704],[-82.085,26.7024],[-82.0914,26.6668],[-82.1258,26.6995],[-82.1738,26.7056],[-82.1816,26.6817],[-82.1426,26.6439],[-82.1225,26.555],[-82.1006,26.5108],[-82.1065,26.4914],[-82.0569,26.4937],[-82.0685,26.5135],[-82.0059,26.5344],[-82.0127,26.4869],[-81.9695,26.4765],[-81.9562,26.4526],[-81.9128,26.4294],[-81.869,26.3786],[-81.8331,26.2945],[-81.8207,26.2367],[-81.8017,26.0914],[-81.7446,25.9701],[-81.7555,25.9573],[-81.7319,25.9315],[-81.6895,25.8527],[-81.6752,25.8765],[-81.6389,25.9054],[-81.6661,25.9504],[-81.7097,25.9632],[-81.7021,25.9876],[-81.6991,26.0634],[-81.7419,26.1093],[-81.743,26.1683],[-81.7188,26.1689],[-81.7179,26.2102],[-81.7359,26.2116],[-81.7462,26.3169],[-81.6579,26.3176],[-81.6595,26.4211],[-81.5625,26.4226],[-81.5638,26.5133],[-81.5642,26.5425],[-81.6117,26.5424],[-81.6783,26.5664],[-81.6824,26.6171],[-81.7271,26.6167],[-81.7666,26.6272],[-81.7899,26.6563],[-81.8245,26.6634],[-81.8404,26.6891],[-81.8821,26.657],[-81.8998,26.678],[-81.9067,26.7253],[-81.9313,26.7701],[-82.0599,26.7704]]],[[[-82.2241,26.6029],[-82.2053,26.5679],[-82.1864,26.4892],[-82.1729,26.4677],[-82.0981,26.425],[-82.0631,26.4255],[-82.0322,26.4527],[-82.0626,26.4701],[-82.0884,26.4552],[-82.1325,26.4791],[-82.1685,26.4877],[-82.1879,26.5235],[-82.2143,26.6029],[-82.2241,26.6029]]],[[[-82.2721,26.7895],[-82.2499,26.7629],[-82.201,26.7708],[-82.2224,26.782],[-82.2721,26.7895]]]]},"properties":{"district_code":"FL-19","state_code":"FL","state_name":"Florida","district_number":"19","label":"Florida — District 19"}},{"type":"Feature","geometry":{"type":"Polygon","coordinates":[[[-112.2031,33.5383],[-112.2032,33.5092],[-112.2725,33.5082],[-112.2944,33.5221],[-112.3127,33.4933],[-112.2724,33.4938],[-112.2724,33.4647],[-112.2382,33.4653],[-112.221,33.4371],[-112.2724,33.4356],[-112.2725,33.3813],[-112.2349,33.389],[-112.1479,33.3046],[-112.0836,33.3052],[-112.0836,33.3197],[-112.0318,33.3197],[-111.9787,33.3642],[-111.9814,33.4511],[-112.0129,33.4657],[-112.013,33.4952],[-112.0476,33.4947],[-112.0475,33.5165],[-112.0998,33.5169],[-112.0996,33.5314],[-112.1386,33.5385],[-112.2031,33.5383]]]},"properties":{"district_code":"AZ-03","state_code":"AZ","state_name":"Arizona","district_number":"03","label":"Arizona — District 3"}},{"type":"Feature","geometry":{"type":"Polygon","coordinates":[[[-94.043,33.0192],[-94.0431,32.693],[-94.0427,32.2696],[-94.0427,31.9993],[-94.0173,31.9893],[-93.9739,31.9217],[-93.9292,31.9118],[-93.8974,31.8944],[-93.8748,31.8217],[-93.8393,31.8003],[-93.8234,31.7751],[-93.8361,31.7485],[-93.7945,31.7021],[-93.8265,31.6669],[-93.816,31.6323],[-93.8394,31.5991],[-93.8208,31.5582],[-93.7808,31.5254],[-93.7428,31.5269],[-93.7276,31.4889],[-93.7495,31.4687],[-93.6927,31.4406],[-93.7047,31.4189],[-93.6706,31.3888],[-93.6688,31.3396],[-93.6879,31.3098],[-93.6441,31.2716],[-93.6146,31.2614],[-93.6183,31.2331],[-93.6003,31.1762],[-93.5885,31.1656],[-93.5489,31.1866],[-93.5397,31.1144],[-93.5522,31.0789],[-93.5189,31.0619],[-93.5391,31.0083],[-93.5782,31],[-93.5693,30.9762],[-93.5318,30.9582],[-93.5309,30.9245],[-93.5492,30.8974],[-93.5741,30.8845],[-93.5531,30.8331],[-93.5921,30.7637],[-93.6083,30.7478],[-93.6204,30.6942],[-93.6831,30.6408],[-93.6787,30.5941],[-93.7136,30.5874],[-93.7338,30.5314],[-93.7073,30.5114],[-93.7168,30.4819],[-93.6993,30.4374],[-93.7417,30.403],[-93.4862,30.4025],[-93.4863,30.4905],[-93.3845,30.4902],[-93.3852,30.4027],[-93.1312,30.4031],[-93.1312,30.4236],[-93.0654,30.4243],[-93.0656,30.4385],[-92.7757,30.4376],[-92.774,30.4882],[-92.6303,30.488],[-92.632,30.4812],[-92.2448,30.4802],[-92.2442,30.4367],[-92.1764,30.4369],[-92.1758,30.3497],[-92.1422,30.2988],[-92.0854,30.3395],[-92.0833,30.3606],[-92.0448,30.3782],[-91.9887,30.3696],[-91.9782,30.4074],[-91.9369,30.3947],[-91.8693,30.4172],[-91.8127,30.3943],[-91.6943,30.4017],[-91.7226,30.4523],[-91.7365,30.4515],[-91.7562,30.4981],[-91.7328,30.5203],[-91.757,30.5626],[-91.7328,30.668],[-91.734,30.7034],[-91.7579,30.741],[-91.7688,30.7854],[-91.8073,30.8111],[-91.8153,30.8481],[-92.1005,30.85],[-92.2378,30.8483],[-92.2383,30.8922],[-92.2807,30.936],[-92.2807,30.9651],[-92.3308,30.9633],[-92.3418,30.9815],[-92.3882,31.0016],[-92.4136,30.9792],[-92.4803,30.9523],[-92.4872,30.9091],[-92.5264,30.8935],[-92.5517,30.9028],[-92.5977,30.8989],[-92.7209,30.8987],[-92.721,30.8914],[-92.8239,30.8921],[-92.8278,31.011],[-92.8295,31.2521],[-92.8464,31.2741],[-92.8796,31.2885],[-92.8797,31.3174],[-92.9304,31.3244],[-92.9473,31.3677],[-92.9133,31.3682],[-92.9135,31.3897],[-92.8468,31.4335],[-92.8131,31.4409],[-92.7617,31.4764],[-92.7189,31.5175],[-92.6987,31.4919],[-92.7062,31.4507],[-92.6843,31.4479],[-92.6947,31.4072],[-92.6586,31.3881],[-92.6359,31.3933],[-92.6417,31.4701],[-92.6093,31.4704],[-92.6042,31.4985],[-92.5441,31.4961],[-92.5642,31.5264],[-92.5689,31.5592],[-92.5344,31.5926],[-92.5665,31.6675],[-92.6287,31.6541],[-92.6616,31.6883],[-92.6677,31.7094],[-92.9735,31.7089],[-92.9671,31.7762],[-92.9526,31.7837],[-92.946,31.8571],[-92.9056,31.8523],[-92.9011,31.8939],[-92.8846,31.9395],[-92.8847,32.0121],[-92.9049,32.0902],[-92.9391,32.1479],[-92.8153,32.1474],[-92.801,32.2107],[-92.7739,32.2344],[-92.777,32.4536],[-92.8795,32.454],[-92.8807,32.6008],[-92.8603,32.6414],[-92.8685,32.6778],[-92.8284,32.7112],[-92.828,32.7594],[-92.637,32.7593],[-92.5713,32.7486],[-92.5476,32.7187],[-92.519,32.7163],[-92.519,32.6708],[-92.4152,32.6703],[-92.4152,32.5829],[-92.2718,32.5811],[-92.2228,32.5939],[-92.2187,32.6118],[-92.0914,32.6866],[-92.0529,32.744],[-92.0631,32.7622],[-92.0527,32.7947],[-92.066,32.8214],[-92.056,32.8375],[-92.0784,32.8649],[-92.0803,32.9574],[-92.0689,33.0082],[-92.2228,33.0091],[-92.7965,33.0148],[-93.0707,33.0178],[-93.4909,33.0184],[-94.043,33.0192]]]},"properties":{"district_code":"LA-04","state_code":"LA","state_name":"Louisiana","district_number":"04","label":"Louisiana — District 4"}},{"type":"Feature","geometry":{"type":"Polygon","coordinates":[[[-77.0421,38.7467],[-77.0434,38.7036],[-77.0041,38.6964],[-76.9415,38.7083],[-76.8815,38.7312],[-76.879,38.7571],[-76.9058,38.805],[-76.8779,38.8264],[-76.8447,38.8689],[-76.8391,38.9469],[-76.7702,38.9454],[-76.7736,38.9723],[-76.8015,38.9969],[-76.7613,39.0354],[-76.8315,39.0692],[-76.8404,39.1031],[-76.8844,39.127],[-76.9486,39.1296],[-76.963,39.1458],[-76.9627,39.0626],[-76.9463,39.0524],[-77.0037,38.9664],[-76.9094,38.8928],[-77.039,38.7916],[-77.0421,38.7467]]]},"properties":{"district_code":"MD-04","state_code":"MD","state_name":"Maryland","district_number":"04","label":"Maryland — District 4"}},{"type":"Feature","geometry":{"type":"Polygon","coordinates":[[[-96.4533,43.8495],[-96.4533,43.5004],[-95.9783,43.5001],[-95.4338,43.5001],[-94.9146,43.5009],[-94.5665,43.5004],[-94.2586,43.5001],[-93.8085,43.4997],[-93.4974,43.4996],[-92.9296,43.4998],[-92.5522,43.5002],[-91.9544,43.5007],[-91.571,43.5005],[-91.2177,43.5005],[-91.2438,43.5491],[-91.2319,43.5818],[-91.2687,43.6153],[-91.2685,43.7098],[-91.2441,43.7747],[-91.2624,43.7922],[-91.2841,43.8471],[-91.3647,43.9349],[-91.406,43.9639],[-91.4405,44.0015],[-91.5071,44.019],[-91.5826,44.0274],[-91.6447,44.0628],[-91.7106,44.1205],[-91.8173,44.1642],[-91.8752,44.2006],[-91.893,44.2351],[-91.8957,44.273],[-91.9203,44.2865],[-91.9256,44.3335],[-91.9595,44.3594],[-92.0381,44.3887],[-92.0535,44.4014],[-92.1245,44.4221],[-92.2152,44.4385],[-92.2768,44.4736],[-92.3022,44.5003],[-92.3141,44.538],[-92.3476,44.5571],[-92.4151,44.5604],[-92.4373,44.5528],[-92.5184,44.5752],[-92.5406,44.5673],[-92.5694,44.6035],[-92.6215,44.615],[-92.6217,44.639],[-92.6647,44.6634],[-92.732,44.7137],[-92.732,44.6295],[-92.7926,44.6297],[-92.7926,44.543],[-92.919,44.5433],[-92.9381,44.5114],[-92.9849,44.5188],[-93.0397,44.5125],[-93.0398,44.4286],[-93.0601,44.4285],[-93.084,44.3851],[-93.1207,44.3704],[-93.4031,44.3705],[-93.4046,44.1964],[-93.768,44.1958],[-93.768,44.2394],[-94.0191,44.2395],[-94.011,44.2768],[-93.9598,44.3073],[-93.9452,44.339],[-93.962,44.3659],[-93.9279,44.4445],[-93.9349,44.4567],[-94.573,44.4559],[-94.7902,44.4563],[-94.8237,44.4855],[-94.8658,44.4982],[-94.8662,44.3402],[-94.8062,44.3116],[-94.7613,44.3117],[-94.7458,44.2972],[-94.7459,44.1958],[-94.7383,44.1089],[-94.8598,44.108],[-94.8594,43.8481],[-95.1807,43.8477],[-95.7527,43.848],[-96.2453,43.8486],[-96.4533,43.8495]]]},"properties":{"district_code":"MN-01","state_code":"MN","state_name":"Minnesota","district_number":"01","label":"Minnesota — District 1"}},{"type":"Feature","geometry":{"type":"Polygon","coordinates":[[[-86.2407,39.9261],[-86.3263,39.924],[-86.3266,39.7198],[-85.9517,39.7264],[-85.954,39.8696],[-85.9381,39.8698],[-85.9376,39.9271],[-86.2407,39.9261]]]},"properties":{"district_code":"IN-07","state_code":"IN","state_name":"Indiana","district_number":"07","label":"Indiana — District 7"}},{"type":"Feature","geometry":{"type":"Polygon","coordinates":[[[-92.1104,39.0642],[-92.1315,39.0645],[-92.1306,39.0253],[-92.1498,38.9543],[-92.279,38.9613],[-92.3022,38.9471],[-92.3916,38.9558],[-92.467,38.9885],[-92.5564,38.9879],[-92.5875,38.9678],[-92.7194,38.9843],[-92.7918,38.972],[-92.8416,38.9798],[-92.9145,39.0212],[-92.9346,39.0645],[-93.0482,38.9726],[-93.06,38.6931],[-92.9505,38.686],[-92.8398,38.684],[-92.8419,38.5968],[-92.6302,38.431],[-92.6338,38.3481],[-92.6898,38.3485],[-92.6959,38.222],[-92.756,38.2125],[-92.7754,38.1899],[-92.7728,38.1423],[-92.7374,38.1418],[-92.7046,38.1088],[-92.6232,38.1421],[-92.5964,38.1398],[-92.5968,38.1108],[-92.5697,38.0959],[-92.5703,38.0666],[-92.5336,38.0518],[-92.516,38.0223],[-92.1854,38.0163],[-92.0212,38.0106],[-91.9663,38.0097],[-91.8951,38.0512],[-91.7533,38.0532],[-91.6324,38.051],[-91.6306,38.1535],[-91.525,38.1524],[-91.5288,37.789],[-91.3083,37.7872],[-91.3107,37.7],[-91.147,37.6972],[-91.1465,37.7408],[-90.9653,37.7385],[-90.8741,37.7342],[-90.7619,37.7372],[-90.6451,37.7348],[-90.64,38.0765],[-90.6175,38.0899],[-90.5378,38.1075],[-90.5097,38.1545],[-90.5191,38.1837],[-90.5137,38.331],[-90.5125,38.5013],[-90.5911,38.5017],[-90.6137,38.4713],[-90.6337,38.4858],[-90.6956,38.4706],[-90.7305,38.4827],[-90.7376,38.4159],[-90.7802,38.2041],[-91.3676,38.204],[-91.3654,38.3315],[-91.3685,38.5094],[-91.3692,38.6993],[-91.4186,38.7098],[-91.4158,38.8453],[-91.2315,38.8443],[-91.1858,38.8205],[-91.1139,38.8184],[-91.0152,38.83],[-90.906,38.8044],[-90.8358,38.8064],[-90.7769,38.7704],[-90.7553,38.794],[-90.7001,38.8023],[-90.7002,38.7569],[-90.6627,38.6874],[-90.6039,38.682],[-90.5393,38.6868],[-90.5296,38.7328],[-90.4823,38.7643],[-90.4732,38.791],[-90.4406,38.8277],[-90.3823,38.8219],[-90.3491,38.8417],[-90.3364,38.8826],[-90.2987,38.8878],[-90.2561,38.8521],[-90.1957,38.8213],[-90.1585,38.8288],[-90.1177,38.8057],[-90.1133,38.8493],[-90.1927,38.8865],[-90.2502,38.9193],[-90.3095,38.9241],[-90.3831,38.9555],[-90.4508,38.9678],[-90.4721,38.9588],[-90.487,38.926],[-90.544,38.8751],[-90.5834,38.869],[-90.6251,38.8887],[-90.6634,38.9342],[-90.6916,38.9342],[-90.7245,38.9098],[-90.7782,38.9225],[-90.8044,38.9111],[-90.8178,38.876],[-90.8645,38.8879],[-90.9328,38.8859],[-90.9585,38.8709],[-91.1113,38.8727],[-91.1102,38.9319],[-91.1893,38.9322],[-91.1884,38.9921],[-91.2643,38.9928],[-91.2602,39.1398],[-91.6296,39.1479],[-91.634,39.0591],[-91.9765,39.062],[-92.1104,39.0642]]]},"properties":{"district_code":"MO-03","state_code":"MO","state_name":"Missouri","district_number":"03","label":"Missouri — District 3"}},{"type":"Feature","geometry":{"type":"Polygon","coordinates":[[[-109.0452,36.9991],[-109.0454,36.5299],[-109.0457,36.117],[-109.0462,35.6952],[-109.0468,35.3636],[-109.046,35.1755],[-108.8476,35.1766],[-108.8389,35.1249],[-108.8048,35.1027],[-108.8255,35.0851],[-108.7632,35.0557],[-108.7166,35.071],[-108.7364,35.0994],[-108.7058,35.1119],[-108.6361,35.1218],[-108.5691,35.1058],[-108.5399,35.1225],[-108.5391,35.2918],[-108.4921,35.306],[-107.9903,35.3053],[-107.7342,35.305],[-107.7342,35.3481],[-107.6283,35.3483],[-107.6288,35.3043],[-107.5248,35.3035],[-107.2389,35.3055],[-107.1972,35.2195],[-106.962,35.2184],[-106.9783,35.2582],[-106.9731,35.2864],[-106.9201,35.2983],[-106.8564,35.2934],[-106.8618,35.3313],[-106.7278,35.3364],[-106.6862,35.3628],[-106.6592,35.3527],[-106.6391,35.3706],[-106.5662,35.3273],[-106.507,35.3344],[-106.4809,35.358],[-106.3997,35.3544],[-106.3552,35.3656],[-106.3561,35.4489],[-106.3252,35.4616],[-106.2488,35.4433],[-106.2489,35.3046],[-106.2452,35.2387],[-106.2227,35.248],[-106.1562,35.2242],[-106.1561,35.1421],[-105.98,35.1421],[-106.0163,35.0567],[-106.0295,35.0407],[-105.7144,35.0416],[-105.2908,35.042],[-105.2912,35.2165],[-105.0234,35.2164],[-104.6308,35.2163],[-104.1251,35.2157],[-104.1263,34.9546],[-104.129,34.9546],[-104.1289,34.6052],[-103.9488,34.6051],[-103.9492,34.2596],[-103.946,34.0825],[-103.8417,34.0819],[-103.8419,33.8192],[-103.7169,33.8196],[-103.7179,33.7036],[-103.7693,33.7281],[-103.7822,33.7127],[-103.8236,33.7016],[-103.8783,33.672],[-104.028,33.6666],[-104.0691,33.6581],[-104.1296,33.6565],[-104.2052,33.6439],[-104.2496,33.6214],[-104.3297,33.5977],[-104.379,33.5656],[-104.4852,33.4395],[-104.5591,33.4376],[-104.5952,33.4226],[-104.595,33.3943],[-104.696,33.3942],[-104.7366,33.3823],[-104.8313,33.3687],[-104.8852,33.3692],[-104.8851,33.3058],[-104.9038,33.3059],[-104.9055,33.1389],[-104.9052,32.9629],[-104.5507,32.964],[-104.5625,32.921],[-104.5944,32.8863],[-104.5935,32.8429],[-104.6195,32.8287],[-104.6087,32.7993],[-104.5726,32.7994],[-104.519,32.7652],[-104.4818,32.756],[-104.4789,32.7807],[-104.4127,32.7845],[-104.4126,32.8281],[-104.3958,32.8282],[-104.3957,32.7844],[-104.3299,32.7722],[-104.3123,32.7612],[-104.2329,32.7914],[-104.1487,32.8039],[-104.1338,32.8993],[-104.1223,32.915],[-104.125,32.9493],[-104.1076,32.9654],[-103.8145,32.9651],[-103.8145,32.7702],[-103.351,32.7694],[-103.3508,32.6967],[-103.1239,32.6966],[-103.095,32.7259],[-103.0648,32.727],[-103.0646,32.9999],[-103.0567,33.3884],[-103.0505,33.6724],[-103.0436,34.0036],[-103.0439,34.3796],[-103.0428,34.7474],[-103.0424,35.1831],[-103.0416,35.6225],[-103.0408,36.0552],[-103.0419,36.5004],[-103.0024,36.5004],[-103.0022,37.0001],[-103.0861,37.0002],[-103.4718,36.999],[-104.0079,36.9962],[-104.3388,36.9935],[-104.645,36.9934],[-105.0006,36.9933],[-105.1208,36.9954],[-105.6275,36.9957],[-106.2015,36.9941],[-106.6172,36.993],[-106.8698,36.9924],[-106.8773,37.0001],[-107.1969,37.0001],[-107.7124,37],[-108.2506,36.9996],[-108.7496,36.9991],[-109.0452,36.9991]]]},"properties":{"district_code":"NM-03","state_code":"NM","state_name":"New Mexico","district_number":"03","label":"New Mexico — District 3"}},{"type":"Feature","geometry":{"type":"Polygon","coordinates":[[[-81.4886,41.6313],[-81.4878,41.5701],[-81.391,41.5697],[-81.3918,41.4243],[-81.3917,41.3483],[-81.3931,41.0607],[-81.3745,41.0302],[-81.3742,40.9955],[-81.2998,40.9885],[-81.0017,40.9878],[-81.0023,41.1342],[-80.5192,41.1332],[-80.519,41.4355],[-80.5194,41.6698],[-80.5194,41.9772],[-80.6306,41.9436],[-80.7731,41.9082],[-80.9006,41.8686],[-81.0033,41.8528],[-81.1285,41.8111],[-81.2232,41.7683],[-81.2863,41.7597],[-81.3885,41.7073],[-81.4422,41.6731],[-81.4886,41.6313]]]},"properties":{"district_code":"OH-14","state_code":"OH","state_name":"Ohio","district_number":"14","label":"Ohio — District 14"}},{"type":"Feature","geometry":{"type":"MultiPolygon","coordinates":[[[[-82.7345,41.6035],[-82.6858,41.5876],[-82.6814,41.6118],[-82.7226,41.6168],[-82.7345,41.6035]]],[[[-84.806,41.6961],[-84.8035,41.2526],[-84.4572,41.2535],[-84.4571,41.2094],[-84.3416,41.2091],[-84.3416,41.1655],[-84.2282,41.1659],[-84.2285,41.4278],[-84.3417,41.4276],[-84.3419,41.4855],[-83.8829,41.4875],[-83.8832,41.4145],[-83.8065,41.4365],[-83.7111,41.4924],[-83.7086,41.5137],[-83.6485,41.5074],[-83.6461,41.4779],[-83.5291,41.4777],[-83.5288,41.5146],[-83.4146,41.515],[-83.4198,41.254],[-83.2164,41.2533],[-83.1316,41.2564],[-82.8401,41.2553],[-82.8415,41.29],[-82.4425,41.2839],[-82.3423,41.2842],[-82.3481,41.4283],[-82.4812,41.3813],[-82.5122,41.383],[-82.601,41.4195],[-82.6812,41.4774],[-82.7307,41.45],[-82.7663,41.4458],[-82.8127,41.4698],[-82.8378,41.4498],[-82.9253,41.4184],[-82.9571,41.4255],[-82.9766,41.4536],[-83.0032,41.4372],[-83.0389,41.4647],[-82.9748,41.4672],[-82.9594,41.4886],[-82.8829,41.4888],[-82.8442,41.5021],[-82.7652,41.5029],[-82.7263,41.512],[-82.72,41.5422],[-82.7855,41.5407],[-82.8338,41.587],[-82.8529,41.5833],[-82.8572,41.5471],[-82.8885,41.5218],[-82.9264,41.5143],[-82.9697,41.5239],[-83.0386,41.5622],[-83.0751,41.6006],[-83.2082,41.6352],[-83.3359,41.7055],[-83.3517,41.687],[-83.4232,41.6894],[-83.4778,41.6985],[-83.4554,41.7328],[-83.8595,41.7213],[-84.3605,41.7066],[-84.806,41.6961]]]]},"properties":{"district_code":"OH-09","state_code":"OH","state_name":"Ohio","district_number":"09","label":"Ohio — District 9"}},{"type":"Feature","geometry":{"type":"Polygon","coordinates":[[[-96.6403,29.2478],[-96.3092,28.9633],[-96.3235,28.6756],[-96.3227,28.6429],[-96.3783,28.3908],[-96.32,28.424],[-96.2704,28.4619],[-96.2054,28.4979],[-96.0833,28.5548],[-95.8903,28.6312],[-95.772,28.6867],[-95.6329,28.7613],[-95.5072,28.8256],[-95.5675,28.8297],[-95.5792,28.8596],[-95.6417,28.9037],[-95.6551,28.9515],[-95.6991,28.9695],[-95.7649,28.9674],[-95.7783,28.9971],[-95.7773,29.0446],[-95.8059,29.0905],[-95.8419,29.0991],[-95.8384,29.1766],[-95.8447,29.2047],[-95.874,29.2297],[-95.8477,29.2626],[-95.7978,29.308],[-95.784,29.2962],[-95.7529,29.3245],[-95.6728,29.2995],[-95.6313,29.2927],[-95.607,29.3292],[-95.5865,29.3196],[-95.5325,29.3383],[-95.4522,29.326],[-95.4227,29.3518],[-95.3615,29.3529],[-95.2706,29.3959],[-95.1922,29.4044],[-95.2331,29.4656],[-95.2163,29.5558],[-95.254,29.5539],[-95.2603,29.5899],[-95.2974,29.5965],[-95.3323,29.5989],[-95.3507,29.5706],[-95.3305,29.5303],[-95.3708,29.5253],[-95.4157,29.4979],[-95.4463,29.4996],[-95.4626,29.4392],[-95.534,29.4425],[-95.533,29.4584],[-95.4752,29.4599],[-95.4677,29.5077],[-95.5266,29.5114],[-95.5416,29.5832],[-95.5827,29.5805],[-95.5827,29.6273],[-95.5971,29.6606],[-95.6393,29.6427],[-95.6479,29.6121],[-95.6349,29.5894],[-95.6384,29.5635],[-95.6904,29.5616],[-95.7027,29.5376],[-95.7454,29.5451],[-95.7521,29.5601],[-95.7281,29.5909],[-95.7046,29.6376],[-95.715,29.6651],[-95.7444,29.6646],[-95.7755,29.7006],[-95.6883,29.7109],[-95.7304,29.7343],[-95.7177,29.7595],[-95.7357,29.7852],[-95.7522,29.8172],[-95.7931,29.8169],[-95.8302,29.8004],[-95.8262,29.7883],[-95.9509,29.7408],[-95.9709,29.7286],[-96.0327,29.7279],[-96.0141,29.6887],[-96.0297,29.6752],[-96.0175,29.6455],[-96.0248,29.6029],[-96.0889,29.6017],[-96.1162,29.6233],[-96.1418,29.6196],[-96.176,29.6335],[-96.3077,29.5145],[-96.3486,29.4068],[-96.6043,29.2658],[-96.6403,29.2478]]]},"properties":{"district_code":"TX-22","state_code":"TX","state_name":"Texas","district_number":"22","label":"Texas — District 22"}},{"type":"Feature","geometry":{"type":"Polygon","coordinates":[[[-96.9446,33.9492],[-96.9433,33.606],[-96.9439,33.4164],[-96.8411,33.4134],[-96.8341,33.4055],[-96.8388,33.2194],[-96.8875,33.2193],[-96.8822,33.163],[-96.9118,33.1546],[-96.919,33.1304],[-96.869,33.1358],[-96.8404,33.1525],[-96.8438,33.0113],[-96.8441,32.9874],[-96.7565,32.9863],[-96.7159,33.0047],[-96.6825,33.0437],[-96.6846,33.0733],[-96.709,33.0893],[-96.7367,33.0801],[-96.7337,33.0266],[-96.7866,33.0163],[-96.8288,33.0281],[-96.8246,33.0656],[-96.7703,33.0518],[-96.7715,33.101],[-96.7335,33.101],[-96.7329,33.1253],[-96.8054,33.0973],[-96.8034,33.1529],[-96.7332,33.1522],[-96.7328,33.2186],[-96.8116,33.2192],[-96.7923,33.2937],[-96.6801,33.2909],[-96.6857,33.3223],[-96.7205,33.3748],[-96.7273,33.4029],[-96.3865,33.3981],[-96.3845,33.3411],[-96.2519,33.3576],[-95.8587,33.4095],[-95.8614,33.2786],[-95.8625,32.9796],[-95.9453,32.9799],[-95.9684,32.9136],[-95.9983,32.926],[-96.0762,32.921],[-96.1144,32.9369],[-96.128,32.9093],[-96.2724,32.9143],[-96.2972,32.898],[-96.2972,32.9818],[-96.517,32.9829],[-96.519,32.8136],[-96.2974,32.8142],[-96.2973,32.8417],[-95.9344,32.8372],[-95.9225,32.816],[-95.8436,32.7693],[-95.7944,32.7758],[-95.6912,32.7373],[-95.659,32.7116],[-95.6371,32.7247],[-95.6654,32.9604],[-95.309,32.9626],[-95.3077,33.3003],[-95.3107,33.6632],[-95.2745,33.6674],[-95.1988,33.6343],[-95.1182,33.6135],[-95.0735,33.6135],[-95.0538,33.627],[-95.0269,33.6114],[-94.944,33.5897],[-94.8142,33.5686],[-94.7772,33.5528],[-94.7277,33.5535],[-94.654,33.521],[-94.6097,33.5153],[-94.4684,33.4725],[-94.3992,33.4734],[-94.4185,33.422],[-94.3994,33.4076],[-94.3456,33.4078],[-94.2585,33.3945],[-94.2058,33.4039],[-94.1837,33.4237],[-94.1769,33.4513],[-94.2023,33.4653],[-94.2159,33.4973],[-94.2125,33.5639],[-94.2502,33.5568],[-94.2578,33.5825],[-94.2984,33.5762],[-94.3096,33.5517],[-94.3527,33.5606],[-94.3895,33.5468],[-94.43,33.5911],[-94.454,33.5922],[-94.4485,33.6345],[-94.4859,33.6379],[-94.5046,33.6207],[-94.5514,33.6285],[-94.5803,33.6788],[-94.7359,33.6916],[-94.7482,33.7247],[-94.7883,33.7353],[-94.8493,33.7396],[-94.8747,33.7492],[-94.9535,33.8165],[-94.9689,33.8609],[-94.9927,33.8525],[-95.0466,33.8626],[-95.0601,33.9019],[-95.1212,33.9313],[-95.1583,33.9375],[-95.2141,33.9621],[-95.2502,33.9385],[-95.2527,33.8942],[-95.2788,33.8779],[-95.3349,33.8768],[-95.3625,33.8666],[-95.4409,33.8664],[-95.4726,33.8803],[-95.5333,33.8812],[-95.5509,33.893],[-95.5545,33.9281],[-95.5967,33.9421],[-95.6268,33.9079],[-95.6601,33.9101],[-95.7105,33.885],[-95.7564,33.8926],[-95.7516,33.8611],[-95.7706,33.8453],[-95.8008,33.8612],[-95.8452,33.8391],[-95.9258,33.885],[-95.9413,33.8616],[-96.0488,33.8365],[-96.1001,33.848],[-96.1481,33.8378],[-96.1648,33.8178],[-96.1628,33.7888],[-96.1781,33.7605],[-96.229,33.748],[-96.2636,33.7675],[-96.2965,33.7658],[-96.31,33.7105],[-96.338,33.6887],[-96.3622,33.6918],[-96.3696,33.7168],[-96.4035,33.7463],[-96.4226,33.776],[-96.5003,33.7726],[-96.5267,33.8209],[-96.5729,33.8191],[-96.6232,33.8415],[-96.5973,33.8751],[-96.6734,33.9123],[-96.6907,33.85],[-96.7124,33.8316],[-96.7616,33.8244],[-96.7943,33.8689],[-96.8322,33.8748],[-96.8664,33.8531],[-96.8957,33.8964],[-96.8994,33.9337],[-96.9348,33.9544],[-96.9446,33.9492]]]},"properties":{"district_code":"TX-04","state_code":"TX","state_name":"Texas","district_number":"04","label":"Texas — District 4"}},{"type":"Feature","geometry":{"type":"Polygon","coordinates":[[[-98.1256,30.4262],[-98.173,30.3563],[-98.0108,30.2403],[-97.9926,30.2674],[-97.9666,30.2654],[-97.9084,30.3062],[-97.8999,30.3399],[-97.8506,30.3513],[-97.8427,30.3262],[-97.7986,30.3098],[-97.7765,30.3238],[-97.7968,30.35],[-97.7901,30.3659],[-97.8493,30.3944],[-97.8792,30.3707],[-97.9,30.3942],[-97.9058,30.4213],[-97.855,30.4342],[-97.8106,30.4639],[-97.8041,30.4864],[-97.7589,30.4988],[-97.7491,30.474],[-97.7211,30.4558],[-97.6483,30.4353],[-97.6205,30.4193],[-97.5997,30.4296],[-97.5461,30.4009],[-97.5166,30.3959],[-97.4913,30.3385],[-97.4773,30.3236],[-97.492,30.3009],[-97.5267,30.3034],[-97.5546,30.2577],[-97.4913,30.2121],[-97.484,30.1884],[-97.434,30.1751],[-97.453,30.1498],[-97.3844,30.164],[-97.358,30.1474],[-97.3225,30.098],[-97.2909,30.1041],[-97.2443,30.0838],[-97.1654,30.0338],[-97.1681,29.973],[-97.1947,29.9193],[-97.1942,29.8968],[-97.3179,29.7847],[-97.1305,29.6433],[-97.1433,29.6281],[-96.865,29.6327],[-96.8429,29.6161],[-96.8328,29.5769],[-96.7931,29.5774],[-96.5606,29.3354],[-96.6585,29.2639],[-96.6403,29.2478],[-96.6043,29.2658],[-96.3486,29.4068],[-96.3077,29.5145],[-96.176,29.6335],[-96.1418,29.6196],[-96.1162,29.6233],[-96.0889,29.6017],[-96.0248,29.6029],[-96.0175,29.6455],[-96.0297,29.6752],[-96.0141,29.6887],[-96.0327,29.7279],[-95.9709,29.7286],[-95.9509,29.7408],[-95.8262,29.7883],[-95.8302,29.8004],[-95.9607,30.1634],[-95.8894,30.1192],[-95.8739,30.1222],[-95.8374,30.0832],[-95.8033,30.0901],[-95.8044,30.3378],[-95.818,30.5031],[-95.8342,30.658],[-95.8631,30.8641],[-95.8267,30.8655],[-95.7845,30.8793],[-95.7585,30.8993],[-95.7131,30.9103],[-95.6568,30.8963],[-95.6296,30.9001],[-95.6387,30.9267],[-95.6789,30.9904],[-95.6347,31.0373],[-95.6571,31.0798],[-95.7234,31.0798],[-95.7644,31.0942],[-95.9738,31.0922],[-96.0081,31.0731],[-96.0489,31.0681],[-96.1716,30.9943],[-96.2632,30.9641],[-96.3374,30.921],[-96.3874,30.864],[-96.4234,30.7927],[-96.4576,30.7445],[-96.567,30.6957],[-96.6214,30.7308],[-96.9636,30.5572],[-97.1552,30.4573],[-97.3345,30.4028],[-97.3695,30.4196],[-97.3982,30.374],[-97.4344,30.3908],[-97.4599,30.3816],[-97.5058,30.4055],[-97.523,30.4409],[-97.5969,30.4641],[-97.6172,30.4436],[-97.6656,30.4562],[-97.6871,30.5131],[-97.7454,30.5192],[-97.8459,30.4756],[-97.8877,30.5566],[-97.9567,30.6282],[-97.991,30.6098],[-98.0499,30.6242],[-98.1231,30.487],[-98.0977,30.4676],[-98.1256,30.4262]]]},"properties":{"district_code":"TX-10","state_code":"TX","state_name":"Texas","district_number":"10","label":"Texas — District 10"}},{"type":"Feature","geometry":{"type":"Polygon","coordinates":[[[-98.49,29.4843],[-98.5392,29.4571],[-98.5394,29.4024],[-98.4903,29.3953],[-98.4792,29.4264],[-98.3894,29.4234],[-98.3902,29.4359],[-98.2237,29.4881],[-98.2453,29.5209],[-98.2885,29.5038],[-98.318,29.5159],[-98.3484,29.5552],[-98.3109,29.5945],[-98.2021,29.6362],[-98.0909,29.6832],[-97.9993,29.7524],[-97.9436,29.8069],[-97.8753,29.8582],[-97.8939,29.8837],[-97.8492,29.916],[-97.7924,29.9452],[-97.7607,29.9881],[-97.7078,30.0241],[-97.6097,30.1034],[-97.4913,30.2121],[-97.5546,30.2577],[-97.5267,30.3034],[-97.492,30.3009],[-97.4773,30.3236],[-97.4913,30.3385],[-97.5166,30.3959],[-97.5461,30.4009],[-97.5997,30.4296],[-97.6205,30.4193],[-97.676,30.3508],[-97.6785,30.3078],[-97.6893,30.2916],[-97.7251,30.2866],[-97.735,30.245],[-97.7896,30.1602],[-97.8139,30.0992],[-97.8254,30.0771],[-97.8835,30.0463],[-97.8909,30.0132],[-97.8757,29.967],[-97.9239,29.8947],[-97.963,29.8726],[-97.973,29.853],[-98.0187,29.8122],[-98.0152,29.8015],[-98.098,29.697],[-98.1384,29.6832],[-98.1501,29.6654],[-98.2491,29.6358],[-98.3277,29.5958],[-98.3492,29.5712],[-98.4019,29.5546],[-98.4274,29.5353],[-98.4153,29.5065],[-98.414,29.4564],[-98.4703,29.4432],[-98.4676,29.4684],[-98.49,29.4843]]]},"properties":{"district_code":"TX-35","state_code":"TX","state_name":"Texas","district_number":"35","label":"Texas — District 35"}},{"type":"Feature","geometry":{"type":"Polygon","coordinates":[[[-98.0909,29.6832],[-98.0714,29.6659],[-98.0239,29.5666],[-98.0723,29.5406],[-98.043,29.487],[-98.0735,29.4655],[-98.0736,29.4377],[-98.1372,29.4404],[-98.2959,29.2474],[-98.4073,29.1144],[-98.1844,28.8753],[-98.0983,28.7869],[-98.335,28.6127],[-98.3343,28.4481],[-98.3343,28.0578],[-98.2355,28.058],[-98.2348,27.8696],[-98.2332,27.5009],[-98.2325,27.2625],[-98.5366,27.2652],[-98.4929,27.235],[-98.4929,27.1421],[-98.4673,27.142],[-98.4665,27.0547],[-98.4179,27.0553],[-98.4226,26.7835],[-98.3207,26.7831],[-98.4289,26.5652],[-98.4858,26.4578],[-98.5865,26.2575],[-98.58,26.235],[-98.5473,26.2346],[-98.5003,26.2098],[-98.4627,26.2258],[-98.4425,26.1992],[-98.3839,26.1566],[-98.3384,26.1513],[-98.3203,26.1179],[-98.2712,26.1142],[-98.2487,26.072],[-98.2207,26.0765],[-98.1923,26.0535],[-98.1763,26.0751],[-98.137,26.0617],[-98.0763,26.0669],[-98.0656,26.1582],[-98.1079,26.2015],[-98.1371,26.1739],[-98.1469,26.1165],[-98.1797,26.121],[-98.1635,26.2166],[-98.199,26.2289],[-98.212,26.2527],[-98.1586,26.2453],[-98.1547,26.3003],[-98.1009,26.292],[-98.0134,26.2964],[-98.0142,26.3326],[-97.937,26.3213],[-97.9307,26.3583],[-97.8619,26.3482],[-97.8622,26.4336],[-97.9083,26.4349],[-98.0042,26.4488],[-97.9844,26.5366],[-97.9688,26.5514],[-97.9574,26.6118],[-97.9853,26.6158],[-97.9859,26.9988],[-97.9861,27.2605],[-98.0581,27.261],[-98.0598,27.6359],[-97.9421,27.6359],[-97.9337,27.7766],[-97.9343,27.8852],[-97.7985,27.9957],[-97.7903,28.0192],[-97.8058,28.0414],[-97.8675,28.041],[-97.8953,28.0612],[-97.9041,28.1142],[-97.8088,28.1834],[-97.953,28.43],[-98.0898,28.663],[-97.9151,28.7196],[-97.8837,28.6955],[-97.7785,28.668],[-97.5746,28.8133],[-97.7547,29.0068],[-97.6131,29.1098],[-97.7577,29.2502],[-97.8588,29.3529],[-97.7539,29.4886],[-97.6332,29.6499],[-97.6634,29.667],[-97.7357,29.6912],[-97.7384,29.7129],[-97.7713,29.7328],[-97.7927,29.7594],[-97.8424,29.7992],[-97.8376,29.8285],[-97.8753,29.8582],[-97.9436,29.8069],[-97.9993,29.7524],[-98.0909,29.6832]]]},"properties":{"district_code":"TX-15","state_code":"TX","state_name":"Texas","district_number":"15","label":"Texas — District 15"}},{"type":"Feature","geometry":{"type":"Polygon","coordinates":[[[-74.1332,40.4269],[-74.1504,40.3717],[-74.1491,40.3247],[-74.2023,40.3457],[-74.2253,40.3395],[-74.2239,40.2612],[-74.2686,40.206],[-74.3416,40.2165],[-74.5273,40.0903],[-74.5531,40.0791],[-74.4169,39.8227],[-74.3314,39.8289],[-74.2503,39.7982],[-74.1705,39.8112],[-74.1029,39.7964],[-74.0875,39.8752],[-74.1737,39.8711],[-74.1738,39.9016],[-74.1539,39.9216],[-74.0969,39.9415],[-74.0768,39.9127],[-74.0305,40.1227],[-74.008,40.1956],[-74.0417,40.1815],[-74.0818,40.2039],[-74.0774,40.2344],[-74.0273,40.2249],[-74.008,40.2399],[-74.0511,40.315],[-74.083,40.339],[-74.0589,40.372],[-74.0117,40.3823],[-74.0431,40.4116],[-74.1332,40.4269]]]},"properties":{"district_code":"NJ-04","state_code":"NJ","state_name":"New Jersey","district_number":"04","label":"New Jersey — District 4"}},{"type":"Feature","geometry":{"type":"Polygon","coordinates":[[[-88.4723,42.3705],[-88.5112,42.36],[-88.5113,42.3275],[-88.8221,42.3279],[-88.8611,42.2813],[-88.8615,42.153],[-88.8224,42.1534],[-88.8219,42.0662],[-88.7156,42.0664],[-88.6839,42.0665],[-88.6813,42.038],[-88.6016,42.0179],[-88.6026,41.8068],[-88.3761,41.8099],[-88.3757,41.7444],[-88.3281,41.7463],[-88.2621,41.7604],[-88.262,41.7247],[-88.1482,41.7261],[-88.1448,41.6311],[-88.1248,41.6523],[-88.0553,41.6554],[-88.0284,41.6635],[-87.9803,41.6716],[-87.9127,41.6657],[-87.9146,41.7239],[-88.0118,41.7292],[-88.0394,41.7794],[-88.0869,41.7769],[-88.1138,41.8147],[-88.1513,41.8136],[-88.1659,41.8304],[-88.2628,41.8156],[-88.2626,41.8712],[-88.3102,41.865],[-88.2926,41.9183],[-88.3748,41.9179],[-88.3761,42.0669],[-88.4718,42.067],[-88.472,42.132],[-88.4327,42.1221],[-88.4325,42.1538],[-88.3544,42.154],[-88.3551,42.2408],[-88.1982,42.2416],[-88.179,42.2641],[-88.1456,42.2567],[-88.1016,42.2626],[-88.1207,42.3284],[-88.1655,42.3289],[-88.1985,42.3432],[-88.2608,42.3441],[-88.268,42.3681],[-88.3561,42.3566],[-88.3844,42.371],[-88.4723,42.3705]]]},"properties":{"district_code":"IL-11","state_code":"IL","state_name":"Illinois","district_number":"11","label":"Illinois — District 11"}},{"type":"Feature","geometry":{"type":"Polygon","coordinates":[[[-90.2578,38.532],[-90.2638,38.5205],[-90.219,38.485],[-90.1844,38.5295],[-90.1441,38.5295],[-90.1,38.5541],[-90.0434,38.531],[-90.0363,38.4838],[-89.9411,38.4836],[-89.9284,38.505],[-89.9306,38.593],[-89.9906,38.6034],[-90.0047,38.6463],[-89.9832,38.6582],[-89.9566,38.7157],[-89.9288,38.7415],[-89.9275,38.8949],[-89.9461,38.8983],[-89.946,38.9357],[-89.9272,38.942],[-89.927,38.9988],[-89.6986,38.999],[-89.7037,39.348],[-89.6993,39.348],[-89.7017,39.5233],[-89.5335,39.5246],[-89.535,39.6411],[-89.4785,39.6408],[-89.4789,39.684],[-89.4251,39.6837],[-89.4102,39.744],[-89.3292,39.7636],[-89.2572,39.8098],[-89.1799,39.8154],[-89.1515,39.8013],[-89.1059,39.8017],[-89.0434,39.8617],[-88.986,39.908],[-88.9553,39.9082],[-88.9615,39.8764],[-88.9893,39.8507],[-88.9548,39.826],[-88.9296,39.8266],[-88.8787,39.8629],[-88.746,39.8509],[-88.613,39.8503],[-88.6125,39.8791],[-88.4061,39.8792],[-88.4068,39.9674],[-88.354,39.9674],[-88.3496,40.0111],[-88.2379,40.0104],[-88.2383,40.0544],[-88.1239,40.055],[-88.1249,40.1422],[-88.1837,40.1421],[-88.2012,40.1711],[-88.2961,40.1713],[-88.3148,40.1421],[-88.4618,40.1423],[-88.463,40.055],[-88.7451,40.0551],[-88.7454,39.9676],[-89.1439,39.9614],[-89.1435,39.9176],[-89.3671,39.9176],[-89.3676,39.874],[-89.483,39.875],[-89.4825,39.7882],[-89.5989,39.7874],[-89.5932,39.8315],[-89.6543,39.8307],[-89.6643,39.8736],[-89.7085,39.8731],[-89.7153,39.7564],[-89.7051,39.6983],[-89.8153,39.6979],[-89.8131,39.5228],[-90.1538,39.5203],[-90.1463,39.1741],[-90.146,38.9993],[-90.118,38.999],[-90.1263,38.9303],[-90.1923,38.9367],[-90.1927,38.8865],[-90.1133,38.8493],[-90.1177,38.8057],[-90.1664,38.7726],[-90.2052,38.7322],[-90.212,38.7118],[-90.1826,38.6653],[-90.1788,38.6292],[-90.1918,38.599],[-90.2242,38.5751],[-90.2578,38.532]]]},"properties":{"district_code":"IL-13","state_code":"IL","state_name":"Illinois","district_number":"13","label":"Illinois — District 13"}},{"type":"Feature","geometry":{"type":"Polygon","coordinates":[[[-90.6428,42.5085],[-90.654,42.4785],[-90.6243,42.4589],[-90.5707,42.4417],[-90.555,42.4161],[-90.4738,42.3815],[-90.4159,42.3227],[-90.4309,42.2782],[-90.3911,42.2255],[-90.3173,42.1936],[-90.1077,42.1972],[-89.9198,42.1969],[-89.924,42.3713],[-89.515,42.3743],[-89.5143,42.331],[-89.3977,42.332],[-89.3974,42.2887],[-89.1539,42.2782],[-89.1161,42.2883],[-89.1162,42.3154],[-89.0872,42.3247],[-88.9797,42.3263],[-88.9997,42.2967],[-88.9899,42.2679],[-89.004,42.2384],[-88.9987,42.2091],[-89.082,42.2089],[-89.1137,42.2376],[-89.1398,42.2085],[-89.173,42.2042],[-89.6885,42.1991],[-89.6847,42.0256],[-89.6854,41.9303],[-89.6289,41.93],[-89.6324,41.6716],[-89.6315,41.5849],[-89.8911,41.5838],[-90.1855,41.5846],[-90.1965,41.5401],[-90.2417,41.5248],[-90.3047,41.5178],[-90.3199,41.5018],[-90.3241,41.4474],[-90.4011,41.456],[-90.4322,41.4347],[-90.4377,41.1515],[-90.2088,41.1521],[-90.0963,41.1499],[-90.0951,41.2353],[-89.9733,41.2345],[-89.9728,41.3219],[-89.8566,41.321],[-89.8576,41.2345],[-89.8678,41.2344],[-89.8682,41.1495],[-89.9846,41.1494],[-89.9853,40.8001],[-89.8516,40.7994],[-89.8242,40.7935],[-89.8208,40.7334],[-89.7947,40.711],[-89.6959,40.711],[-89.6611,40.6955],[-89.6493,40.7691],[-89.6139,40.7798],[-89.5849,40.7521],[-89.556,40.7534],[-89.5536,40.7023],[-89.6138,40.6651],[-89.6171,40.64],[-89.658,40.6026],[-89.6456,40.553],[-89.6443,40.4801],[-89.4714,40.4817],[-89.469,40.4427],[-89.448,40.4212],[-89.3991,40.4253],[-89.2227,40.4278],[-89.2185,40.457],[-89.1602,40.4574],[-89.125,40.4727],[-89.0964,40.4715],[-89.0588,40.4877],[-89.0599,40.5202],[-89.0286,40.517],[-89.0021,40.5319],[-88.9439,40.5324],[-88.9336,40.4885],[-88.9637,40.4515],[-89.0374,40.4586],[-89.0391,40.3859],[-89.0347,40.2828],[-88.4604,40.2819],[-88.4603,40.311],[-88.46,40.3989],[-88.347,40.3984],[-88.347,40.465],[-88.3706,40.465],[-88.3707,40.5298],[-88.4593,40.53],[-88.4595,40.6173],[-88.5745,40.6165],[-88.5823,40.6707],[-88.5852,40.8502],[-88.6235,40.8519],[-88.6356,40.8921],[-88.5859,40.9449],[-88.5846,41.1083],[-88.471,41.1089],[-88.2409,41.1144],[-88.2441,41.2016],[-88.2522,41.4628],[-88.596,41.4571],[-88.59,41.3035],[-88.6296,41.3016],[-88.7407,41.3314],[-88.8055,41.3407],[-88.8173,41.3286],[-88.817,41.2812],[-89.0486,41.2786],[-89.0487,41.2267],[-89.0668,41.2213],[-89.1628,41.2214],[-89.1626,41.1923],[-89.3089,41.1914],[-89.3214,41.2278],[-89.3484,41.261],[-89.3935,41.2647],[-89.3937,41.4949],[-89.1665,41.4958],[-89.1672,41.6287],[-88.9387,41.6283],[-88.9416,41.7261],[-88.9419,41.9789],[-88.7147,41.98],[-88.7156,42.0664],[-88.8219,42.0662],[-88.8224,42.1534],[-88.8615,42.153],[-88.8611,42.2813],[-88.8221,42.3279],[-88.5113,42.3275],[-88.5112,42.36],[-88.4723,42.3705],[-88.4716,42.4947],[-88.6387,42.495],[-88.7867,42.492],[-89.0674,42.4962],[-89.5225,42.5019],[-89.6676,42.505],[-89.9553,42.5056],[-90.0737,42.5083],[-90.4264,42.5071],[-90.6428,42.5085]]]},"properties":{"district_code":"IL-16","state_code":"IL","state_name":"Illinois","district_number":"16","label":"Illinois — District 16"}},{"type":"Feature","geometry":{"type":"Polygon","coordinates":[[[-78.7544,43.3327],[-78.7546,43.1577],[-78.68,43.1496],[-78.6969,43.1212],[-78.6969,43.0863],[-78.6383,43.0957],[-78.604,43.072],[-78.5818,43.0889],[-78.4652,43.086],[-78.4644,42.8674],[-78.4863,42.8675],[-78.488,42.7805],[-78.4633,42.7805],[-78.4619,42.6133],[-78.4646,42.5192],[-78.2208,42.5217],[-78.0428,42.5186],[-77.8407,42.5178],[-77.8402,42.4746],[-77.723,42.4712],[-77.7206,42.5351],[-77.6613,42.5351],[-77.6599,42.5804],[-77.4909,42.5773],[-77.1438,42.5769],[-77.1495,42.5001],[-77.1072,42.4838],[-76.9893,42.4848],[-76.964,42.4592],[-76.8898,42.4631],[-76.9008,42.4938],[-76.8956,42.5415],[-76.6967,42.5468],[-76.586,42.5499],[-76.6182,42.5667],[-76.6665,42.6235],[-76.6143,42.6221],[-76.4589,42.6274],[-76.4584,42.6186],[-76.2656,42.6236],[-76.2747,42.7713],[-76.3058,42.8133],[-76.357,42.8494],[-76.4507,42.8458],[-76.463,43.0063],[-76.4919,43.005],[-76.4993,43.0972],[-76.4718,43.105],[-76.4792,43.2275],[-76.3075,43.2308],[-76.2244,43.205],[-76.2025,43.2223],[-76.2106,43.244],[-76.169,43.2467],[-76.072,43.2147],[-76.0593,43.2427],[-76.0045,43.2457],[-75.8748,43.2325],[-75.8629,43.3192],[-75.8868,43.325],[-75.8146,43.4836],[-75.7564,43.4704],[-75.7674,43.6297],[-75.787,43.7887],[-75.8509,43.7919],[-75.8404,43.8839],[-75.7586,43.8788],[-75.6036,43.9713],[-75.637,43.9968],[-75.6433,44.018],[-75.7156,44.0367],[-75.7599,44.0262],[-75.8257,43.9909],[-75.8577,43.9849],[-75.8658,44.0326],[-75.8797,44.1967],[-75.8871,44.2455],[-75.9678,44.2403],[-75.9799,44.3471],[-76.0452,44.3317],[-76.0974,44.2995],[-76.1618,44.2808],[-76.1643,44.2396],[-76.1913,44.2212],[-76.2455,44.2037],[-76.3126,44.199],[-76.3697,44.1047],[-76.3591,44.076],[-76.2963,44.0597],[-76.3013,44.0206],[-76.2372,43.9779],[-76.204,44.0194],[-76.2301,44.0286],[-76.2755,44.0151],[-76.2634,44.0527],[-76.2216,44.0666],[-76.1712,44.066],[-76.1677,44.0346],[-76.1486,44.008],[-76.1875,43.9996],[-76.1998,43.9683],[-76.159,43.959],[-76.1242,43.9698],[-76.0778,44.0025],[-76.061,43.9973],[-76.1304,43.9331],[-76.1273,43.8979],[-76.2023,43.8649],[-76.2374,43.8636],[-76.2603,43.8819],[-76.2974,43.8559],[-76.2374,43.8158],[-76.2132,43.7535],[-76.1966,43.6632],[-76.2035,43.575],[-76.2358,43.5293],[-76.2913,43.5138],[-76.3455,43.5134],[-76.3688,43.5258],[-76.4106,43.5232],[-76.4697,43.4955],[-76.487,43.4754],[-76.5624,43.4483],[-76.6308,43.4134],[-76.694,43.3465],[-76.7282,43.3437],[-76.7939,43.3094],[-76.8962,43.296],[-76.951,43.2705],[-77.0426,43.2705],[-77.1071,43.2893],[-77.2642,43.2774],[-77.376,43.2762],[-77.3715,43.0347],[-77.4854,43.0346],[-77.4825,42.9432],[-77.635,42.9445],[-77.7309,42.9484],[-77.731,42.9884],[-77.9098,42.9878],[-77.9041,43.0371],[-77.951,43.0395],[-77.9059,43.1336],[-78.0272,43.1321],[-78.0262,43.2172],[-78.1156,43.2164],[-78.1155,43.2535],[-78.2984,43.2518],[-78.2969,43.3062],[-78.4664,43.3028],[-78.4655,43.3712],[-78.4889,43.3748],[-78.6343,43.3576],[-78.7544,43.3327]]]},"properties":{"district_code":"NY-24","state_code":"NY","state_name":"New York","district_number":"24","label":"New York — District 24"}},{"type":"Feature","geometry":{"type":"Polygon","coordinates":[[[-73.7303,40.7222],[-73.7248,40.654],[-73.7674,40.6266],[-73.7455,40.6118],[-73.751,40.589],[-73.6409,40.5828],[-73.6109,40.5877],[-73.5718,40.5783],[-73.4849,40.5974],[-73.4821,40.6668],[-73.4844,40.7022],[-73.5226,40.7075],[-73.5253,40.7249],[-73.5713,40.751],[-73.7303,40.7222]]]},"properties":{"district_code":"NY-04","state_code":"NY","state_name":"New York","district_number":"04","label":"New York — District 4"}},{"type":"Feature","geometry":{"type":"MultiPolygon","coordinates":[[[[-74.037,40.6383],[-74.0402,40.6148],[-73.9984,40.5818],[-73.9765,40.5966],[-73.9972,40.6253],[-74.037,40.6383]]],[[[-74.2556,40.5079],[-74.2467,40.4961],[-74.113,40.548],[-74.0531,40.6037],[-74.079,40.6482],[-74.2006,40.6314],[-74.1954,40.6018],[-74.2122,40.5572],[-74.2478,40.5434],[-74.2443,40.5185],[-74.2556,40.5079]]]]},"properties":{"district_code":"NY-11","state_code":"NY","state_name":"New York","district_number":"11","label":"New York — District 11"}},{"type":"Feature","geometry":{"type":"Polygon","coordinates":[[[-73.9183,40.9177],[-73.9338,40.8822],[-73.8804,40.8692],[-73.9335,40.8332],[-73.9136,40.7968],[-73.8835,40.8391],[-73.8497,40.8511],[-73.8368,40.8833],[-73.8586,40.9001],[-73.9183,40.9177]]]},"properties":{"district_code":"NY-15","state_code":"NY","state_name":"New York","district_number":"15","label":"New York — District 15"}},{"type":"Feature","geometry":{"type":"Polygon","coordinates":[[[-75.9799,44.3471],[-75.9678,44.2403],[-75.8871,44.2455],[-75.8797,44.1967],[-75.8658,44.0326],[-75.8577,43.9849],[-75.8257,43.9909],[-75.7599,44.0262],[-75.7156,44.0367],[-75.6433,44.018],[-75.637,43.9968],[-75.6036,43.9713],[-75.7586,43.8788],[-75.8404,43.8839],[-75.8509,43.7919],[-75.787,43.7887],[-75.7674,43.6297],[-75.7564,43.4704],[-75.5334,43.4198],[-75.1102,43.6152],[-75.0766,43.3307],[-75.1073,43.3119],[-75.147,43.3039],[-75.1624,43.2585],[-75.0692,43.2273],[-75.1587,43.1175],[-75.2191,43.0525],[-75.2014,42.8807],[-75.2427,42.8779],[-75.2519,42.784],[-75.2959,42.7441],[-75.2965,42.7187],[-75.3311,42.6611],[-75.3041,42.64],[-75.2398,42.6417],[-75.2151,42.6641],[-75.0796,42.6748],[-75.0821,42.6897],[-74.9716,42.6978],[-74.9493,42.6035],[-74.9303,42.5895],[-74.8869,42.5984],[-74.9687,42.4684],[-74.9579,42.4628],[-74.8441,42.5126],[-74.7778,42.5063],[-74.7116,42.5178],[-74.6189,42.4244],[-74.4435,42.355],[-74.3791,42.3739],[-74.3461,42.3557],[-74.2766,42.3633],[-74.247,42.3792],[-74.2543,42.4082],[-74.2647,42.4201],[-74.2285,42.4944],[-74.2256,42.5264],[-74.2416,42.5508],[-74.234,42.5757],[-74.1935,42.619],[-74.1697,42.6674],[-74.1647,42.7172],[-74.2027,42.7108],[-74.2723,42.7143],[-74.3052,42.7472],[-74.2585,42.7574],[-74.2481,42.7846],[-74.2568,42.8122],[-74.0839,42.8974],[-74.136,43.2288],[-74.1601,43.3715],[-73.884,43.398],[-73.859,43.3303],[-73.8258,43.3053],[-73.8358,43.2538],[-73.7929,43.2462],[-73.7758,43.228],[-73.744,43.2427],[-73.7398,43.2656],[-73.6428,43.3042],[-73.5947,43.3059],[-73.5971,43.2444],[-73.5793,43.2089],[-73.5908,43.1395],[-73.5733,43.1005],[-73.5909,43.0232],[-73.6323,42.9444],[-73.6789,42.9122],[-73.6845,42.8928],[-73.6545,42.7906],[-73.6647,42.7547],[-73.6532,42.6672],[-73.686,42.6665],[-73.7239,42.6492],[-73.7613,42.6008],[-73.7524,42.5767],[-73.7583,42.5342],[-73.7846,42.4899],[-73.7837,42.4642],[-73.6081,42.482],[-73.3525,42.51],[-73.265,42.7459],[-73.2909,42.8019],[-73.2787,42.8334],[-73.2698,43.0359],[-73.2565,43.2592],[-73.2468,43.5258],[-73.2586,43.5649],[-73.2849,43.5793],[-73.3021,43.6244],[-73.3586,43.6251],[-73.376,43.6126],[-73.3981,43.5681],[-73.4286,43.584],[-73.4279,43.6344],[-73.4021,43.6931],[-73.3706,43.7253],[-73.3506,43.7719],[-73.3928,43.8222],[-73.3722,43.8453],[-73.3741,43.8742],[-73.4086,43.9329],[-73.4108,44.0269],[-73.4377,44.045],[-73.4113,44.1127],[-73.3908,44.1891],[-73.3499,44.2304],[-73.3236,44.2439],[-73.311,44.2742],[-73.3242,44.31],[-73.3336,44.3723],[-73.296,44.4283],[-73.2999,44.4767],[-73.3429,44.5519],[-73.3818,44.5893],[-73.3898,44.6172],[-73.366,44.6976],[-73.3656,44.7418],[-73.3332,44.7888],[-73.3354,44.8046],[-73.3814,44.845],[-73.3562,44.9045],[-73.3385,44.9241],[-73.3387,44.9659],[-73.3546,44.9874],[-73.3431,45.0108],[-73.6397,45.0035],[-73.8746,45.0012],[-74.1468,44.9915],[-74.3352,44.9919],[-74.4575,44.997],[-74.684,44.9997],[-74.7313,44.9904],[-74.8266,45.0159],[-74.8878,45],[-74.908,44.9834],[-74.9725,44.9834],[-75.0052,44.9584],[-75.0648,44.9294],[-75.1344,44.9151],[-75.1399,44.8967],[-75.2186,44.8776],[-75.3076,44.8368],[-75.4776,44.7202],[-75.5059,44.7051],[-75.6184,44.6196],[-75.7662,44.5159],[-75.8078,44.4716],[-75.8208,44.4322],[-75.8715,44.3948],[-75.9495,44.3491],[-75.9799,44.3471]]]},"properties":{"district_code":"NY-21","state_code":"NY","state_name":"New York","district_number":"21","label":"New York — District 21"}},{"type":"Feature","geometry":{"type":"Polygon","coordinates":[[[-72.1111,42.7172],[-72.1166,42.6266],[-72.0757,42.6252],[-72.036,42.5939],[-72.027,42.5632],[-71.9498,42.5119],[-71.9145,42.5233],[-71.8749,42.5095],[-71.842,42.5147],[-71.8371,42.5486],[-71.786,42.551],[-71.7451,42.5739],[-71.7112,42.5354],[-71.7187,42.4734],[-71.7184,42.4102],[-71.6706,42.3867],[-71.6778,42.3652],[-71.6339,42.3584],[-71.5852,42.311],[-71.5511,42.3264],[-71.4868,42.3302],[-71.4694,42.4026],[-71.4784,42.4371],[-71.4643,42.4503],[-71.3663,42.4127],[-71.2897,42.4662],[-71.3213,42.4805],[-71.3035,42.5201],[-71.2587,42.5376],[-71.2642,42.5529],[-71.2257,42.58],[-71.2963,42.6127],[-71.2778,42.6208],[-71.2752,42.6562],[-71.2425,42.6623],[-71.2149,42.7013],[-71.1855,42.6759],[-71.1392,42.6844],[-71.1342,42.7215],[-71.1186,42.7366],[-71.0589,42.7325],[-70.9996,42.8105],[-71.0536,42.8331],[-71.0642,42.8063],[-71.1158,42.8177],[-71.1656,42.8087],[-71.1861,42.7907],[-71.1818,42.7376],[-71.2455,42.7426],[-71.2942,42.697],[-71.7458,42.7073],[-72.1111,42.7172]]]},"properties":{"district_code":"MA-03","state_code":"MA","state_name":"Massachusetts","district_number":"03","label":"Massachusetts — District 3"}},{"type":"Feature","geometry":{"type":"MultiPolygon","coordinates":[[[[-70.2341,41.2857],[-70.2213,41.277],[-70.1704,41.2574],[-70.1187,41.2424],[-70.0532,41.244],[-70.0152,41.238],[-69.975,41.2465],[-69.9603,41.2787],[-70.0204,41.369],[-70.0461,41.3217],[-70.0821,41.2991],[-70.187,41.2945],[-70.1939,41.2803],[-70.2117,41.2757],[-70.2341,41.2857]]],[[[-70.8388,41.3472],[-70.8021,41.3142],[-70.7642,41.3187],[-70.7333,41.3362],[-70.6911,41.3443],[-70.5792,41.35],[-70.4633,41.3475],[-70.4483,41.3537],[-70.4504,41.4207],[-70.507,41.4002],[-70.5476,41.4158],[-70.5633,41.4691],[-70.6036,41.4824],[-70.6719,41.4424],[-70.701,41.434],[-70.7689,41.3532],[-70.8388,41.3472]]],[[[-71.0703,41.9878],[-71.0729,41.949],[-70.9192,41.879],[-70.9187,41.8521],[-70.894,41.8289],[-70.9072,41.7635],[-71.0666,41.6856],[-71.1144,41.6928],[-71.1385,41.6034],[-71.1316,41.5939],[-71.1206,41.4974],[-71.0707,41.5089],[-71.041,41.4975],[-70.9801,41.5276],[-70.9479,41.5298],[-70.9346,41.5487],[-70.9305,41.6133],[-70.8727,41.6278],[-70.8103,41.6249],[-70.809,41.6584],[-70.7767,41.6508],[-70.7142,41.7017],[-70.7187,41.7357],[-70.664,41.7162],[-70.646,41.6938],[-70.6337,41.6489],[-70.6524,41.6052],[-70.642,41.5831],[-70.6681,41.5329],[-70.5468,41.5514],[-70.4932,41.552],[-70.4613,41.5718],[-70.4372,41.6053],[-70.3699,41.6159],[-70.3381,41.6363],[-70.3166,41.6254],[-70.2459,41.6285],[-70.1952,41.6479],[-70.1409,41.6504],[-70.0892,41.6628],[-69.9964,41.6672],[-69.9705,41.6455],[-69.9337,41.6786],[-69.9287,41.7413],[-69.9453,41.8452],[-69.9861,41.9496],[-70.0335,42.0177],[-70.0585,42.0404],[-70.116,42.0676],[-70.1893,42.0823],[-70.2454,42.0637],[-70.2087,42.0307],[-70.1554,42.0624],[-70.0956,42.0328],[-70.0774,41.9855],[-70.0772,41.9434],[-70.0134,41.906],[-70.0038,41.8085],[-70.0247,41.7874],[-70.122,41.7588],[-70.2161,41.743],[-70.2502,41.7077],[-70.3198,41.7097],[-70.342,41.7014],[-70.3952,41.7251],[-70.4,41.7417],[-70.4716,41.7616],[-70.541,41.8158],[-70.5256,41.8587],[-70.544,41.9263],[-70.5836,41.95],[-70.6082,41.9407],[-70.6468,41.9493],[-70.699,41.9871],[-70.6958,42.0133],[-70.6443,42.0459],[-70.6402,42.0886],[-70.6853,42.133],[-70.7187,42.1849],[-70.713,42.2044],[-70.7602,42.235],[-70.7628,42.2503],[-70.8247,42.2659],[-70.8534,42.2396],[-70.827,42.2008],[-70.9408,42.1514],[-70.9126,42.0845],[-70.8997,42.0253],[-70.9254,42.0089],[-70.9788,42.0074],[-71.0542,41.9827],[-71.0703,41.9878]]]]},"properties":{"district_code":"MA-09","state_code":"MA","state_name":"Massachusetts","district_number":"09","label":"Massachusetts — District 9"}},{"type":"Feature","geometry":{"type":"Polygon","coordinates":[[[-80.1685,26.1068],[-80.2337,26.1058],[-80.2981,26.1604],[-80.314,26.1312],[-80.3463,26.1231],[-80.4403,26.1456],[-80.4433,26.1129],[-80.4394,25.9569],[-80.295,25.9568],[-80.2788,25.971],[-80.2792,25.9938],[-80.1655,25.9962],[-80.165,25.9739],[-80.1179,25.9752],[-80.1068,26.0933],[-80.161,26.0962],[-80.1685,26.1068]]]},"properties":{"district_code":"FL-25","state_code":"FL","state_name":"Florida","district_number":"25","label":"Florida — District 25"}},{"type":"Feature","geometry":{"type":"Polygon","coordinates":[[[-84.3456,34.5627],[-84.3197,34.4679],[-84.2569,34.4673],[-84.2576,34.381],[-84.412,34.3806],[-84.412,34.3143],[-84.3938,34.3029],[-84.4081,34.2774],[-84.4303,34.2798],[-84.3965,34.2121],[-84.4233,34.1967],[-84.4157,34.1692],[-84.4268,34.1249],[-84.4189,34.0735],[-84.5718,34.0766],[-84.5507,34.0397],[-84.5622,34],[-84.5102,33.965],[-84.4614,33.9469],[-84.3937,33.9719],[-84.4011,33.9478],[-84.3599,33.9292],[-84.3478,33.938],[-84.3373,33.9709],[-84.2771,33.9576],[-84.2934,33.9979],[-84.2641,34.0385],[-84.2083,34.0689],[-84.177,34.0696],[-84.1436,34.0554],[-84.0977,34.0507],[-84.118,34.0667],[-84.0813,34.0905],[-84.0569,34.0803],[-84.0212,34.1229],[-84.0207,34.1536],[-84.0622,34.1685],[-84.0413,34.1936],[-83.9899,34.1951],[-83.9712,34.2286],[-83.9498,34.2398],[-83.9541,34.2675],[-83.9273,34.2794],[-83.9669,34.3396],[-83.9843,34.383],[-83.9806,34.4184],[-84.102,34.4645],[-84.191,34.5392],[-84.1893,34.6089],[-84.2547,34.5975],[-84.2553,34.5683],[-84.2879,34.5688],[-84.3264,34.5836],[-84.3456,34.5627]]]},"properties":{"district_code":"GA-06","state_code":"GA","state_name":"Georgia","district_number":"06","label":"Georgia — District 6"}},{"type":"Feature","geometry":{"type":"Polygon","coordinates":[[[-84.7406,38.3524],[-84.7303,38.2083],[-84.7252,38.1954],[-84.8648,38.1414],[-84.8649,38.1169],[-84.8874,38.097],[-84.9198,38.094],[-84.9672,38.009],[-85.0445,37.9845],[-85.0747,37.9508],[-85.0413,37.9221],[-85.0484,37.8958],[-85.0005,37.8547],[-85.025,37.6789],[-84.8077,37.7048],[-84.7936,37.7172],[-84.7338,37.7108],[-84.7043,37.6976],[-84.6982,37.6685],[-84.6583,37.6345],[-84.6526,37.6182],[-84.473,37.4945],[-84.3744,37.4727],[-84.3543,37.5018],[-84.3446,37.5399],[-84.263,37.5156],[-84.2484,37.5248],[-84.1995,37.5229],[-84.1718,37.5575],[-84.1421,37.5648],[-84.045,37.5636],[-83.9652,37.5814],[-83.9398,37.5732],[-83.9056,37.5429],[-83.8325,37.6363],[-83.8241,37.663],[-83.7496,37.7148],[-83.708,37.7165],[-83.6311,37.8254],[-83.6685,37.8523],[-83.7487,37.8951],[-83.7753,37.9391],[-83.7745,37.9729],[-83.7405,38.0071],[-83.6985,38.0182],[-83.7008,38.0712],[-83.7914,38.1415],[-83.8356,38.1609],[-83.8626,38.1835],[-83.9116,38.1874],[-83.922,38.2071],[-83.9052,38.2332],[-83.8796,38.2081],[-83.8227,38.1969],[-83.7082,38.2437],[-83.6497,38.1822],[-83.615,38.1933],[-83.508,38.2732],[-83.4993,38.3494],[-83.4702,38.3552],[-83.4528,38.3818],[-83.4858,38.4051],[-83.5791,38.4302],[-83.5768,38.4572],[-83.5933,38.489],[-83.6419,38.5254],[-83.7217,38.504],[-83.8593,38.4563],[-83.9303,38.4923],[-84.0101,38.4329],[-84.0734,38.4574],[-84.1021,38.4594],[-84.194,38.3718],[-84.2818,38.3125],[-84.3723,38.2795],[-84.433,38.2991],[-84.4626,38.358],[-84.4589,38.3765],[-84.4854,38.4101],[-84.5228,38.4283],[-84.5262,38.4498],[-84.5607,38.4924],[-84.6236,38.4312],[-84.7061,38.3701],[-84.7406,38.3524]]]},"properties":{"district_code":"KY-06","state_code":"KY","state_name":"Kentucky","district_number":"06","label":"Kentucky — District 6"}},{"type":"Feature","geometry":{"type":"Polygon","coordinates":[[[-80.8856,26.9589],[-80.8858,26.6092],[-80.88,26.3461],[-80.8797,26.2593],[-80.8792,26.1729],[-80.8729,25.9794],[-80.68,25.9787],[-80.68,25.9569],[-80.4394,25.9569],[-80.4433,26.1129],[-80.4403,26.1456],[-80.3463,26.1231],[-80.314,26.1312],[-80.2981,26.1604],[-80.2337,26.1058],[-80.1685,26.1068],[-80.1486,26.1222],[-80.1447,26.1482],[-80.1602,26.164],[-80.1492,26.1983],[-80.1272,26.2267],[-80.0992,26.3276],[-80.117,26.3278],[-80.1374,26.2605],[-80.1518,26.2603],[-80.1925,26.2306],[-80.2975,26.2295],[-80.2969,26.3554],[-80.2512,26.3417],[-80.2369,26.3837],[-80.2208,26.4683],[-80.2223,26.5127],[-80.2333,26.5425],[-80.2789,26.6028],[-80.3327,26.6346],[-80.3638,26.6846],[-80.0696,26.6763],[-80.0712,26.6994],[-80.0532,26.7235],[-80.0494,26.7693],[-80.0434,26.8045],[-80.0851,26.8082],[-80.0938,26.7706],[-80.1317,26.7954],[-80.1343,26.7517],[-80.1025,26.7358],[-80.1004,26.7067],[-80.2009,26.7093],[-80.2158,26.7357],[-80.308,26.7377],[-80.3112,26.7089],[-80.3633,26.7104],[-80.3627,26.7411],[-80.4116,26.7947],[-80.5632,26.9282],[-80.5802,26.9579],[-80.8856,26.9589]]]},"properties":{"district_code":"FL-20","state_code":"FL","state_name":"Florida","district_number":"20","label":"Florida — District 20"}},{"type":"Feature","geometry":{"type":"MultiPolygon","coordinates":[[[[-122.5601,47.2449],[-122.5053,47.2429],[-122.505,47.1847],[-122.4526,47.1846],[-122.4523,47.2231],[-122.3974,47.2398],[-122.3204,47.2072],[-122.3256,47.2391],[-122.2949,47.2572],[-122.3348,47.2631],[-122.4179,47.3203],[-122.4092,47.2886],[-122.4403,47.262],[-122.5333,47.3166],[-122.533,47.2764],[-122.5601,47.2449]]],[[[-122.5908,47.6633],[-122.5778,47.6437],[-122.5768,47.6004],[-122.4983,47.5979],[-122.4891,47.6332],[-122.5082,47.6437],[-122.5038,47.6944],[-122.5528,47.7208],[-122.5646,47.6819],[-122.5908,47.6633]]],[[[-122.6696,47.2765],[-122.6025,47.2175],[-122.5889,47.2371],[-122.6495,47.2752],[-122.6696,47.2765]]],[[[-122.8584,47.1678],[-122.8392,47.2097],[-122.8684,47.2514],[-122.8684,47.2802],[-122.8315,47.3143],[-122.8216,47.3468],[-122.789,47.3384],[-122.7871,47.2997],[-122.8328,47.2434],[-122.7716,47.1671],[-122.7198,47.2209],[-122.7222,47.2446],[-122.7574,47.2767],[-122.7302,47.3333],[-122.6839,47.3652],[-122.6713,47.3413],[-122.6974,47.284],[-122.6307,47.2772],[-122.5858,47.2539],[-122.5475,47.2853],[-122.5737,47.3184],[-122.5385,47.3759],[-122.5523,47.3946],[-122.5318,47.4303],[-122.5323,47.4692],[-122.4953,47.511],[-122.545,47.5229],[-122.5384,47.5631],[-122.5694,47.5828],[-122.6063,47.5469],[-122.5911,47.6355],[-122.6178,47.6498],[-122.5931,47.6943],[-122.5373,47.7471],[-122.4885,47.7436],[-122.4714,47.766],[-122.5019,47.7907],[-122.4825,47.8155],[-122.5061,47.8317],[-122.5253,47.9123],[-122.5962,47.9202],[-122.5731,47.8741],[-122.6841,47.7986],[-122.7483,47.7179],[-122.7525,47.6678],[-122.9171,47.6207],[-122.9228,47.5979],[-122.9713,47.5711],[-123.0316,47.5114],[-123.0338,47.4941],[-123.0916,47.433],[-123.1202,47.3915],[-123.0303,47.3509],[-123.1404,47.3418],[-123.1596,47.3544],[-123.1415,47.4036],[-123.1013,47.4634],[-123.0574,47.5008],[-123.0006,47.5847],[-122.8782,47.6901],[-122.8827,47.7312],[-122.8525,47.7457],[-122.8535,47.7801],[-122.7881,47.8042],[-122.8135,47.7157],[-122.8137,47.6825],[-122.7722,47.6917],[-122.7835,47.7224],[-122.7564,47.7513],[-122.743,47.8099],[-122.7132,47.8141],[-122.6812,47.8438],[-122.6938,47.868],[-122.6339,47.8684],[-122.6374,47.8899],[-122.6729,47.9188],[-122.6762,47.9587],[-122.7181,47.9877],[-122.6706,48.0176],[-122.6967,48.1032],[-122.7333,48.0912],[-122.7485,48.0301],[-122.8014,48.0876],[-122.7489,48.117],[-122.7627,48.1428],[-122.8332,48.1344],[-122.8817,48.1083],[-122.8752,48.0464],[-122.9286,48.0676],[-122.9163,48.0954],[-122.9794,48.0959],[-123.0406,48.0843],[-123.0662,48.1205],[-123.1118,48.1484],[-123.1644,48.1659],[-123.2391,48.1182],[-123.3146,48.1137],[-123.4247,48.1181],[-123.4621,48.1347],[-123.5072,48.1318],[-123.5511,48.1514],[-123.5908,48.1349],[-123.6427,48.1541],[-123.7095,48.1676],[-123.7781,48.1555],[-123.8667,48.1548],[-123.9736,48.1643],[-124.0507,48.1777],[-124.1077,48.2001],[-124.1307,48.2206],[-124.2509,48.2648],[-124.2991,48.2682],[-124.3809,48.2847],[-124.5648,48.3679],[-124.6103,48.3667],[-124.6594,48.3909],[-124.7318,48.3812],[-124.6877,48.3388],[-124.6589,48.3311],[-124.6659,48.2993],[-124.6863,48.2874],[-124.6847,48.2552],[-124.7059,48.2399],[-124.6909,48.2126],[-124.7042,48.1844],[-124.7317,48.17],[-124.6918,48.1082],[-124.6965,48.0693],[-124.678,47.9923],[-124.6414,47.9079],[-124.6095,47.88],[-124.498,47.8226],[-124.4686,47.7683],[-124.4305,47.7462],[-124.3662,47.5824],[-124.3452,47.489],[-124.3364,47.4051],[-124.3194,47.3556],[-124.2999,47.3484],[-124.2781,47.3064],[-124.2363,47.2873],[-124.209,47.2182],[-124.1767,47.093],[-124.1691,46.9945],[-124.1739,46.9272],[-124.1274,46.9455],[-124.1374,46.9992],[-124.1513,47.0211],[-124.1221,47.0416],[-124.0659,47.0411],[-124.0263,47.0302],[-123.9916,46.9802],[-123.8591,46.9676],[-123.8702,46.9432],[-123.9575,46.9213],[-123.9851,46.9219],[-124.0493,46.8913],[-124.0551,46.8704],[-124.0893,46.8677],[-124.093,46.9017],[-124.1328,46.8964],[-124.0983,46.7941],[-123.8565,46.7916],[-123.5323,46.794],[-123.1606,46.7934],[-123.1605,46.8375],[-123.1584,46.9959],[-123.2031,46.997],[-123.2019,47.0851],[-123.075,47.0848],[-123.0606,47.114],[-123.0214,47.1181],[-123.0024,47.1513],[-122.9113,47.176],[-122.9035,47.1575],[-122.8584,47.1678]]]]},"properties":{"district_code":"WA-06","state_code":"WA","state_name":"Washington","district_number":"06","label":"Washington — District 6"}},{"type":"Feature","geometry":{"type":"Polygon","coordinates":[[[-115.1775,36.1371],[-115.1805,36.0767],[-115.1187,36.0716],[-115.1189,36.0039],[-115.1548,35.9929],[-115.1816,35.9619],[-115.207,35.8973],[-115.2098,35.6528],[-115.2073,35.5903],[-115.0373,35.5887],[-114.6588,35.5883],[-114.6534,35.6108],[-114.689,35.6503],[-114.6827,35.6886],[-114.7054,35.7118],[-114.6973,35.7337],[-114.6989,35.7902],[-114.7121,35.8062],[-114.6952,35.8323],[-114.7065,35.849],[-114.6632,35.8737],[-114.7003,35.9018],[-114.7406,35.9757],[-114.7406,36.0658],[-114.8733,36.1321],[-114.9064,36.1218],[-114.9134,36.0876],[-114.9395,36.101],[-114.9753,36.0898],[-114.9768,36.1592],[-114.9905,36.202],[-115.0712,36.2033],[-115.0708,36.1885],[-115.134,36.1884],[-115.1573,36.1437],[-115.1775,36.1371]]]},"properties":{"district_code":"NV-01","state_code":"NV","state_name":"Nevada","district_number":"01","label":"Nevada — District 1"}},{"type":"Feature","geometry":{"type":"Polygon","coordinates":[[[-124.0089,45.045],[-124.0092,45.0167],[-124.0323,44.9008],[-124.0741,44.7981],[-124.0579,44.7352],[-124.0684,44.6831],[-124.0583,44.6589],[-124.0836,44.5011],[-124.0837,44.4304],[-124.1006,44.3319],[-124.116,44.2746],[-124.1089,44.2655],[-124.124,44.1058],[-124.1503,43.9109],[-124.1686,43.809],[-124.2063,43.674],[-124.232,43.5624],[-124.2869,43.4363],[-124.315,43.3884],[-124.3533,43.3427],[-124.373,43.339],[-124.4028,43.3059],[-124.3825,43.2702],[-124.4017,43.1849],[-124.4241,43.1269],[-124.4469,43.0318],[-124.4809,42.9515],[-124.5365,42.8624],[-124.5593,42.8343],[-124.5361,42.8142],[-124.5136,42.7458],[-124.4739,42.7327],[-124.4475,42.6847],[-124.4131,42.6579],[-124.39,42.5748],[-124.4222,42.4964],[-124.422,42.4612],[-124.4359,42.4372],[-124.4255,42.4094],[-124.4272,42.3349],[-124.4118,42.3074],[-124.411,42.2505],[-124.3778,42.2188],[-124.361,42.1808],[-124.3571,42.118],[-124.2996,42.0517],[-124.2705,42.0456],[-124.2116,41.9985],[-123.822,41.9956],[-123.8496,42.0446],[-123.822,42.0866],[-123.8585,42.1349],[-123.8157,42.166],[-123.8189,42.2036],[-123.7931,42.2211],[-123.815,42.2626],[-123.8927,42.3533],[-124.0269,42.3592],[-124.0416,42.3859],[-124.0133,42.4127],[-124.0019,42.4452],[-123.9988,42.5],[-123.9281,42.4946],[-123.8904,42.5007],[-123.8548,42.5506],[-123.8496,42.5837],[-123.8303,42.5951],[-123.8313,42.6323],[-123.7573,42.7206],[-123.7222,42.7754],[-123.7833,42.7994],[-123.8116,42.7888],[-123.8204,42.8241],[-123.8211,42.9653],[-123.7479,42.9738],[-123.6813,43.0241],[-123.651,43.0641],[-123.5801,43.0788],[-123.5612,43.0977],[-123.5059,43.1138],[-123.4821,43.1018],[-123.4356,43.1034],[-123.3876,43.0793],[-123.3547,43.1113],[-123.3648,43.181],[-123.3376,43.1987],[-123.2847,43.2073],[-123.2353,43.2019],[-123.1699,43.2064],[-123.0753,43.2661],[-123.0138,43.2621],[-122.9811,43.2693],[-122.945,43.2988],[-122.9986,43.3239],[-122.9885,43.4168],[-122.9327,43.4516],[-122.9337,43.4763],[-122.8933,43.5174],[-122.7419,43.5176],[-122.7417,43.4374],[-122.5084,43.4413],[-122.132,43.4402],[-122.1287,43.4969],[-122.1495,43.5207],[-122.131,43.5573],[-122.039,43.6016],[-122.011,43.6093],[-121.9805,43.6397],[-121.9863,43.6617],[-121.9672,43.7043],[-121.9812,43.743],[-121.9614,43.7637],[-121.9645,43.8082],[-121.9778,43.8285],[-121.9729,43.8612],[-121.9282,43.9092],[-121.8694,43.9119],[-121.8571,43.9652],[-121.822,44.0124],[-121.8352,44.037],[-121.8022,44.0527],[-121.7725,44.091],[-121.7716,44.1676],[-121.7779,44.2189],[-121.7994,44.2583],[-121.9601,44.2573],[-122.028,44.2538],[-122.3271,44.2528],[-122.3273,44.2312],[-122.3672,44.2094],[-122.3846,44.2171],[-122.5032,44.2217],[-122.5354,44.2349],[-122.5673,44.2293],[-122.5935,44.2444],[-122.6397,44.2493],[-122.6468,44.2666],[-122.7627,44.2905],[-122.7763,44.2838],[-122.8655,44.2873],[-122.8655,44.259],[-122.904,44.2591],[-122.9058,44.2007],[-123.1654,44.2001],[-123.1503,44.2266],[-123.1974,44.3086],[-123.2173,44.3137],[-123.2393,44.3749],[-123.2085,44.4349],[-123.2165,44.4685],[-123.1952,44.605],[-123.1648,44.6378],[-123.1058,44.6392],[-123.0741,44.6584],[-123.149,44.7202],[-123.3019,44.7198],[-123.7045,44.7212],[-123.725,44.739],[-123.7247,45.0444],[-124.0089,45.045]]]},"properties":{"district_code":"OR-04","state_code":"OR","state_name":"Oregon","district_number":"04","label":"Oregon — District 4"}},{"type":"Feature","geometry":{"type":"Polygon","coordinates":[[[-88.0533,36.4971],[-88.0585,36.4392],[-88.036,36.4203],[-87.992,36.359],[-88.0877,36.3592],[-88.1027,36.3109],[-88.0829,36.2601],[-88.1134,36.2233],[-88.0878,36.1988],[-88.0951,36.1825],[-88.0642,36.153],[-88.0881,36.1353],[-88.0812,36.0566],[-88.1119,36.0581],[-88.1593,36.0454],[-88.1624,36.0073],[-88.2144,35.9828],[-88.2174,35.8466],[-88.1779,35.8458],[-88.1905,35.6091],[-88.2431,35.5286],[-88.248,35.4235],[-88.2101,35.4073],[-88.1897,35.3843],[-88.1652,35.3923],[-88.125,35.3839],[-88.062,35.4171],[-88.0247,35.3923],[-88.0049,35.3509],[-88.0175,35.3166],[-87.9816,35.2957],[-87.9849,35.0059],[-87.6887,35.0038],[-87.6062,35.0036],[-87.6057,35.0359],[-87.5888,35.0584],[-87.5904,35.1428],[-87.5778,35.1594],[-87.5754,35.3985],[-87.6073,35.4362],[-87.6465,35.4421],[-87.6459,35.4727],[-87.7176,35.4833],[-87.6907,35.5053],[-87.6858,35.5481],[-87.6518,35.5649],[-87.6576,35.608],[-87.6354,35.6144],[-87.5867,35.6531],[-87.5493,35.6303],[-87.5078,35.6284],[-87.4596,35.6151],[-87.4187,35.6249],[-87.3574,35.6595],[-87.3253,35.6578],[-87.3079,35.6861],[-87.2558,35.7003],[-87.2341,35.7247],[-87.2151,35.8507],[-86.9695,35.7717],[-86.9293,35.7782],[-86.8679,35.8488],[-86.8316,35.8595],[-86.8228,35.9223],[-86.8076,35.9661],[-86.8397,35.9762],[-86.8813,35.9757],[-86.9042,35.9648],[-86.9075,35.9304],[-86.9708,35.937],[-86.9833,35.9741],[-87.0161,35.9979],[-87.0392,35.9893],[-87.0545,36.0488],[-87.039,36.0773],[-86.9943,36.0778],[-86.9773,36.0924],[-86.8852,36.1358],[-86.823,36.1397],[-86.7968,36.1161],[-86.7515,36.1112],[-86.7288,36.1264],[-86.7253,36.1642],[-86.7658,36.159],[-86.7803,36.1752],[-86.7571,36.2497],[-86.7385,36.2554],[-86.7309,36.2887],[-86.7748,36.3335],[-86.7561,36.3429],[-86.7643,36.3943],[-86.7499,36.4105],[-86.6944,36.4237],[-86.6519,36.4701],[-86.634,36.5364],[-86.6028,36.5728],[-86.5639,36.6336],[-86.5899,36.6525],[-86.7138,36.6493],[-87.115,36.6424],[-87.4143,36.641],[-87.8532,36.6332],[-87.8496,36.6637],[-88.0118,36.677],[-88.0705,36.6781],[-88.0451,36.6029],[-88.0325,36.5407],[-88.0533,36.4971]]]},"properties":{"district_code":"TN-07","state_code":"TN","state_name":"Tennessee","district_number":"07","label":"Tennessee — District 7"}},{"type":"Feature","geometry":{"type":"Polygon","coordinates":[[[-90.4823,38.7643],[-90.5296,38.7328],[-90.5393,38.6868],[-90.6039,38.682],[-90.6627,38.6874],[-90.7002,38.7569],[-90.7001,38.8023],[-90.7553,38.794],[-90.7769,38.7704],[-90.8358,38.8064],[-90.906,38.8044],[-91.0152,38.83],[-91.1139,38.8184],[-91.1858,38.8205],[-91.2315,38.8443],[-91.4158,38.8453],[-91.4186,38.7098],[-91.3692,38.6993],[-91.3685,38.5094],[-91.3654,38.3315],[-91.3676,38.204],[-90.7802,38.2041],[-90.7376,38.4159],[-90.7305,38.4827],[-90.6956,38.4706],[-90.6337,38.4858],[-90.6137,38.4713],[-90.5911,38.5017],[-90.5125,38.5013],[-90.4053,38.5006],[-90.422,38.4782],[-90.4087,38.4525],[-90.3536,38.4582],[-90.3413,38.3882],[-90.2928,38.4287],[-90.2638,38.5205],[-90.2578,38.532],[-90.297,38.5624],[-90.3205,38.5942],[-90.3064,38.6336],[-90.335,38.6298],[-90.3323,38.5938],[-90.3773,38.5761],[-90.3587,38.6534],[-90.3736,38.6609],[-90.4247,38.6471],[-90.4415,38.6704],[-90.4818,38.6827],[-90.4535,38.7173],[-90.4823,38.7643]]]},"properties":{"district_code":"MO-02","state_code":"MO","state_name":"Missouri","district_number":"02","label":"Missouri — District 2"}},{"type":"Feature","geometry":{"type":"Polygon","coordinates":[[[-122.3934,37.7083],[-122.3593,37.7286],[-122.3869,37.7637],[-122.3877,37.7888],[-122.4095,37.8089],[-122.4638,37.8047],[-122.5145,37.7808],[-122.5024,37.7081],[-122.4691,37.7082],[-122.4359,37.7316],[-122.4047,37.7329],[-122.3934,37.7083]]]},"properties":{"district_code":"CA-11","state_code":"CA","state_name":"California","district_number":"11","label":"California — District 11"}},{"type":"Feature","geometry":{"type":"Polygon","coordinates":[[[-93.4974,43.4996],[-93.4976,43.2275],[-93.4986,42.9085],[-93.0251,42.9075],[-93.027,42.5568],[-93.4995,42.5577],[-93.4991,42.471],[-93.4626,42.4708],[-93.463,42.2093],[-93.1228,42.2087],[-92.7675,42.2101],[-92.766,41.8624],[-92.7668,41.6014],[-92.7571,41.6014],[-92.7565,41.5088],[-92.2975,41.5098],[-92.2999,41.7361],[-92.2982,41.8628],[-91.9087,41.8616],[-91.3662,41.8601],[-91.3633,42.2964],[-90.9344,42.2951],[-90.6656,42.2947],[-90.665,42.3822],[-90.4738,42.3815],[-90.555,42.4161],[-90.5707,42.4417],[-90.6243,42.4589],[-90.654,42.4785],[-90.6428,42.5085],[-90.644,42.5399],[-90.687,42.5918],[-90.7027,42.6308],[-90.7202,42.6408],[-90.8525,42.6648],[-90.9212,42.6854],[-90.9524,42.6868],[-90.9955,42.7137],[-91.0513,42.737],[-91.0655,42.7571],[-91.0787,42.8277],[-91.1006,42.8831],[-91.1462,42.9099],[-91.1465,42.9633],[-91.1747,43.0387],[-91.1779,43.1289],[-91.1433,43.1564],[-91.1191,43.2004],[-91.0579,43.254],[-91.0857,43.2919],[-91.1291,43.3264],[-91.2018,43.3491],[-91.2148,43.3659],[-91.1977,43.3953],[-91.2031,43.4198],[-91.2322,43.46],[-91.2177,43.5005],[-91.571,43.5005],[-91.9544,43.5007],[-92.5522,43.5002],[-92.9296,43.4998],[-93.4974,43.4996]]]},"properties":{"district_code":"IA-02","state_code":"IA","state_name":"Iowa","district_number":"02","label":"Iowa — District 2"}},{"type":"Feature","geometry":{"type":"Polygon","coordinates":[[[-112.1479,33.3046],[-112.1338,33.2903],[-111.8936,33.2911],[-111.8244,33.2826],[-111.8243,33.3389],[-111.8411,33.3788],[-111.6879,33.3794],[-111.6405,33.4321],[-111.6751,33.4571],[-111.6839,33.4808],[-111.7127,33.4979],[-111.7404,33.4819],[-111.7873,33.4809],[-111.8268,33.4665],[-111.8562,33.4367],[-111.9096,33.4368],[-111.9814,33.4511],[-111.9787,33.3642],[-112.0318,33.3197],[-112.0836,33.3197],[-112.0836,33.3052],[-112.1479,33.3046]]]},"properties":{"district_code":"AZ-04","state_code":"AZ","state_name":"Arizona","district_number":"04","label":"Arizona — District 4"}},{"type":"Feature","geometry":{"type":"Polygon","coordinates":[[[-104.9055,33.1389],[-104.9038,33.3059],[-104.8851,33.3058],[-104.8852,33.3692],[-104.8313,33.3687],[-104.7366,33.3823],[-104.696,33.3942],[-104.595,33.3943],[-104.5952,33.4226],[-104.5591,33.4376],[-104.4852,33.4395],[-104.379,33.5656],[-104.3297,33.5977],[-104.2496,33.6214],[-104.2052,33.6439],[-104.1296,33.6565],[-104.0691,33.6581],[-104.028,33.6666],[-103.8783,33.672],[-103.8236,33.7016],[-103.7822,33.7127],[-103.7693,33.7281],[-103.7179,33.7036],[-103.7169,33.8196],[-103.8419,33.8192],[-103.8417,34.0819],[-103.946,34.0825],[-103.9492,34.2596],[-103.9488,34.6051],[-104.1289,34.6052],[-104.129,34.9546],[-104.1263,34.9546],[-104.1251,35.2157],[-104.6308,35.2163],[-105.0234,35.2164],[-105.2912,35.2165],[-105.2908,35.042],[-105.7144,35.0416],[-106.0295,35.0407],[-106.0163,35.0567],[-105.98,35.1421],[-106.1561,35.1421],[-106.1562,35.2242],[-106.2227,35.248],[-106.2452,35.2387],[-106.2489,35.3046],[-106.2488,35.4433],[-106.3252,35.4616],[-106.3561,35.4489],[-106.3552,35.3656],[-106.3997,35.3544],[-106.4809,35.358],[-106.507,35.3344],[-106.5662,35.3273],[-106.6391,35.3706],[-106.6592,35.3527],[-106.6862,35.3628],[-106.7278,35.3364],[-106.8618,35.3313],[-106.8564,35.2934],[-106.9201,35.2983],[-106.9731,35.2864],[-106.9783,35.2582],[-106.962,35.2184],[-106.729,35.218],[-106.7277,35.1921],[-106.6965,35.1731],[-106.719,35.1548],[-106.7266,35.124],[-106.6923,35.1065],[-106.6716,35.0779],[-106.6393,35.063],[-106.6296,35.0319],[-106.6637,34.9468],[-106.3805,34.9469],[-106.3823,34.9014],[-106.4116,34.8897],[-106.4118,34.8703],[-106.4639,34.8702],[-106.4645,34.8105],[-106.6676,34.8112],[-106.6656,34.8424],[-106.6883,34.8657],[-106.7216,34.8655],[-106.7149,34.8134],[-106.741,34.7472],[-106.7369,34.7238],[-106.7456,34.6614],[-106.5646,34.4739],[-106.4563,34.4371],[-106.4169,34.4397],[-106.416,34.2598],[-105.926,34.26],[-105.9247,33.8256],[-106.0527,33.8256],[-106.0527,33.6503],[-106.1583,33.6524],[-106.2683,33.6605],[-106.3737,33.6605],[-106.3719,33.3906],[-105.9316,33.3899],[-105.9296,33.2184],[-105.7884,33.2154],[-105.7499,33.2281],[-105.7028,33.1765],[-105.6944,33.1204],[-105.677,33.1255],[-105.6336,33.1084],[-105.6105,33.0837],[-105.5591,33.0537],[-105.4817,33.0339],[-105.4845,33.0053],[-105.3162,33.0027],[-105.317,33.1323],[-105.1086,33.1317],[-104.9055,33.1389]]]},"properties":{"district_code":"NM-01","state_code":"NM","state_name":"New Mexico","district_number":"01","label":"New Mexico — District 1"}},{"type":"Feature","geometry":{"type":"Polygon","coordinates":[[[-97.4761,32.1735],[-97.4572,32.1627],[-97.4958,32.1282],[-97.4707,32.0867],[-97.4921,32.0597],[-97.486,32.0176],[-97.4227,32.0079],[-97.38,31.9727],[-97.4388,31.9335],[-97.3983,31.9098],[-97.3625,31.865],[-97.3271,31.8415],[-97.3037,31.8484],[-97.2767,31.8335],[-97.3265,31.7884],[-97.3103,31.7616],[-97.2773,31.7455],[-97.0373,31.8631],[-96.9322,31.7089],[-96.7191,31.8149],[-96.4967,31.7962],[-96.4783,31.7695],[-96.419,31.7822],[-96.374,31.7658],[-96.3729,31.7419],[-96.3327,31.7408],[-96.3248,31.688],[-96.281,31.6413],[-96.2469,31.6538],[-96.0541,31.6439],[-96.0145,31.6226],[-95.9546,31.6526],[-95.9553,31.671],[-95.8467,31.6473],[-95.7897,31.6488],[-95.7956,31.6289],[-95.7776,31.6023],[-95.7534,31.6068],[-95.7573,31.6435],[-95.7353,31.6534],[-95.7101,31.6156],[-95.7203,31.592],[-95.7185,31.5537],[-95.7517,31.5516],[-95.7565,31.5311],[-95.7393,31.5041],[-95.6472,31.527],[-95.6518,31.5418],[-95.4932,31.5649],[-95.2732,31.5929],[-95.2564,31.5762],[-95.2085,31.5702],[-95.1764,31.5848],[-95.1492,31.5689],[-95.1434,31.5396],[-95.1,31.5189],[-95.1097,31.4889],[-95.1001,31.469],[-95.0603,31.4679],[-95.0517,31.4531],[-95.003,31.4262],[-94.8659,31.5269],[-94.9151,31.5696],[-94.9414,31.627],[-94.9573,31.6869],[-94.9583,31.7241],[-94.9718,31.74],[-94.9386,31.7722],[-94.9541,31.7969],[-94.9375,31.8456],[-94.9848,31.8461],[-94.9853,32.138],[-95.4599,32.1356],[-95.4523,32.1077],[-95.4285,32.0845],[-95.7938,32.0368],[-96.0528,32.0059],[-96.0665,32.0378],[-96.066,32.0858],[-96.0995,32.0813],[-96.1178,32.095],[-96.1127,32.1568],[-96.1453,32.1528],[-96.1895,32.2023],[-96.2294,32.2362],[-96.2846,32.2636],[-96.2966,32.2982],[-96.331,32.3035],[-96.3908,32.3339],[-96.4291,32.3322],[-96.4545,32.3611],[-96.4345,32.3892],[-96.4383,32.4122],[-96.477,32.4341],[-96.51,32.4835],[-96.5042,32.5236],[-96.5297,32.5453],[-97.0527,32.5488],[-97.0614,32.5854],[-97.0451,32.5924],[-97.0703,32.627],[-97.0628,32.6775],[-97.0805,32.6915],[-97.0626,32.7357],[-96.9981,32.7423],[-96.9945,32.7778],[-96.9261,32.7821],[-96.9499,32.8149],[-96.9057,32.8162],[-96.8879,32.8517],[-96.9115,32.8957],[-96.9589,32.896],[-96.9752,32.8555],[-97.0016,32.8569],[-97.008,32.8161],[-97.0342,32.8167],[-97.0349,32.7799],[-97.0974,32.7389],[-97.1147,32.7082],[-97.0978,32.6917],[-97.0751,32.6412],[-97.1164,32.6082],[-97.1424,32.6111],[-97.174,32.5685],[-97.177,32.5506],[-97.2328,32.5515],[-97.2605,32.512],[-97.2408,32.4734],[-97.2928,32.4529],[-97.2992,32.3592],[-97.2694,32.3138],[-97.2972,32.2976],[-97.2854,32.2506],[-97.2705,32.2268],[-97.476,32.1817],[-97.4761,32.1735]]]},"properties":{"district_code":"TX-06","state_code":"TX","state_name":"Texas","district_number":"06","label":"Texas — District 6"}},{"type":"Feature","geometry":{"type":"Polygon","coordinates":[[[-72.7748,42.0021],[-72.7784,41.9894],[-72.7076,41.9734],[-72.7162,41.9498],[-72.6139,41.9435],[-72.5133,41.9454],[-72.5183,41.8569],[-72.4968,41.8606],[-72.5075,41.8097],[-72.476,41.813],[-72.4639,41.7456],[-72.6136,41.7282],[-72.5647,41.7],[-72.5507,41.6807],[-72.6248,41.6681],[-72.6305,41.6333],[-72.5442,41.6427],[-72.5435,41.5955],[-72.5608,41.554],[-72.5549,41.5111],[-72.6337,41.5002],[-72.637,41.4638],[-72.609,41.4431],[-72.6787,41.4338],[-72.675,41.3486],[-72.6317,41.3094],[-72.6545,41.2658],[-72.5711,41.2681],[-72.5439,41.2487],[-72.4519,41.2789],[-72.3987,41.2782],[-72.3866,41.2618],[-72.3178,41.2778],[-72.2615,41.2829],[-72.2357,41.3008],[-72.1776,41.3225],[-72.1342,41.2994],[-72.0944,41.3142],[-72.0491,41.3191],[-72.0108,41.307],[-71.9794,41.33],[-71.9457,41.3378],[-71.9212,41.3279],[-71.8775,41.336],[-71.8605,41.3202],[-71.8294,41.3424],[-71.8435,41.4058],[-71.7977,41.4167],[-71.787,41.656],[-71.7992,42.0081],[-71.8457,42.024],[-72.1357,42.0302],[-72.5281,42.0343],[-72.5732,42.0301],[-72.6959,42.0368],[-72.7517,42.0302],[-72.7748,42.0021]]]},"properties":{"district_code":"CT-02","state_code":"CT","state_name":"Connecticut","district_number":"02","label":"Connecticut — District 2"}},{"type":"Feature","geometry":{"type":"Polygon","coordinates":[[[-83.214,42.7095],[-83.2092,42.621],[-83.0914,42.6242],[-83.0834,42.4472],[-82.8702,42.451],[-82.8844,42.4766],[-82.8744,42.5235],[-82.8451,42.5614],[-82.7816,42.5707],[-82.7926,42.6048],[-82.8181,42.631],[-82.9159,42.629],[-82.9371,42.6574],[-82.9745,42.6565],[-82.9769,42.7159],[-83.214,42.7095]]]},"properties":{"district_code":"MI-10","state_code":"MI","state_name":"Michigan","district_number":"10","label":"Michigan — District 10"}},{"type":"Feature","geometry":{"type":"MultiPolygon","coordinates":[[[[-75.6482,37.9668],[-75.643,37.9363],[-75.6787,37.9427],[-75.7193,37.9345],[-75.7435,37.9121],[-75.6789,37.8883],[-75.6893,37.8595],[-75.7195,37.8206],[-75.7189,37.7933],[-75.7442,37.786],[-75.7706,37.8046],[-75.8164,37.7893],[-75.7873,37.7571],[-75.8297,37.735],[-75.8523,37.6854],[-75.9096,37.6227],[-75.9412,37.5638],[-75.95,37.5219],[-75.9831,37.4158],[-75.9675,37.3998],[-76.0122,37.3338],[-76.0258,37.2574],[-76.0098,37.2341],[-76.0131,37.206],[-75.9765,37.1544],[-75.9701,37.1172],[-75.9278,37.1303],[-75.8984,37.1186],[-75.8206,37.193],[-75.792,37.282],[-75.7572,37.314],[-75.6753,37.4317],[-75.6621,37.4434],[-75.6911,37.4736],[-75.6624,37.4907],[-75.6001,37.5713],[-75.6145,37.6093],[-75.5993,37.6369],[-75.5894,37.6912],[-75.5268,37.7887],[-75.4893,37.8325],[-75.4064,37.8994],[-75.3462,37.8913],[-75.2425,38.027],[-75.6244,37.9942],[-75.6482,37.9668]]],[[[-76.0465,37.9536],[-76.0251,37.9437],[-75.9939,37.9535],[-76.0465,37.9536]]],[[[-76.6716,37.1421],[-76.7012,37.0662],[-76.7118,37.0554],[-76.8376,37.0022],[-77.0021,36.9207],[-76.9701,36.8885],[-77.0096,36.8856],[-76.9714,36.8331],[-76.9456,36.8313],[-76.9708,36.7851],[-77.0115,36.7951],[-77.0459,36.7743],[-77.0638,36.7338],[-77.0811,36.7229],[-77.0759,36.6941],[-77.0827,36.635],[-77.0529,36.6414],[-77.0457,36.6165],[-77.0994,36.6022],[-77.058,36.5572],[-77.103,36.5445],[-76.916,36.5438],[-76.9159,36.5521],[-76.5415,36.5503],[-76.1928,36.5505],[-75.8676,36.5504],[-75.8909,36.6308],[-75.9217,36.6921],[-75.9495,36.7612],[-75.9963,36.922],[-76.0416,36.9299],[-76.0905,36.9078],[-76.1771,36.9301],[-76.1985,36.8866],[-76.1769,36.857],[-76.1947,36.83],[-76.2281,36.8329],[-76.2064,36.777],[-76.2534,36.7426],[-76.2911,36.7577],[-76.3997,36.7874],[-76.4452,36.7874],[-76.4575,36.8148],[-76.4041,36.885],[-76.4069,36.8975],[-76.4416,36.9061],[-76.4547,36.8841],[-76.4916,36.8811],[-76.4802,36.9143],[-76.4865,36.9565],[-76.5629,37.0038],[-76.5865,37.0287],[-76.646,37.0362],[-76.6699,37.0599],[-76.6569,37.1098],[-76.6716,37.1421]]]]},"properties":{"district_code":"VA-02","state_code":"VA","state_name":"Virginia","district_number":"02","label":"Virginia — District 2"}},{"type":"Feature","geometry":{"type":"Polygon","coordinates":[[[-73.5434,41.3768],[-73.551,41.2954],[-73.4827,41.2128],[-73.7278,41.1007],[-73.7062,41.0742],[-73.6552,41.0119],[-73.659,40.9889],[-73.5957,41.016],[-73.5515,41.0243],[-73.469,41.0601],[-73.4332,41.0558],[-73.4025,41.0861],[-73.2868,41.1279],[-73.2624,41.1182],[-73.2027,41.1581],[-73.1648,41.1569],[-73.1542,41.183],[-73.1628,41.2202],[-73.1407,41.238],[-73.1587,41.2793],[-73.1541,41.3133],[-73.1247,41.3453],[-73.1476,41.3677],[-73.0927,41.4135],[-73.0774,41.4652],[-73.1042,41.4894],[-73.1579,41.4894],[-73.1648,41.4478],[-73.2077,41.4205],[-73.1849,41.4063],[-73.2036,41.3792],[-73.3333,41.3183],[-73.3471,41.3504],[-73.4701,41.3264],[-73.5064,41.3774],[-73.5434,41.3768]]]},"properties":{"district_code":"CT-04","state_code":"CT","state_name":"Connecticut","district_number":"04","label":"Connecticut — District 4"}},{"type":"Feature","geometry":{"type":"MultiPolygon","coordinates":[[[[-122.3952,47.7779],[-122.3731,47.7292],[-122.3857,47.7045],[-122.4298,47.6589],[-122.4146,47.6398],[-122.3449,47.6091],[-122.4211,47.576],[-122.3983,47.5501],[-122.3988,47.5174],[-122.3613,47.4814],[-122.368,47.4592],[-122.3334,47.4039],[-122.3358,47.4313],[-122.3116,47.4886],[-122.3096,47.5268],[-122.3219,47.5623],[-122.2968,47.6017],[-122.2637,47.6131],[-122.2591,47.6426],[-122.2297,47.6687],[-122.2607,47.7023],[-122.2761,47.7397],[-122.271,47.7771],[-122.3272,47.7777],[-122.3952,47.7779]]],[[[-122.526,47.3589],[-122.5189,47.3333],[-122.454,47.3433],[-122.4378,47.3656],[-122.3736,47.3887],[-122.4273,47.4021],[-122.46,47.4869],[-122.4827,47.4831],[-122.514,47.4489],[-122.5277,47.3923],[-122.526,47.3589]]]]},"properties":{"district_code":"WA-07","state_code":"WA","state_name":"Washington","district_number":"07","label":"Washington — District 7"}},{"type":"Feature","geometry":{"type":"Polygon","coordinates":[[[-75.7886,39.7222],[-75.7887,39.6582],[-75.7808,39.5503],[-75.7494,39.1648],[-75.7176,38.7656],[-75.6937,38.4601],[-75.3842,38.4521],[-75.0489,38.4513],[-75.0655,38.661],[-75.0822,38.7722],[-75.0971,38.7887],[-75.134,38.7822],[-75.1906,38.8069],[-75.3041,38.9132],[-75.3171,38.9334],[-75.3116,38.9676],[-75.3409,39.02],[-75.3963,39.0579],[-75.4134,39.1533],[-75.3971,39.2045],[-75.409,39.2641],[-75.4348,39.2906],[-75.439,39.3134],[-75.4941,39.3466],[-75.513,39.3662],[-75.5385,39.4165],[-75.5718,39.4389],[-75.5931,39.4792],[-75.5724,39.5171],[-75.563,39.5622],[-75.6119,39.5974],[-75.6149,39.616],[-75.5871,39.651],[-75.5622,39.6567],[-75.5091,39.7201],[-75.4685,39.7865],[-75.4234,39.8066],[-75.4988,39.8333],[-75.5948,39.8373],[-75.6415,39.8284],[-75.7012,39.8026],[-75.7886,39.7222]]]},"properties":{"district_code":"DE-AL","state_code":"DE","state_name":"Delaware","district_number":"AL","label":"Delaware — At-large"}},{"type":"Feature","geometry":{"type":"MultiPolygon","coordinates":[[[[-88.8705,30.0492],[-88.8484,30.0133],[-88.8355,29.9741],[-88.8282,29.9207],[-88.843,29.826],[-88.8327,29.8241],[-88.8181,29.8891],[-88.817,29.9343],[-88.8337,29.9988],[-88.8705,30.0492]]],[[[-89.3422,30.0592],[-89.3085,30.0398],[-89.2755,30.0371],[-89.2534,30.0605],[-89.238,30.0335],[-89.184,30.0328],[-89.1768,30.0607],[-89.2208,30.0714],[-89.2277,30.1197],[-89.303,30.0916],[-89.3188,30.0651],[-89.3422,30.0592]]],[[[-89.6268,29.5352],[-89.5997,29.5076],[-89.5933,29.5468],[-89.6268,29.5352]]],[[[-90.0427,29.2027],[-89.9556,29.2528],[-89.9848,29.2616],[-90.0427,29.2027]]],[[[-90.5469,30.4316],[-90.5146,30.4062],[-90.5013,30.362],[-90.4778,30.3564],[-90.4858,30.277],[-90.3737,30.2834],[-90.3503,30.2968],[-90.3009,30.2947],[-90.1606,30.2343],[-90.1563,30.1896],[-90.2599,30.1634],[-90.2756,30.0889],[-90.2795,30.0068],[-90.2466,30.0137],[-90.2494,29.9859],[-90.2148,29.9265],[-90.1973,29.9248],[-90.1258,29.9722],[-90.0973,29.9775],[-90.073,30.0325],[-90.0123,30.0381],[-89.9668,30.0596],[-89.9359,30.0833],[-89.8802,30.1485],[-89.8613,30.141],[-89.8315,30.0965],[-89.7913,30.1045],[-89.7437,30.1552],[-89.716,30.1546],[-89.6869,30.1733],[-89.6285,30.15],[-89.5871,30.1506],[-89.5691,30.1727],[-89.5281,30.189],[-89.5702,30.1803],[-89.6171,30.2275],[-89.6474,30.2913],[-89.6262,30.3143],[-89.6297,30.3393],[-89.6572,30.3565],[-89.6837,30.4059],[-89.6834,30.4518],[-89.7246,30.4919],[-89.7681,30.515],[-89.794,30.5483],[-89.8223,30.6046],[-89.825,30.6494],[-89.8418,30.6656],[-89.9958,30.6654],[-90.2557,30.7124],[-90.2437,30.6469],[-90.2615,30.621],[-90.3117,30.6213],[-90.3119,30.5924],[-90.3454,30.5549],[-90.3439,30.506],[-90.3586,30.4788],[-90.429,30.4788],[-90.4962,30.4398],[-90.5469,30.4316]]],[[[-90.4763,29.8249],[-90.525,29.7824],[-90.5052,29.7665],[-90.5343,29.7375],[-90.5117,29.7036],[-90.5472,29.689],[-90.607,29.7307],[-90.6922,29.7389],[-90.6985,29.7182],[-90.7528,29.6456],[-90.7333,29.6165],[-90.7606,29.5838],[-90.7778,29.579],[-90.7777,29.5356],[-90.8135,29.4684],[-90.7626,29.4613],[-90.7226,29.43],[-90.7298,29.3846],[-90.7737,29.3656],[-90.8015,29.3633],[-90.828,29.3137],[-90.8326,29.2817],[-90.8524,29.2578],[-90.8842,29.2443],[-90.8766,29.2181],[-90.9172,29.2238],[-90.9507,29.2173],[-90.9613,29.1849],[-90.8992,29.1428],[-90.8678,29.1063],[-90.8515,29.0743],[-90.8037,29.0677],[-90.8022,29.0938],[-90.7232,29.136],[-90.6943,29.1251],[-90.6759,29.1741],[-90.6495,29.1718],[-90.6357,29.2139],[-90.6118,29.2148],[-90.5879,29.2713],[-90.5976,29.3033],[-90.577,29.3132],[-90.5543,29.2852],[-90.5322,29.3032],[-90.4791,29.2922],[-90.4516,29.3215],[-90.4402,29.3494],[-90.3976,29.31],[-90.3952,29.2571],[-90.3726,29.2648],[-90.3766,29.2933],[-90.3443,29.2893],[-90.3076,29.2707],[-90.2767,29.2108],[-90.2539,29.1437],[-90.2344,29.1288],[-90.2229,29.0871],[-90.1866,29.103],[-90.0956,29.1629],[-90.0479,29.1896],[-90.0995,29.2393],[-90.1081,29.265],[-90.0753,29.296],[-90.0324,29.2816],[-90.0384,29.3326],[-89.9975,29.3705],[-90.0025,29.4034],[-89.9704,29.4318],[-89.9687,29.4633],[-89.8909,29.4451],[-89.8364,29.4749],[-89.8436,29.4217],[-89.8147,29.4001],[-89.7909,29.4108],[-89.768,29.3894],[-89.6696,29.3902],[-89.6373,29.3972],[-89.6088,29.3875],[-89.5955,29.356],[-89.6233,29.3463],[-89.6468,29.3763],[-89.6886,29.3589],[-89.7597,29.3502],[-89.7906,29.3283],[-89.8015,29.3533],[-89.8254,29.355],[-89.8426,29.3188],[-89.7262,29.304],[-89.6718,29.289],[-89.6397,29.2905],[-89.606,29.2537],[-89.5366,29.2362],[-89.4828,29.2151],[-89.4469,29.1816],[-89.4274,29.1445],[-89.3996,29.1237],[-89.3506,29.1296],[-89.3319,29.1486],[-89.3186,29.2016],[-89.295,29.1989],[-89.2765,29.1736],[-89.2786,29.1376],[-89.2957,29.1337],[-89.3041,29.0886],[-89.3197,29.0575],[-89.343,29.0577],[-89.3703,29.0005],[-89.3996,28.9718],[-89.4052,28.9316],[-89.2832,29.0533],[-89.2594,29.0584],[-89.2412,29.0845],[-89.2215,29.0646],[-89.2187,29.0225],[-89.1429,28.9916],[-89.1586,29.0218],[-89.147,29.071],[-89.1165,29.0741],[-89.1037,29.1167],[-89.0666,29.0907],[-89.0395,29.1355],[-89.097,29.1388],[-89.1118,29.16],[-89.0802,29.171],[-89.0184,29.1764],[-89.026,29.2152],[-89.0711,29.1936],[-89.122,29.2021],[-89.1296,29.232],[-89.1151,29.2529],[-89.1403,29.2911],[-89.165,29.303],[-89.1821,29.3377],[-89.2004,29.3444],[-89.2354,29.3043],[-89.2667,29.3499],[-89.3084,29.3715],[-89.3386,29.3554],[-89.3837,29.3884],[-89.4381,29.388],[-89.4701,29.4015],[-89.5123,29.3823],[-89.5386,29.3867],[-89.5393,29.4419],[-89.5721,29.4752],[-89.6402,29.5036],[-89.6772,29.5377],[-89.6845,29.5633],[-89.6711,29.5882],[-89.6747,29.6266],[-89.6327,29.6442],[-89.6205,29.6361],[-89.5654,29.6593],[-89.5285,29.6516],[-89.5188,29.7021],[-89.5249,29.7266],[-89.4851,29.72],[-89.4676,29.699],[-89.4656,29.6517],[-89.4242,29.6976],[-89.4308,29.7408],[-89.3947,29.7902],[-89.2913,29.767],[-89.2925,29.7992],[-89.3365,29.7852],[-89.3794,29.8221],[-89.3836,29.8401],[-89.3152,29.8528],[-89.3157,29.9023],[-89.2798,29.9272],[-89.2427,29.9311],[-89.2255,29.9671],[-89.2465,29.9926],[-89.2752,29.99],[-89.3176,29.9212],[-89.3701,29.8921],[-89.3805,29.9416],[-89.4235,29.9634],[-89.4334,29.9912],[-89.4578,29.9982],[-89.3817,30.035],[-89.3905,30.0521],[-89.4304,30.0338],[-89.4804,30.0745],[-89.4915,30.0375],[-89.5801,29.9905],[-89.5704,29.9615],[-89.5923,29.9173],[-89.5964,29.8796],[-89.6348,29.8632],[-89.7053,29.8743],[-89.7449,29.9079],[-89.7473,29.9455],[-89.8193,29.9331],[-89.8462,29.9564],[-89.8599,30.0017],[-89.8945,30.0023],[-89.953,29.9812],[-89.9899,29.9895],[-90.0121,29.946],[-89.9698,29.9247],[-89.921,29.9157],[-89.9033,29.8874],[-89.9873,29.905],[-90.0081,29.8955],[-90.0275,29.8528],[-90.0686,29.8288],[-90.0603,29.7849],[-90.1002,29.7786],[-90.0979,29.8166],[-90.1209,29.8546],[-90.1678,29.8405],[-90.1725,29.8042],[-90.2282,29.692],[-90.3462,29.6933],[-90.3618,29.7094],[-90.372,29.7592],[-90.4299,29.7764],[-90.4758,29.8129],[-90.4763,29.8249]]]]},"properties":{"district_code":"LA-01","state_code":"LA","state_name":"Louisiana","district_number":"01","label":"Louisiana — District 1"}},{"type":"Feature","geometry":{"type":"Polygon","coordinates":[[[-83.9611,35.4638],[-84.0147,35.412],[-84.0076,35.3717],[-84.0383,35.3478],[-84.0214,35.3014],[-84.0557,35.2682],[-84.1067,35.2515],[-84.1991,35.2437],[-84.2237,35.2691],[-84.2902,35.2256],[-84.3219,34.9884],[-84.1296,34.9875],[-83.62,34.9866],[-83.6202,34.9921],[-83.3228,34.9959],[-83.1096,35.0012],[-82.7833,35.0856],[-82.7641,35.0682],[-82.6865,35.1082],[-82.6097,35.139],[-82.5699,35.1453],[-82.5416,35.1621],[-82.495,35.1645],[-82.4601,35.1781],[-82.4396,35.1659],[-82.4197,35.1986],[-82.3904,35.2154],[-82.3713,35.1814],[-82.3446,35.1931],[-82.2749,35.2001],[-82.1061,35.1915],[-81.9693,35.1872],[-81.9622,35.2626],[-81.9353,35.3175],[-81.963,35.3409],[-81.9407,35.41],[-81.9026,35.385],[-81.8524,35.3816],[-81.8457,35.4142],[-81.8634,35.4403],[-81.849,35.4609],[-81.8567,35.5422],[-81.8241,35.575],[-81.8694,35.7196],[-81.9869,35.8069],[-81.925,35.8431],[-81.9067,35.8834],[-81.9103,35.9055],[-81.9432,35.9601],[-81.9546,35.9266],[-81.9823,35.9109],[-81.9802,35.885],[-82.0226,35.8849],[-82.048,35.8532],[-82.0961,35.8521],[-82.1203,35.8254],[-82.1438,35.8251],[-82.1469,35.902],[-82.155,35.9208],[-82.1977,35.9523],[-82.1917,35.9906],[-82.2142,36.0171],[-82.2385,36.0048],[-82.2991,36.0402],[-82.3382,36.0301],[-82.3453,36.0765],[-82.4167,36.0728],[-82.4607,36.0078],[-82.5054,35.9777],[-82.5497,35.9643],[-82.6109,35.9674],[-82.6151,36.0003],[-82.6018,36.036],[-82.6323,36.0657],[-82.6836,36.0461],[-82.7853,35.9879],[-82.7875,35.9522],[-82.826,35.9297],[-82.8526,35.9491],[-82.8927,35.9452],[-82.9133,35.9241],[-82.8963,35.8803],[-82.9206,35.8685],[-82.9166,35.8414],[-82.9455,35.8247],[-82.9641,35.79],[-82.9921,35.7739],[-83.0362,35.7874],[-83.0787,35.7895],[-83.1202,35.7662],[-83.1592,35.7649],[-83.1857,35.7299],[-83.2407,35.7268],[-83.2556,35.6961],[-83.3128,35.6548],[-83.335,35.6655],[-83.3669,35.6387],[-83.4323,35.6099],[-83.4458,35.6118],[-83.4983,35.563],[-83.5661,35.566],[-83.6019,35.5782],[-83.663,35.5691],[-83.7717,35.5621],[-83.8256,35.5238],[-83.8826,35.5172],[-83.9118,35.476],[-83.9611,35.4638]]]},"properties":{"district_code":"NC-11","state_code":"NC","state_name":"North Carolina","district_number":"11","label":"North Carolina — District 11"}},{"type":"Feature","geometry":{"type":"Polygon","coordinates":[[[-122.1114,37.5109],[-122.0555,37.4952],[-122.0599,37.4473],[-122.0353,37.4265],[-122.0569,37.3855],[-122.0693,37.33],[-122.0918,37.3007],[-122.0474,37.2937],[-121.9556,37.2978],[-121.9402,37.3174],[-121.9003,37.367],[-121.8651,37.3551],[-121.7825,37.405],[-121.7913,37.4284],[-121.8325,37.4383],[-121.8558,37.4845],[-121.88,37.5214],[-121.9119,37.5322],[-122.0147,37.5368],[-122.0385,37.5637],[-122.1114,37.5109]]]},"properties":{"district_code":"CA-17","state_code":"CA","state_name":"California","district_number":"17","label":"California — District 17"}},{"type":"Feature","geometry":{"type":"Polygon","coordinates":[[[-114.7196,32.7188],[-114.7644,32.6427],[-114.8094,32.6171],[-114.7933,32.562],[-114.8133,32.5245],[-114.8136,32.4943],[-114.2508,32.3239],[-113.7508,32.169],[-113.4932,32.0889],[-113.126,31.9728],[-112.8671,31.8955],[-112.6078,31.8158],[-112.2461,31.7042],[-111.7702,31.5545],[-111.3664,31.4261],[-111.0748,31.3322],[-110.7955,31.3336],[-110.4602,31.3328],[-110.0006,31.3331],[-109.487,31.334],[-109.4644,31.3871],[-109.4879,31.4455],[-109.5029,31.4654],[-109.6465,31.4661],[-109.6308,31.4373],[-109.8171,31.438],[-109.8245,31.5187],[-109.8519,31.5532],[-110.0534,31.5531],[-110.0532,31.4686],[-110.0035,31.4685],[-110.0046,31.4234],[-110.0376,31.4234],[-110.0375,31.3799],[-110.1111,31.38],[-110.1223,31.4091],[-110.2407,31.4091],[-110.2071,31.3799],[-110.2071,31.3518],[-110.2394,31.3488],[-110.2864,31.3676],[-110.3969,31.3762],[-110.4367,31.423],[-110.4579,31.4039],[-110.4609,31.4699],[-110.4608,31.6139],[-110.4522,31.6139],[-110.4523,31.7312],[-110.8558,31.7317],[-110.8558,31.7267],[-111.058,31.7262],[-111.0396,31.7582],[-111.0502,31.7698],[-111.0091,31.8528],[-111.0181,31.8814],[-110.9974,31.8996],[-110.9608,31.9028],[-110.9487,31.9395],[-110.9105,31.9576],[-110.8589,31.9631],[-110.858,32.1416],[-110.9095,32.1343],[-110.9093,32.1952],[-110.8103,32.1918],[-110.8295,32.221],[-110.9096,32.2216],[-110.9268,32.236],[-110.9267,32.2649],[-111.043,32.3154],[-111.1053,32.3087],[-111.1225,32.3159],[-111.1399,32.352],[-111.1389,32.3783],[-111.2338,32.3658],[-111.2511,32.3952],[-111.3042,32.3931],[-111.3043,32.4511],[-111.3385,32.4716],[-111.3516,32.5014],[-111.4657,32.5013],[-111.4655,32.6148],[-111.4995,32.6176],[-111.4996,32.6466],[-111.672,32.6461],[-111.672,32.6754],[-111.7146,32.69],[-111.7228,32.7629],[-111.7574,32.8279],[-111.8259,32.8279],[-111.8434,32.8721],[-111.8776,32.8722],[-111.9469,32.8794],[-112.032,32.8793],[-112.0319,32.8502],[-112.0665,32.8504],[-112.0493,32.8793],[-112.048,32.9856],[-112.1327,32.9855],[-112.1345,32.971],[-112.1968,32.9784],[-112.203,32.9928],[-112.2021,33.2469],[-112.3062,33.2469],[-112.3061,33.3806],[-112.2725,33.3813],[-112.2724,33.4356],[-112.221,33.4371],[-112.2382,33.4653],[-112.2724,33.4647],[-112.2724,33.4938],[-112.3127,33.4933],[-112.3409,33.4934],[-112.3411,33.4499],[-112.3579,33.4247],[-112.3579,33.1887],[-112.4612,33.1888],[-112.461,33.2179],[-112.496,33.2179],[-112.4959,33.131],[-112.634,33.1309],[-112.634,33.1159],[-112.8283,33.1165],[-112.8284,33.2035],[-113.0266,33.2044],[-113.1465,33.0969],[-113.1959,33.0879],[-113.3338,33.0235],[-113.3337,32.7679],[-113.6169,32.767],[-113.7213,32.7274],[-113.7473,32.7257],[-113.7471,32.6943],[-113.8154,32.694],[-113.8154,32.6792],[-113.8844,32.6791],[-113.884,32.6649],[-113.9703,32.6644],[-113.9701,32.6498],[-114.0221,32.6497],[-114.0389,32.6348],[-114.0906,32.6347],[-114.1162,32.6198],[-114.358,32.6198],[-114.3583,32.6269],[-114.5422,32.6264],[-114.5628,32.5817],[-114.5629,32.553],[-114.632,32.5528],[-114.6327,32.6258],[-114.6842,32.6256],[-114.6674,32.6693],[-114.5988,32.6801],[-114.6085,32.7172],[-114.5516,32.7203],[-114.5274,32.7604],[-114.5818,32.7349],[-114.6184,32.7282],[-114.6888,32.7377],[-114.7196,32.7188]]]},"properties":{"district_code":"AZ-07","state_code":"AZ","state_name":"Arizona","district_number":"07","label":"Arizona — District 7"}},{"type":"Feature","geometry":{"type":"Polygon","coordinates":[[[-75.5594,39.6298],[-75.5562,39.6064],[-75.5115,39.5772],[-75.534,39.5407],[-75.5278,39.4981],[-75.5364,39.4606],[-75.4652,39.4389],[-75.4424,39.4023],[-75.3944,39.3728],[-75.3902,39.3588],[-75.3337,39.3453],[-75.3152,39.3106],[-75.2517,39.3003],[-75.2416,39.2741],[-75.2059,39.2626],[-75.1719,39.2378],[-75.1674,39.2033],[-75.1425,39.1867],[-75.1186,39.2122],[-75.0264,39.2132],[-75.0262,39.1936],[-74.9632,39.192],[-74.8999,39.1733],[-74.8872,39.1588],[-74.9037,39.0874],[-74.9554,39.0013],[-74.972,38.9404],[-74.9336,38.9285],[-74.8507,38.9545],[-74.7872,39.001],[-74.7712,39.0325],[-74.7059,39.1029],[-74.7141,39.1146],[-74.6714,39.1798],[-74.6193,39.2404],[-74.554,39.2859],[-74.5526,39.3001],[-74.4599,39.345],[-74.4236,39.3554],[-74.334,39.4351],[-74.3131,39.4737],[-74.3232,39.5084],[-74.2895,39.5093],[-74.2406,39.5558],[-74.142,39.6898],[-74.0991,39.7568],[-74.0768,39.9127],[-74.0969,39.9415],[-74.1539,39.9216],[-74.1738,39.9016],[-74.1737,39.8711],[-74.0875,39.8752],[-74.1029,39.7964],[-74.1705,39.8112],[-74.2503,39.7982],[-74.3314,39.8289],[-74.4169,39.8227],[-74.3897,39.7733],[-74.3904,39.5962],[-74.4008,39.5722],[-74.4757,39.5515],[-74.5286,39.57],[-74.5543,39.5985],[-74.5757,39.5984],[-74.6115,39.623],[-74.6592,39.6311],[-74.6583,39.6568],[-74.6761,39.6916],[-74.7362,39.7298],[-74.9119,39.5785],[-75.0535,39.6775],[-75.1076,39.6799],[-75.1395,39.715],[-75.2092,39.7564],[-75.2256,39.7833],[-75.2671,39.8079],[-75.2454,39.8387],[-75.2568,39.852],[-75.3304,39.849],[-75.4151,39.8019],[-75.4594,39.7658],[-75.4789,39.7138],[-75.5072,39.697],[-75.5146,39.6686],[-75.5594,39.6298]]]},"properties":{"district_code":"NJ-02","state_code":"NJ","state_name":"New Jersey","district_number":"02","label":"New Jersey — District 2"}},{"type":"Feature","geometry":{"type":"MultiPolygon","coordinates":[[[[-70.989,43.7922],[-70.9727,43.5703],[-70.9508,43.551],[-70.9696,43.4862],[-70.9611,43.4383],[-70.9868,43.4143],[-70.9843,43.3761],[-70.9672,43.3438],[-70.9164,43.3203],[-70.8817,43.2725],[-70.8179,43.2379],[-70.8268,43.1271],[-70.7381,43.0738],[-70.7038,43.0598],[-70.6731,43.0703],[-70.6345,43.1203],[-70.619,43.1636],[-70.5758,43.2219],[-70.5939,43.2493],[-70.5628,43.3106],[-70.5177,43.344],[-70.4725,43.3427],[-70.4163,43.3611],[-70.4277,43.3893],[-70.3809,43.4114],[-70.362,43.4391],[-70.3829,43.4697],[-70.3849,43.496],[-70.3612,43.5292],[-70.3142,43.5353],[-70.2725,43.5626],[-70.2443,43.5518],[-70.1969,43.5651],[-70.2175,43.5971],[-70.2075,43.6235],[-70.241,43.6591],[-70.2514,43.6852],[-70.1938,43.7416],[-70.1869,43.7734],[-70.1533,43.7756],[-70.1362,43.795],[-70.0441,43.835],[-70.0192,43.8587],[-69.9541,43.8477],[-69.9937,43.8091],[-70.0193,43.7674],[-69.9946,43.7435],[-69.9319,43.7837],[-69.9018,43.7716],[-69.8734,43.7784],[-69.8335,43.7178],[-69.7541,43.7439],[-69.741,43.7693],[-69.6859,43.8101],[-69.6533,43.791],[-69.6498,43.8363],[-69.6131,43.8375],[-69.6046,43.858],[-69.5517,43.8346],[-69.5254,43.8771],[-69.5033,43.8377],[-69.4625,43.898],[-69.4377,43.9758],[-69.3624,43.9939],[-69.2675,43.9437],[-69.2739,43.9142],[-69.2037,43.9418],[-69.1772,43.9856],[-69.1353,43.997],[-69.1281,44.0173],[-69.0533,44.0773],[-69.0982,44.0831],[-69.0819,44.1155],[-69.081,44.1568],[-69.0571,44.1829],[-69.0284,44.249],[-69.0431,44.2596],[-69.1216,44.2556],[-69.2689,44.3647],[-69.3466,44.3083],[-69.3944,44.3429],[-69.4096,44.328],[-69.5064,44.3429],[-69.4455,44.4638],[-69.396,44.4571],[-69.3724,44.5446],[-69.4168,44.5511],[-69.3931,44.6404],[-69.4606,44.6471],[-69.4756,44.6767],[-69.4675,44.708],[-69.4834,44.7203],[-69.6331,44.7004],[-69.6287,44.6724],[-69.5791,44.627],[-69.6057,44.5773],[-69.6655,44.5864],[-69.6704,44.5569],[-69.7184,44.5134],[-69.6766,44.5005],[-69.7016,44.4269],[-69.729,44.3778],[-69.6257,44.3618],[-69.6654,44.2276],[-69.7236,44.2368],[-69.7543,44.2279],[-69.7522,44.1841],[-69.7636,44.1532],[-69.855,44.1679],[-69.8061,44.2065],[-69.8,44.2425],[-69.9232,44.2709],[-69.9374,44.2677],[-69.9684,44.1762],[-69.9938,44.1806],[-70.0185,44.1579],[-70.0055,44.1245],[-70.0272,44.0434],[-70.0507,43.9941],[-70.0342,43.9757],[-70.0808,43.9265],[-70.1159,43.9067],[-70.2003,43.952],[-70.3154,44.0378],[-70.3639,43.9864],[-70.402,43.9901],[-70.509,44.0415],[-70.5441,44.0056],[-70.5947,44.0312],[-70.6126,44.0628],[-70.6062,44.1013],[-70.5873,44.1225],[-70.6243,44.171],[-70.6995,44.1392],[-70.8218,44.0771],[-70.8481,44.0495],[-70.7926,44.0398],[-70.7154,43.9618],[-70.7475,43.9459],[-70.7298,43.9283],[-70.7579,43.9069],[-70.7545,43.8885],[-70.8016,43.8561],[-70.7816,43.8236],[-70.7993,43.8078],[-70.8807,43.8109],[-70.9271,43.7903],[-70.989,43.7922]]],[[[-68.6711,44.0759],[-68.6507,44.0651],[-68.661,44.0171],[-68.6278,44.0216],[-68.6011,44.0453],[-68.6013,44.0863],[-68.6711,44.0759]]],[[[-68.9118,44.0964],[-68.8798,44.0751],[-68.87,44.0317],[-68.8147,44.0324],[-68.7721,44.0789],[-68.8061,44.1168],[-68.8612,44.1115],[-68.8874,44.1255],[-68.9118,44.0964]]],[[[-68.9443,44.1127],[-68.8296,44.1507],[-68.8461,44.1844],[-68.9159,44.149],[-68.9443,44.1127]]]]},"properties":{"district_code":"ME-01","state_code":"ME","state_name":"Maine","district_number":"01","label":"Maine — District 1"}},{"type":"Feature","geometry":{"type":"MultiPolygon","coordinates":[[[[-119.5773,33.2786],[-119.5751,33.2581],[-119.5462,33.2326],[-119.4703,33.2147],[-119.4348,33.2314],[-119.4606,33.2567],[-119.5288,33.2854],[-119.5773,33.2786]]],[[[-119.9299,34.0597],[-119.8763,34.0321],[-119.887,34.0086],[-119.8734,33.9804],[-119.8182,33.9599],[-119.7147,33.9614],[-119.6628,33.9859],[-119.5902,33.9897],[-119.5471,34.0055],[-119.5296,34.0412],[-119.5623,34.0553],[-119.595,34.0495],[-119.6193,34.0165],[-119.6865,34.0198],[-119.7126,34.0433],[-119.7594,34.0588],[-119.8187,34.053],[-119.8573,34.0713],[-119.9192,34.0773],[-119.9299,34.0597]]],[[[-120.2495,34.0025],[-120.2221,33.9876],[-120.179,33.928],[-120.1218,33.8957],[-120.0497,33.9146],[-120.001,33.9416],[-119.9737,33.9425],[-119.979,33.9812],[-120.0038,33.9795],[-120.0466,34],[-120.0736,34.0245],[-120.1359,34.0261],[-120.1673,34.0082],[-120.2213,34.0104],[-120.2495,34.0025]]],[[[-120.4501,34.0342],[-120.4094,34.0322],[-120.3579,34.015],[-120.3171,34.0188],[-120.3312,34.0491],[-120.3623,34.0731],[-120.3909,34.052],[-120.4153,34.055],[-120.4501,34.0342]]],[[[-120.0652,35.513],[-120.057,35.4853],[-120.0908,35.4616],[-120.126,35.4636],[-120.1514,35.4399],[-120.2134,35.4838],[-120.2523,35.4892],[-120.2713,35.4671],[-120.3446,35.4843],[-120.3821,35.4708],[-120.4288,35.4829],[-120.4718,35.4529],[-120.56,35.4472],[-120.5951,35.4539],[-120.6415,35.4397],[-120.6541,35.455],[-120.7192,35.4467],[-120.7397,35.474],[-120.7707,35.4822],[-120.8159,35.5113],[-120.8928,35.5224],[-120.9124,35.4863],[-120.9068,35.4534],[-120.9262,35.4494],[-120.9842,35.4603],[-120.9507,35.448],[-120.9079,35.4491],[-120.8692,35.4033],[-120.8621,35.347],[-120.8968,35.2479],[-120.856,35.2065],[-120.7861,35.1777],[-120.6989,35.1712],[-120.6461,35.1439],[-120.6306,35.1039],[-120.6299,35.0615],[-120.64,35.003],[-120.6691,34.9016],[-120.6163,34.8667],[-120.6099,34.8428],[-120.635,34.767],[-120.6263,34.7381],[-120.6004,34.7046],[-120.6448,34.577],[-120.6226,34.554],[-120.5813,34.557],[-120.5114,34.523],[-120.4804,34.4811],[-120.4714,34.4478],[-120.3414,34.4588],[-120.283,34.4684],[-120.1184,34.4699],[-120.0886,34.4602],[-120.0081,34.4604],[-119.9555,34.4354],[-119.9285,34.4355],[-119.8783,34.4073],[-119.7936,34.4183],[-119.7294,34.3959],[-119.6719,34.4161],[-119.6169,34.421],[-119.564,34.4153],[-119.5369,34.3959],[-119.461,34.3741],[-119.3904,34.3182],[-119.3704,34.3195],[-119.3375,34.2906],[-119.2786,34.2669],[-119.2661,34.2361],[-119.2499,34.2589],[-119.2123,34.2369],[-119.1485,34.2822],[-119.1459,34.3137],[-119.1733,34.3659],[-119.1925,34.3724],[-119.2157,34.3402],[-119.2567,34.3214],[-119.293,34.3177],[-119.2866,34.3728],[-119.2432,34.3957],[-119.2317,34.466],[-119.2661,34.476],[-119.3445,34.4388],[-119.3702,34.4172],[-119.3775,34.3918],[-119.4514,34.3981],[-119.4422,34.4559],[-119.4437,34.9012],[-119.4725,34.9014],[-119.4726,35.0767],[-119.4904,35.0916],[-119.5618,35.0878],[-119.5538,35.1801],[-119.6673,35.175],[-119.6666,35.2626],[-119.8094,35.2637],[-119.8092,35.3454],[-119.8804,35.3511],[-119.88,35.4391],[-119.9931,35.4395],[-119.9974,35.4687],[-120.0329,35.4835],[-120.0652,35.513]]]]},"properties":{"district_code":"CA-24","state_code":"CA","state_name":"California","district_number":"24","label":"California — District 24"}}]}